id,idempotencyKey,status,createdAt,updatedAt
cc893c2d-1505-4d3b-8118-baf78a5f947a,lead-status:e448cfdc-3b90-4d16-92c0-68d522282946:0c96a57e-6cc1-400f-bf3a-5740b699ac21:1981008,completed,2026-07-20 19:05:50.312+00,2026-07-20 19:05:50.508+00
2dc063a2-7af0-416b-a72e-1165b5ab2f63,meeting-reminder-30m:aaae0ca8-7037-4dcf-a091-ad50a767fedd:0c96a57e-6cc1-400f-bf3a-5740b699ac21,completed,2026-07-20 19:05:50.576+00,2026-07-20 19:05:50.665+00
354f22f9-0201-4386-bfb4-5ea03becf5b8,lead-status:e954711e-3d88-4651-a207-06faad619e0b:0c96a57e-6cc1-400f-bf3a-5740b699ac21:1981009,completed,2026-07-20 19:05:50.713+00,2026-07-20 19:05:50.787+00
5223795b-eb51-47c2-8380-b8cef6aeee43,meeting-reminder-5m:aaae0ca8-7037-4dcf-a091-ad50a767fedd:0c96a57e-6cc1-400f-bf3a-5740b699ac21,completed,2026-07-20 19:05:50.832+00,2026-07-20 19:05:50.906+00
5ec63b77-411a-4df7-807f-74962bfac83a,meeting-reminder-30m:c463d54d-34fa-43e9-8b48-b2d03f4c345e:0c96a57e-6cc1-400f-bf3a-5740b699ac21,completed,2026-07-20 19:05:50.951+00,2026-07-20 19:05:51.022+00
bf91422b-28e9-43b8-a025-adef362bbf61,meeting-reminder-30m:97a0e1d8-bd4b-4731-b828-d0074a7b0809:0c96a57e-6cc1-400f-bf3a-5740b699ac21,completed,2026-07-20 19:05:51.068+00,2026-07-20 19:05:51.142+00
3c6550a3-a55b-43d1-b686-c8a479fb18a5,lead-assigned:b7ef3185-e18e-493e-ba20-1a158a9bb469:c7bf5dd7-bb6b-4135-845a-74e9481616c3,completed,2026-07-20 19:05:51.185+00,2026-07-20 19:05:51.274+00
12478acd-09aa-4d5c-ae9e-8f6715d1f1b3,lead-status:59f4c651-6d06-445f-9e79-121c7fd14dd3:0c96a57e-6cc1-400f-bf3a-5740b699ac21:1981012,completed,2026-07-20 19:05:51.321+00,2026-07-20 19:05:51.394+00
7a373441-df02-4cc2-8e19-a2500eeb3988,lead-status:93614566-b66b-4b5f-8a77-5dd7271b5d66:0c96a57e-6cc1-400f-bf3a-5740b699ac21:1981012,completed,2026-07-20 19:05:51.447+00,2026-07-20 19:05:51.518+00
f4a96173-99d7-4c75-8701-48546afdd712,lead-status:b7ef3185-e18e-493e-ba20-1a158a9bb469:0c96a57e-6cc1-400f-bf3a-5740b699ac21:1981012,completed,2026-07-20 19:05:51.564+00,2026-07-20 19:05:51.635+00
7c03e049-5b09-4ca1-ba2c-1819bbaef8cc,lead-status:b7ef3185-e18e-493e-ba20-1a158a9bb469:c7bf5dd7-bb6b-4135-845a-74e9481616c3:1981012,completed,2026-07-20 19:05:51.681+00,2026-07-20 19:05:51.75+00
1888e9a2-a754-442c-b907-18dfd53e1232,meeting-reminder-5m:c463d54d-34fa-43e9-8b48-b2d03f4c345e:0c96a57e-6cc1-400f-bf3a-5740b699ac21,completed,2026-07-20 19:05:51.794+00,2026-07-20 19:05:51.864+00
dcac9d7c-b195-4dfa-98ec-db3bab740ce8,meeting-reminder-5m:97a0e1d8-bd4b-4731-b828-d0074a7b0809:0c96a57e-6cc1-400f-bf3a-5740b699ac21,completed,2026-07-20 19:05:51.912+00,2026-07-20 19:05:51.989+00
6cff3628-4557-4bd6-92f5-5908d41721c5,meeting-reminder-30m:cde2451d-231c-45eb-a575-ea7292857abd:0c96a57e-6cc1-400f-bf3a-5740b699ac21,completed,2026-07-20 19:05:52.104+00,2026-07-20 19:05:52.175+00
0668e671-9180-4196-aa14-2452f4a66f06,lead-status:e02bd93a-c3a3-49bd-8327-c49c0b6874d2:0c96a57e-6cc1-400f-bf3a-5740b699ac21:1981014,completed,2026-07-20 19:05:52.27+00,2026-07-20 19:05:52.356+00
ccaab4c1-3dd8-4d17-a4ce-d482281b4384,meeting-reminder-5m:cde2451d-231c-45eb-a575-ea7292857abd:0c96a57e-6cc1-400f-bf3a-5740b699ac21,completed,2026-07-20 19:05:52.401+00,2026-07-20 19:05:52.474+00
fee0be8b-9483-4915-a7f4-091c511a87a1,lead-assigned:40f7ffaa-eb6a-4846-8fb1-d3e9de2d8e8b:1342b17d-f465-4fa8-a88f-2d4c62282bdc,completed,2026-07-20 19:05:52.516+00,2026-07-20 19:05:52.596+00
b2e91ae3-aa00-41da-bab3-69676a9c3477,lead-status:04be6bb3-6377-4784-99d7-a1692394e637:0c96a57e-6cc1-400f-bf3a-5740b699ac21:1981015,completed,2026-07-20 19:05:52.639+00,2026-07-20 19:05:52.74+00
4e87cffb-c69f-4d92-ac65-67f6248e3494,lead-status:40f7ffaa-eb6a-4846-8fb1-d3e9de2d8e8b:0c96a57e-6cc1-400f-bf3a-5740b699ac21:1981015,completed,2026-07-20 19:05:52.822+00,2026-07-20 19:05:52.907+00
1487e62d-6946-487d-950e-ec54b3ab56f6,lead-status:40f7ffaa-eb6a-4846-8fb1-d3e9de2d8e8b:1342b17d-f465-4fa8-a88f-2d4c62282bdc:1981015,completed,2026-07-20 19:05:52.954+00,2026-07-20 19:05:53.059+00
790dc93f-7940-4aae-b864-1f72130646a0,lead-status:8a06b774-ad5f-433f-bd19-f3a54e2705ac:0c96a57e-6cc1-400f-bf3a-5740b699ac21:1981015,completed,2026-07-20 19:05:53.165+00,2026-07-20 19:05:53.238+00
cf69f8de-f24e-4912-a72b-0aaeb715d779,lead-status:e74c223f-bb5b-458b-969a-a42ea48e961c:0c96a57e-6cc1-400f-bf3a-5740b699ac21:1981015,completed,2026-07-20 19:05:53.29+00,2026-07-20 19:05:53.361+00
7a32c7f3-4af9-4058-984d-594d408c6aca,lead-status:24408ee4-6ec9-4a35-b5be-488e4911a5e0:0c96a57e-6cc1-400f-bf3a-5740b699ac21:1981017,completed,2026-07-20 19:05:53.403+00,2026-07-20 19:05:53.472+00
5f843573-a95e-4d65-943c-eeafe1d16642,lead-status:6ab8da8b-d815-47d4-9fb8-9d098abffbf6:0c96a57e-6cc1-400f-bf3a-5740b699ac21:1981017,completed,2026-07-20 19:05:53.524+00,2026-07-20 19:05:53.593+00
1f769249-1d81-48be-aceb-93db7f8b0dd5,lead-status:89b5bf59-e262-405c-99d7-46ddd6599d90:0c96a57e-6cc1-400f-bf3a-5740b699ac21:1981017,completed,2026-07-20 19:05:53.638+00,2026-07-20 19:05:53.709+00
f1846b58-22b4-420c-9f92-f9f1c0b8cae0,lead-status:e6293e7b-d161-4651-a053-45e4a7228d66:0c96a57e-6cc1-400f-bf3a-5740b699ac21:1981017,completed,2026-07-20 19:05:53.754+00,2026-07-20 19:05:53.826+00
60c5db0d-51ee-46f1-acdf-8d50fae8ca1b,lead-status:f35e408b-d94b-4639-aa1d-06316b5a0468:0c96a57e-6cc1-400f-bf3a-5740b699ac21:1981017,completed,2026-07-20 19:05:53.869+00,2026-07-20 19:05:53.943+00
476963ad-586f-46e0-87bd-7b222e942e2c,lead-status:990edec5-a118-44da-9bda-ee9a8d3c1c59:0c96a57e-6cc1-400f-bf3a-5740b699ac21:1981018,completed,2026-07-20 19:05:53.99+00,2026-07-20 19:05:54.06+00
069d167e-1613-4ee1-8bfc-2789c21e25a4,lead-status:84e709c4-0e1b-4ec7-80b7-850966e1e589:0c96a57e-6cc1-400f-bf3a-5740b699ac21:1981020,completed,2026-07-20 19:05:54.104+00,2026-07-20 19:05:54.178+00
868585f7-6a4c-4263-8e95-0fdfe122e029,lead-status:4fb6599f-f943-4df5-811b-9514f0936f4b:0c96a57e-6cc1-400f-bf3a-5740b699ac21:1981021,completed,2026-07-20 19:05:54.22+00,2026-07-20 19:05:54.289+00
6655a8b1-0b76-41a6-9e62-349417127332,lead-status:433cbb79-acae-42e1-81e2-23bb856d6aac:0c96a57e-6cc1-400f-bf3a-5740b699ac21:1981023,completed,2026-07-20 19:05:54.335+00,2026-07-20 19:05:54.408+00
42cf1084-ea18-42c5-a2a3-23c02ab298b4,lead-status:ceaceee3-01a1-4b68-bf82-9ba95af24114:0c96a57e-6cc1-400f-bf3a-5740b699ac21:1981023,completed,2026-07-20 19:05:54.45+00,2026-07-20 19:05:54.519+00
2d4819a7-454d-4c04-9555-f63b0fed0a59,lead-status:d34caa3c-cf96-4576-a922-626c574258fe:0c96a57e-6cc1-400f-bf3a-5740b699ac21:1981024,completed,2026-07-20 19:05:54.563+00,2026-07-20 19:05:54.635+00
0898b90f-d3df-4a6f-bfb7-53418fd53f9b,lead-status:ea061821-b78b-48a7-b4cb-1306a5c56dd2:0c96a57e-6cc1-400f-bf3a-5740b699ac21:1981024,completed,2026-07-20 19:05:54.681+00,2026-07-20 19:05:54.75+00
6f46f30e-06dd-4af8-aa62-fce1846c1da3,lead-status:92e6223a-46ec-4b1e-b366-8ae43b5c7729:0c96a57e-6cc1-400f-bf3a-5740b699ac21:1981027,completed,2026-07-20 19:05:54.793+00,2026-07-20 19:05:54.862+00
0bb02fce-2aa9-4f84-99c8-7fbb314ea598,lead-status:aa80c3e1-dbde-4de5-90b7-f42476e00139:0c96a57e-6cc1-400f-bf3a-5740b699ac21:1981028,completed,2026-07-20 19:05:54.904+00,2026-07-20 19:05:54.971+00
bbb48548-d960-430c-8778-1b746cac76ca,lead-status:d2558546-eff7-4a2a-937d-60b379eed880:0c96a57e-6cc1-400f-bf3a-5740b699ac21:1981028,completed,2026-07-20 19:05:55.015+00,2026-07-20 19:05:55.092+00
830f0050-6c6c-4653-85a5-a2c33e2e1f02,meeting-reminder-30m:a94f8e61-4027-4525-8156-9f8006f99557:0c96a57e-6cc1-400f-bf3a-5740b699ac21,completed,2026-07-20 19:05:55.137+00,2026-07-20 19:05:55.209+00
4b2e6c99-d93a-474e-82b3-682787d4833a,meeting-reminder-30m:14e3e349-9473-453d-8ecd-46b094f9a853:0c96a57e-6cc1-400f-bf3a-5740b699ac21,completed,2026-07-20 19:05:55.252+00,2026-07-20 19:05:55.322+00
1565712c-6866-43c9-b884-df55803b74fb,lead-status:d2558546-eff7-4a2a-937d-60b379eed880:0c96a57e-6cc1-400f-bf3a-5740b699ac21:1981029,completed,2026-07-20 19:05:55.365+00,2026-07-20 19:05:55.434+00
e0e73615-6714-4973-bf4e-fb30e1cbb350,lead-status:0ff2487a-04f3-4ddd-a2bb-d49461adec92:0c96a57e-6cc1-400f-bf3a-5740b699ac21:1981030,completed,2026-07-20 19:05:55.477+00,2026-07-20 19:05:55.545+00
cb01befa-82ff-4550-b8d2-0b2c08acff5e,lead-status:6b9ac704-b086-48a6-9f78-20d045f05375:0c96a57e-6cc1-400f-bf3a-5740b699ac21:1981030,completed,2026-07-20 19:05:55.592+00,2026-07-20 19:05:55.661+00
f22bcf36-23da-4b78-8946-e13e8b5320fd,lead-status:bec1e847-2fb2-4817-8ae5-74e917a868eb:0c96a57e-6cc1-400f-bf3a-5740b699ac21:1981030,completed,2026-07-20 19:05:55.705+00,2026-07-20 19:05:55.776+00
b8fc30ef-997e-4abf-a867-b0c545e3542e,meeting-reminder-5m:a94f8e61-4027-4525-8156-9f8006f99557:0c96a57e-6cc1-400f-bf3a-5740b699ac21,completed,2026-07-20 19:05:55.824+00,2026-07-20 19:05:55.92+00
00e1bd7a-c1a2-44fc-aa9f-20de2faed231,meeting-reminder-5m:14e3e349-9473-453d-8ecd-46b094f9a853:0c96a57e-6cc1-400f-bf3a-5740b699ac21,completed,2026-07-20 19:05:55.965+00,2026-07-20 19:05:56.036+00
dd6d2b6c-0ea9-4fbd-8d1a-c83eb2ddd23a,lead-status:a1070bb7-37e0-4cd4-8a27-c31525e0426e:0c96a57e-6cc1-400f-bf3a-5740b699ac21:1981031,completed,2026-07-20 19:05:56.081+00,2026-07-20 19:05:56.149+00
33ed66bb-1c03-4c80-82fe-c82559b92080,meeting-reminder-30m:62b242c4-c768-4e12-9924-2388d6784740:0c96a57e-6cc1-400f-bf3a-5740b699ac21,completed,2026-07-20 19:05:56.191+00,2026-07-20 19:05:56.262+00
122627ba-924e-4e24-a784-a982d1997167,meeting-reminder-30m:df588cbf-f927-469a-9947-e5ab61fd5ef9:0c96a57e-6cc1-400f-bf3a-5740b699ac21,completed,2026-07-20 20:30:44.427+00,2026-07-20 20:30:44.603+00
b0edf238-f1c9-4083-a001-b87abc6784bc,meeting-reminder-5m:62b242c4-c768-4e12-9924-2388d6784740:0c96a57e-6cc1-400f-bf3a-5740b699ac21,completed,2026-07-20 19:05:56.305+00,2026-07-20 19:05:56.38+00
5b53e70c-1870-425a-ad07-62487b06825e,meeting-reminder-5m:4d1f0ab1-468c-413b-82e3-ec2f2cd420d8:df71451b-bcd2-4602-9b7b-230b32f08b65,completed,2026-07-23 19:30:42.453+00,2026-07-23 19:30:42.585+00
6d1e3c0a-9c2d-4909-ad70-2b36ee412718,meeting-reminder-30m:b8a966f8-be59-4a3c-bb32-024953ea9a0d:0c96a57e-6cc1-400f-bf3a-5740b699ac21,completed,2026-07-20 19:05:56.424+00,2026-07-20 19:05:56.499+00
e06863ca-9aa7-4837-9395-a59ad9af6305,meeting-reminder-5m:df588cbf-f927-469a-9947-e5ab61fd5ef9:0c96a57e-6cc1-400f-bf3a-5740b699ac21,completed,2026-07-20 20:55:44.5+00,2026-07-20 20:55:44.793+00
b578c936-8d44-4142-974f-3cddfda75f86,meeting-reminder-30m:b8a966f8-be59-4a3c-bb32-024953ea9a0d:c7bf5dd7-bb6b-4135-845a-74e9481616c3,completed,2026-07-20 19:05:56.542+00,2026-07-20 19:05:56.609+00
a0564351-d05e-4630-aec0-781d7f6d514d,lead-status:07aced98-8943-41a2-af3e-6e5fd88393ff:0c96a57e-6cc1-400f-bf3a-5740b699ac21:1981038,completed,2026-07-20 19:10:45.114+00,2026-07-20 19:10:45.276+00
a3e31693-b2cc-4e64-bb58-892edc2f6734,meeting-reminder-30m:167a9c6e-0c35-4379-8ed4-c5580fa752aa:0c96a57e-6cc1-400f-bf3a-5740b699ac21,completed,2026-07-21 10:35:44.488+00,2026-07-21 10:35:45.12+00
775dd5cd-a022-455f-9326-b383c0f4d387,meeting-reminder-5m:b8a966f8-be59-4a3c-bb32-024953ea9a0d:0c96a57e-6cc1-400f-bf3a-5740b699ac21,completed,2026-07-20 19:10:45.33+00,2026-07-20 19:10:45.401+00
8b73a55c-a4ee-4595-8e87-04795c9fc03e,meeting-reminder-5m:b8a966f8-be59-4a3c-bb32-024953ea9a0d:c7bf5dd7-bb6b-4135-845a-74e9481616c3,completed,2026-07-20 19:10:45.46+00,2026-07-20 19:10:45.538+00
f8ebb6c4-578c-4b85-82dc-853c47a26f32,meeting-reminder-5m:167a9c6e-0c35-4379-8ed4-c5580fa752aa:0c96a57e-6cc1-400f-bf3a-5740b699ac21,completed,2026-07-21 11:01:42.325+00,2026-07-21 11:01:42.621+00
b44830eb-bdbf-4850-808f-410c466a7def,lead-status:1244089b-769d-4b85-bd5e-98ab287af2b0:0c96a57e-6cc1-400f-bf3a-5740b699ac21:1981041,completed,2026-07-20 19:10:45.619+00,2026-07-20 19:10:45.685+00
7f5efcc0-dcaa-40db-b972-4ce19961174f,lead-status:1b06dbf5-20ee-4a7f-ac49-ef8e6c61edbe:0c96a57e-6cc1-400f-bf3a-5740b699ac21:1981046,completed,2026-07-20 19:10:45.728+00,2026-07-20 19:10:45.794+00
46c9f8d6-afb1-450c-bc34-3404dafbef74,meeting-reminder-5m:187721db-8f5d-4f19-a9fa-03455f26a52b:0c96a57e-6cc1-400f-bf3a-5740b699ac21,completed,2026-07-21 13:30:44.429+00,2026-07-21 13:30:44.958+00
e64808af-9659-4e48-b45c-5d9277896eb1,lead-status:c69ff001-0189-4b35-b00b-dc91d5786248:0c96a57e-6cc1-400f-bf3a-5740b699ac21:1981046,completed,2026-07-20 19:10:45.831+00,2026-07-20 19:10:45.9+00
4f24abfb-5c48-465e-884f-f29697c31c15,lead-status:c2ef8df5-02ef-4a86-ad1a-70b736bc5f75:0c96a57e-6cc1-400f-bf3a-5740b699ac21:1981048,completed,2026-07-20 19:10:45.978+00,2026-07-20 19:10:46.048+00
cb659d43-4d71-4d09-bf48-51c828bedb31,meeting-reminder-5m:76e0dc4f-72fa-4149-8ca7-72cbda722afa:deb4b717-b1e3-4989-ada1-2baf4643e314,completed,2026-07-21 13:55:40.405+00,2026-07-21 13:55:40.843+00
237954ed-e7ee-456f-b61a-3903c5905627,lead-status:33c4880e-7982-45b3-a260-f690d0545d58:0c96a57e-6cc1-400f-bf3a-5740b699ac21:1981059,completed,2026-07-20 19:10:46.085+00,2026-07-20 19:10:46.144+00
6c58dbcc-3a1b-462d-bdf7-f89f391cd400,lead-status:92e6223a-46ec-4b1e-b366-8ae43b5c7729:0c96a57e-6cc1-400f-bf3a-5740b699ac21:1981059,completed,2026-07-20 19:10:46.189+00,2026-07-20 19:10:46.255+00
7ff60b3d-74fa-4257-b7c0-73b4e4938ea5,meeting-reminder-5m:76e0dc4f-72fa-4149-8ca7-72cbda722afa:df71451b-bcd2-4602-9b7b-230b32f08b65,completed,2026-07-21 13:55:40.901+00,2026-07-21 13:55:40.988+00
634cbe3d-3809-49ca-8366-2d2470dc7a99,task-overdue:2726e2df-39b3-475f-923c-a505c6be5107:0c96a57e-6cc1-400f-bf3a-5740b699ac21,completed,2026-07-20 19:10:46.295+00,2026-07-20 19:10:46.358+00
ee009b2f-7c2b-4924-b72a-5b892a423ebc,task-overdue:801c385f-612f-444a-90ad-b782ffa22e59:8474aaf6-e7d1-4165-9bef-bf76bc701038,completed,2026-07-20 19:10:46.397+00,2026-07-20 19:10:46.458+00
a24d7b13-4aba-4e84-8148-1cb8d028acec,meeting-reminder-5m:6f9caf42-2ef0-4d0c-af85-9a0c67eaea0b:df71451b-bcd2-4602-9b7b-230b32f08b65,completed,2026-07-21 13:55:41.031+00,2026-07-21 13:55:41.11+00
92422913-065b-4ec2-8074-63af892898eb,task-overdue:86bc2e37-9d72-4768-b41f-ca4b6abb257c:8474aaf6-e7d1-4165-9bef-bf76bc701038,completed,2026-07-20 19:10:46.497+00,2026-07-20 19:10:46.559+00
d02d9c5e-0d7e-4b0b-a683-4c69bad6d66d,task-overdue:547c8175-20c4-4479-b480-a40e886d9d5b:c691c0dd-076e-41fd-984b-ea622fcff1c9,completed,2026-07-20 19:10:46.595+00,2026-07-20 19:10:46.656+00
8823093e-8731-43a2-8993-9ce5a0a0d30e,meeting-reminder-5m:6f9caf42-2ef0-4d0c-af85-9a0c67eaea0b:ea9a61b8-1405-46fd-b640-6e2a9d4db8cb,completed,2026-07-21 13:55:41.15+00,2026-07-21 13:55:41.222+00
1d9f630d-c18b-495a-8aca-23d51fcda6af,task-overdue:d4b94629-1c52-41af-9941-f311f7a9daa0:8474aaf6-e7d1-4165-9bef-bf76bc701038,completed,2026-07-20 19:10:46.692+00,2026-07-20 19:10:46.748+00
711288cb-5077-47dd-93c2-15d192e52da7,task-overdue:c16c88f0-0ee6-4389-ae3a-a589c925362d:0c96a57e-6cc1-400f-bf3a-5740b699ac21,completed,2026-07-20 19:10:46.783+00,2026-07-20 19:10:46.843+00
37e0afe2-4a3a-430a-84d6-adc69dc3dd9f,meeting-reminder-5m:89790197-e782-4927-b069-1977f7281d02:0c96a57e-6cc1-400f-bf3a-5740b699ac21,completed,2026-07-21 15:30:10.675+00,2026-07-21 15:30:11.027+00
f16f4ab0-d391-4102-94b5-c01b38b9985a,task-overdue:18d7d1b1-55d3-4ba0-bd33-c8d15a2c0738:8474aaf6-e7d1-4165-9bef-bf76bc701038,completed,2026-07-20 19:10:46.879+00,2026-07-20 19:10:46.938+00
d9a6b834-3286-4aec-aec1-a67edccd7151,task-overdue:d9781e2a-8d9f-40e9-8b7a-bab688765667:8474aaf6-e7d1-4165-9bef-bf76bc701038,completed,2026-07-20 19:10:46.974+00,2026-07-20 19:10:47.042+00
36477d91-d025-410e-9725-4bbf1fb4f4c8,meeting-reminder-30m:bba75165-4a63-4a44-9786-7d385dc89f50:0c96a57e-6cc1-400f-bf3a-5740b699ac21,completed,2026-07-21 16:35:10.578+00,2026-07-21 16:35:10.85+00
d0301846-9c00-46b2-a939-ce3ba4e30a70,task-overdue:bf8b65d4-c65e-43e5-8d7a-0694b91de775:8474aaf6-e7d1-4165-9bef-bf76bc701038,completed,2026-07-20 19:10:47.09+00,2026-07-20 19:10:47.149+00
2b40c53c-f3e0-4f32-bc08-0681ce9d9fc8,lead-status:bff2cb4f-98dd-44e5-bb2a-fbf995b4acd9:8474aaf6-e7d1-4165-9bef-bf76bc701038:1981102,completed,2026-07-20 19:10:47.184+00,2026-07-20 19:10:47.242+00
a392f1d4-8047-4f2a-996c-087643b5633a,meeting-reminder-30m:2678390b-ebda-4baa-b3e7-1b59042b56b4:0c96a57e-6cc1-400f-bf3a-5740b699ac21,completed,2026-07-20 19:10:47.277+00,2026-07-20 19:10:47.335+00
8f3ffef3-0797-4d87-9d00-9bea0d6be9ee,meeting-reminder-30m:4ee82412-ba0e-422b-bda6-1d56166a684a:79ea6831-169a-4819-a82d-702d2a4ce3a1,completed,2026-07-20 19:10:47.371+00,2026-07-20 19:10:47.431+00
41aaadca-4ffe-442f-bdfc-8c8c531d45d5,meeting-reminder-30m:4ee82412-ba0e-422b-bda6-1d56166a684a:0c96a57e-6cc1-400f-bf3a-5740b699ac21,completed,2026-07-20 19:10:47.466+00,2026-07-20 19:10:47.528+00
2b25c600-1675-4842-a8dd-e6ae527ae719,meeting-reminder-30m:964d7165-f885-4c11-ac5d-027eb04ca06f:0c96a57e-6cc1-400f-bf3a-5740b699ac21,completed,2026-07-20 19:10:47.563+00,2026-07-20 19:10:47.624+00
62bb7885-f0f4-48ab-898c-f5e44b75182e,meeting-reminder-5m:2678390b-ebda-4baa-b3e7-1b59042b56b4:0c96a57e-6cc1-400f-bf3a-5740b699ac21,completed,2026-07-20 19:10:47.661+00,2026-07-20 19:10:47.72+00
21d7e1ab-e496-44b4-b266-ddd22e10f8c0,meeting-reminder-5m:4ee82412-ba0e-422b-bda6-1d56166a684a:79ea6831-169a-4819-a82d-702d2a4ce3a1,completed,2026-07-20 19:10:47.756+00,2026-07-20 19:10:47.819+00
fc13c52f-44ed-40f2-90b1-8298aed4dd78,meeting-reminder-5m:4ee82412-ba0e-422b-bda6-1d56166a684a:0c96a57e-6cc1-400f-bf3a-5740b699ac21,completed,2026-07-20 19:10:47.855+00,2026-07-20 19:10:47.912+00
0dd3fc26-2e36-43cf-946f-adfa7ae60538,lead-status:432f2e4c-ade2-4d41-909f-68c6ff5102af:0c96a57e-6cc1-400f-bf3a-5740b699ac21:1981107,completed,2026-07-20 19:10:47.947+00,2026-07-20 19:10:48.005+00
553c4626-b7cd-4c9b-9c66-dc1bdea30d42,lead-status:e6293e7b-d161-4651-a053-45e4a7228d66:0c96a57e-6cc1-400f-bf3a-5740b699ac21:1981108,completed,2026-07-20 19:10:48.041+00,2026-07-20 19:10:48.099+00
dd176773-f5c7-441e-bb9d-0b6ed18317ea,lead-assigned:6ed80474-ce57-4a80-87cc-ca6660eff10c:c7bf5dd7-bb6b-4135-845a-74e9481616c3,completed,2026-07-20 19:10:48.135+00,2026-07-20 19:10:48.194+00
ecc9c5fc-923e-44fe-8344-81ed1f384cb6,meeting-reminder-30m:7231fda8-6835-4bf4-9147-473b4ce26d8b:0c96a57e-6cc1-400f-bf3a-5740b699ac21,completed,2026-07-20 19:10:48.26+00,2026-07-20 19:10:48.347+00
f38e2368-6eda-40f6-a0f9-2b95d10afbe0,lead-status:6ed80474-ce57-4a80-87cc-ca6660eff10c:0c96a57e-6cc1-400f-bf3a-5740b699ac21:1981109,completed,2026-07-20 19:10:48.387+00,2026-07-20 19:10:48.447+00
3a92dc5d-83a1-4ba9-ae89-cb13e0cb0e6a,lead-status:6ed80474-ce57-4a80-87cc-ca6660eff10c:c7bf5dd7-bb6b-4135-845a-74e9481616c3:1981109,completed,2026-07-20 19:10:48.484+00,2026-07-20 19:10:48.542+00
b8a2731d-d35b-469f-9b72-9fd60c3bb91c,lead-status:8006771c-6042-400f-8e4b-c23921c5fd52:0c96a57e-6cc1-400f-bf3a-5740b699ac21:1981109,completed,2026-07-20 19:10:48.578+00,2026-07-20 19:10:48.641+00
c8435819-0bca-404d-bae4-338a65a8464a,lead-status:f61f3c99-b871-476a-98c0-9fcb20a0dcd3:0c96a57e-6cc1-400f-bf3a-5740b699ac21:1981109,completed,2026-07-20 19:10:48.676+00,2026-07-20 19:10:48.736+00
2539babf-e45d-4931-9867-e1cde6fae9d6,meeting-reminder-30m:bba75165-4a63-4a44-9786-7d385dc89f50:3701fb6b-3cc7-42bb-b8b0-e4e3a48ea9dd,completed,2026-07-21 16:35:10.897+00,2026-07-21 16:35:10.969+00
1024b8f2-bb3d-464f-81fd-ba5b0e209d24,meeting-reminder-30m:b62e33c3-80ed-48e8-aef5-1754357ba18e:236ad193-19a5-4425-a354-f763852904d8,completed,2026-07-21 16:35:11.007+00,2026-07-21 16:35:11.067+00
4788cd21-3149-4244-bebb-e2b6c4e55b78,meeting-reminder-30m:b62e33c3-80ed-48e8-aef5-1754357ba18e:0c96a57e-6cc1-400f-bf3a-5740b699ac21,completed,2026-07-21 16:35:11.108+00,2026-07-21 16:35:11.17+00
6b88eb71-5c97-414a-b8ab-79ae4b54405b,meeting-reminder-5m:bba75165-4a63-4a44-9786-7d385dc89f50:0c96a57e-6cc1-400f-bf3a-5740b699ac21,completed,2026-07-21 17:01:05.085+00,2026-07-21 17:01:05.456+00
8001bbda-4c2e-42f8-8a6d-72bac1470885,meeting-reminder-5m:bba75165-4a63-4a44-9786-7d385dc89f50:3701fb6b-3cc7-42bb-b8b0-e4e3a48ea9dd,completed,2026-07-21 17:01:05.509+00,2026-07-21 17:01:05.579+00
55aad62c-6b19-44ef-a05a-4d3b6eb911fb,meeting-reminder-5m:b62e33c3-80ed-48e8-aef5-1754357ba18e:236ad193-19a5-4425-a354-f763852904d8,completed,2026-07-21 17:01:05.621+00,2026-07-21 17:01:05.701+00
f4fff08c-18f3-499e-a576-2fae92b421cf,meeting-reminder-5m:b62e33c3-80ed-48e8-aef5-1754357ba18e:0c96a57e-6cc1-400f-bf3a-5740b699ac21,completed,2026-07-21 17:01:05.74+00,2026-07-21 17:01:05.803+00
45be3a95-6ec8-423f-b528-1a76517f903b,meeting-reminder-30m:f9e135b1-b11f-4584-a6ff-e7f60a232a32:0c96a57e-6cc1-400f-bf3a-5740b699ac21,completed,2026-07-21 17:35:10.459+00,2026-07-21 17:35:10.772+00
c7963f31-aea6-464a-8fee-66338bc25b1d,meeting-reminder-5m:f9e135b1-b11f-4584-a6ff-e7f60a232a32:0c96a57e-6cc1-400f-bf3a-5740b699ac21,completed,2026-07-21 18:00:10.657+00,2026-07-21 18:00:10.849+00
f9c82b87-e6eb-49c1-ac81-1f887f237f8d,meeting-reminder-30m:9f85992a-ffac-4135-89ae-1ac9fc996414:0c96a57e-6cc1-400f-bf3a-5740b699ac21,completed,2026-07-21 20:01:14.822+00,2026-07-21 20:01:15.29+00
642912b5-b35d-4c69-986f-3c5ffa68e576,meeting-reminder-5m:9f85992a-ffac-4135-89ae-1ac9fc996414:0c96a57e-6cc1-400f-bf3a-5740b699ac21,completed,2026-07-21 20:25:17.585+00,2026-07-21 20:25:17.852+00
b055e095-0d1a-489a-886b-5798a1071789,meeting-reminder-30m:7c326980-26ce-482d-821c-18f0a1b80194:df71451b-bcd2-4602-9b7b-230b32f08b65,completed,2026-07-21 20:31:08.974+00,2026-07-21 20:31:09.379+00
76ec3168-c37c-46d4-b023-1a9c31265ca5,meeting-reminder-30m:7c326980-26ce-482d-821c-18f0a1b80194:ea9a61b8-1405-46fd-b640-6e2a9d4db8cb,completed,2026-07-21 20:31:09.436+00,2026-07-21 20:31:09.508+00
cd89ebaf-4b77-40cb-8dd6-398e96b942f4,meeting-reminder-5m:7c326980-26ce-482d-821c-18f0a1b80194:df71451b-bcd2-4602-9b7b-230b32f08b65,completed,2026-07-21 20:55:17.557+00,2026-07-21 20:55:17.81+00
8a8cb001-c41d-4146-80dc-5fbfc5a62738,meeting-reminder-5m:7c326980-26ce-482d-821c-18f0a1b80194:ea9a61b8-1405-46fd-b640-6e2a9d4db8cb,completed,2026-07-21 20:55:17.867+00,2026-07-21 20:55:17.947+00
ab887483-70a1-424f-ae92-f942f877a5f0,meeting-reminder-5m:37a8daa7-979f-4144-b15f-bb82e790ef3d:88826808-567c-46b2-b41d-2168ef6c85d2,completed,2026-07-22 17:30:01.552+00,2026-07-22 17:30:02.033+00
d5889ca8-2245-4f97-a9c2-3a8cd4bb299e,meeting-reminder-5m:37a8daa7-979f-4144-b15f-bb82e790ef3d:236ad193-19a5-4425-a354-f763852904d8,completed,2026-07-22 17:30:02.119+00,2026-07-22 17:30:02.33+00
7ef0b02d-1cee-48b4-809e-f4b3623dd6ea,meeting-reminder-5m:37a8daa7-979f-4144-b15f-bb82e790ef3d:0c96a57e-6cc1-400f-bf3a-5740b699ac21,completed,2026-07-22 17:30:02.4+00,2026-07-22 17:30:02.519+00
6537167a-95be-4319-a742-e18691050508,meeting-reminder-30m:77625ccc-4653-4f42-af4a-5fc88e6e2de5:0c96a57e-6cc1-400f-bf3a-5740b699ac21,completed,2026-07-22 17:35:01.363+00,2026-07-22 17:35:01.546+00
18995274-5c4c-4b3f-a60b-177cf5debc4f,meeting-reminder-30m:3ea5407a-663b-4a4e-943a-4db8798d0a5c:df71451b-bcd2-4602-9b7b-230b32f08b65,completed,2026-07-22 17:35:01.699+00,2026-07-22 17:35:01.773+00
09332ad8-5560-478a-b13f-9b038d192606,meeting-reminder-30m:3ea5407a-663b-4a4e-943a-4db8798d0a5c:ea9a61b8-1405-46fd-b640-6e2a9d4db8cb,completed,2026-07-22 17:35:01.854+00,2026-07-22 17:35:01.933+00
6520349e-68a2-4c30-9773-0a92d322398a,meeting-reminder-5m:3ea5407a-663b-4a4e-943a-4db8798d0a5c:df71451b-bcd2-4602-9b7b-230b32f08b65,completed,2026-07-22 18:00:02.018+00,2026-07-22 18:00:02.431+00
e7ce09f6-d30c-4bf5-8fb1-426326b8785d,meeting-reminder-5m:3ea5407a-663b-4a4e-943a-4db8798d0a5c:ea9a61b8-1405-46fd-b640-6e2a9d4db8cb,completed,2026-07-22 18:00:02.594+00,2026-07-22 18:00:02.72+00
770feb0a-226d-4bfc-95af-50b2ba7dfe2b,meeting-reminder-5m:77625ccc-4653-4f42-af4a-5fc88e6e2de5:0c96a57e-6cc1-400f-bf3a-5740b699ac21,completed,2026-07-22 18:00:02.791+00,2026-07-22 18:00:02.903+00
ac8399c4-6cca-48e6-b81d-485d3c72fcc8,meeting-reminder-30m:37a8daa7-979f-4144-b15f-bb82e790ef3d:88826808-567c-46b2-b41d-2168ef6c85d2,completed,2026-07-22 18:05:02.151+00,2026-07-22 18:05:02.581+00
da22ea4a-038c-4684-8c0d-dc71551720c2,meeting-reminder-30m:37a8daa7-979f-4144-b15f-bb82e790ef3d:236ad193-19a5-4425-a354-f763852904d8,completed,2026-07-22 18:05:02.661+00,2026-07-22 18:05:02.768+00
fd8da458-e2e7-4c19-a738-20b7c3b49a6f,meeting-reminder-30m:37a8daa7-979f-4144-b15f-bb82e790ef3d:0c96a57e-6cc1-400f-bf3a-5740b699ac21,completed,2026-07-22 18:05:02.838+00,2026-07-22 18:05:02.947+00
c0a93b90-f056-4cde-830a-74f7f02eaf96,meeting-reminder-30m:b932d678-0cdd-4f37-b48e-577d76fad508:deb4b717-b1e3-4989-ada1-2baf4643e314,completed,2026-07-22 18:35:01.814+00,2026-07-22 18:35:02.286+00
af60800d-0269-418f-b635-069a6e2bcca0,meeting-reminder-30m:b932d678-0cdd-4f37-b48e-577d76fad508:df71451b-bcd2-4602-9b7b-230b32f08b65,completed,2026-07-22 18:35:02.339+00,2026-07-22 18:35:02.421+00
063d3239-470f-48ea-ae6a-255d9a29008a,meeting-reminder-5m:b932d678-0cdd-4f37-b48e-577d76fad508:deb4b717-b1e3-4989-ada1-2baf4643e314,completed,2026-07-22 19:00:01.39+00,2026-07-22 19:00:01.714+00
ee18b214-63c4-4f4d-8862-8b04dca41c4a,meeting-reminder-5m:b932d678-0cdd-4f37-b48e-577d76fad508:df71451b-bcd2-4602-9b7b-230b32f08b65,completed,2026-07-22 19:00:01.799+00,2026-07-22 19:00:01.918+00
12efd16d-7d0f-46a5-95a6-f71f9fbda61b,meeting-reminder-5m:9b566518-1759-448c-adec-994513c4064d:0c96a57e-6cc1-400f-bf3a-5740b699ac21,completed,2026-07-22 20:30:01.601+00,2026-07-22 20:30:02.13+00
54c62777-d26b-4cc0-ac45-5e84fea04f26,meeting-reminder-5m:9b566518-1759-448c-adec-994513c4064d:3701fb6b-3cc7-42bb-b8b0-e4e3a48ea9dd,completed,2026-07-22 20:30:02.203+00,2026-07-22 20:30:02.304+00
2d1946cc-a988-4a8c-a871-0051cd2789cc,meeting-reminder-30m:8181f857-938b-4228-a30e-746ee092b791:0c96a57e-6cc1-400f-bf3a-5740b699ac21,completed,2026-07-22 21:35:01.47+00,2026-07-22 21:35:01.868+00
e3764486-1f6a-461a-8442-33390c5fa4d5,meeting-reminder-5m:8181f857-938b-4228-a30e-746ee092b791:0c96a57e-6cc1-400f-bf3a-5740b699ac21,completed,2026-07-22 22:00:01.547+00,2026-07-22 22:00:01.945+00
5202466e-2cfd-4172-ad02-8a3bc85eb85c,meeting-reminder-30m:2f032f22-54c5-4d7c-a2d0-7fd9e869a5dd:8474aaf6-e7d1-4165-9bef-bf76bc701038,completed,2026-07-23 10:35:01.454+00,2026-07-23 10:35:01.859+00
b7285e2d-f5df-4d45-b044-98ea420f3ef9,meeting-reminder-5m:2f032f22-54c5-4d7c-a2d0-7fd9e869a5dd:8474aaf6-e7d1-4165-9bef-bf76bc701038,completed,2026-07-23 11:00:01.633+00,2026-07-23 11:00:02.048+00
56a39b8f-3f99-4f17-9b9c-c6e783811016,meeting-reminder-30m:1b7871a2-fcea-48d9-9340-617385c13653:0c96a57e-6cc1-400f-bf3a-5740b699ac21,completed,2026-07-23 11:35:02.914+00,2026-07-23 11:35:03.708+00
3941b7e0-0041-4e10-82a7-ec7bca1c7fa2,meeting-reminder-5m:1b7871a2-fcea-48d9-9340-617385c13653:0c96a57e-6cc1-400f-bf3a-5740b699ac21,completed,2026-07-23 12:00:01.738+00,2026-07-23 12:00:02.086+00
fb168723-2a46-48d3-985e-1ae1204ceff4,meeting-reminder-30m:c5bad0ed-be5b-4236-a04e-a97ea6184bd2:0c96a57e-6cc1-400f-bf3a-5740b699ac21,completed,2026-07-23 12:35:01.541+00,2026-07-23 12:35:01.719+00
9db151bf-b214-40e1-b9a7-865625a6e057,meeting-reminder-30m:7f6fc000-a273-45ca-893d-014387ffbb71:deb4b717-b1e3-4989-ada1-2baf4643e314,completed,2026-07-23 12:35:01.772+00,2026-07-23 12:35:01.931+00
db1d8862-21eb-488d-8c49-547bc9c4a9e4,meeting-reminder-30m:7f6fc000-a273-45ca-893d-014387ffbb71:df71451b-bcd2-4602-9b7b-230b32f08b65,completed,2026-07-23 12:35:01.963+00,2026-07-23 12:35:02.025+00
30357507-2005-420f-877f-1d539e251d03,meeting-reminder-30m:8561dcbc-acd7-4481-98b2-3848f76f94f4:0c96a57e-6cc1-400f-bf3a-5740b699ac21,completed,2026-07-23 12:35:02.051+00,2026-07-23 12:35:02.109+00
f0dd23d3-fa63-466e-b02b-b31c8c5bc045,meeting-reminder-5m:8561dcbc-acd7-4481-98b2-3848f76f94f4:0c96a57e-6cc1-400f-bf3a-5740b699ac21,completed,2026-07-23 13:01:34.746+00,2026-07-23 13:01:35.146+00
a0e010e7-586c-4292-8760-7b8397ad5b1f,meeting-reminder-5m:c5bad0ed-be5b-4236-a04e-a97ea6184bd2:0c96a57e-6cc1-400f-bf3a-5740b699ac21,completed,2026-07-23 13:01:35.2+00,2026-07-23 13:01:35.269+00
340e1f0e-0486-4b9a-b5c6-78c26d3875e9,meeting-reminder-5m:7f6fc000-a273-45ca-893d-014387ffbb71:deb4b717-b1e3-4989-ada1-2baf4643e314,completed,2026-07-23 13:01:35.302+00,2026-07-23 13:01:35.365+00
231e6d43-4621-4ada-a47c-92d09d6d774a,meeting-reminder-5m:7f6fc000-a273-45ca-893d-014387ffbb71:df71451b-bcd2-4602-9b7b-230b32f08b65,completed,2026-07-23 13:01:35.401+00,2026-07-23 13:01:35.458+00
62a1d987-41a4-428a-8f71-2f6aafc63e17,meeting-reminder-5m:4d1f0ab1-468c-413b-82e3-ec2f2cd420d8:ea9a61b8-1405-46fd-b640-6e2a9d4db8cb,completed,2026-07-23 19:30:42.632+00,2026-07-23 19:30:42.727+00
1d95f17a-67e4-43f9-8e1c-b1c2c74c0bc3,meeting-reminder-30m:2104fd7b-dfa2-4062-9f32-50127a301d0d:0c96a57e-6cc1-400f-bf3a-5740b699ac21,completed,2026-07-23 16:35:42.436+00,2026-07-23 16:35:42.841+00
514a29ff-4f42-409d-9d16-d5c8668281da,meeting-reminder-30m:0743a8dc-ee58-4751-bb82-80d8e9740d21:df71451b-bcd2-4602-9b7b-230b32f08b65,completed,2026-07-23 16:35:42.895+00,2026-07-23 16:35:42.97+00
2fdbbcff-2d82-4073-9bd1-cea646a5c68a,meeting-reminder-30m:50b0be33-730f-45d2-9e51-c3d3e578ae1a:0c96a57e-6cc1-400f-bf3a-5740b699ac21,completed,2026-07-23 20:30:50.324+00,2026-07-23 20:30:50.544+00
d9050b34-3563-4b11-a961-ffff0a15e719,meeting-reminder-30m:0743a8dc-ee58-4751-bb82-80d8e9740d21:ea9a61b8-1405-46fd-b640-6e2a9d4db8cb,completed,2026-07-23 16:35:43.01+00,2026-07-23 16:35:43.072+00
1e215ed7-355c-4141-9485-0a9b7b4d9673,meeting-reminder-5m:2104fd7b-dfa2-4062-9f32-50127a301d0d:0c96a57e-6cc1-400f-bf3a-5740b699ac21,completed,2026-07-23 17:01:35.817+00,2026-07-23 17:01:36.022+00
f9bdaa73-ee97-43a0-9e36-d68920b8b4ba,meeting-reminder-5m:50b0be33-730f-45d2-9e51-c3d3e578ae1a:0c96a57e-6cc1-400f-bf3a-5740b699ac21,completed,2026-07-23 21:00:04.409+00,2026-07-23 21:00:04.652+00
dfc543c7-03c5-4659-8fe6-4de12e3f075b,meeting-reminder-5m:0743a8dc-ee58-4751-bb82-80d8e9740d21:df71451b-bcd2-4602-9b7b-230b32f08b65,completed,2026-07-23 17:01:36.073+00,2026-07-23 17:01:36.139+00
9ef7edc8-e186-4387-82fd-729de1e949c0,meeting-reminder-5m:0743a8dc-ee58-4751-bb82-80d8e9740d21:ea9a61b8-1405-46fd-b640-6e2a9d4db8cb,completed,2026-07-23 17:01:36.179+00,2026-07-23 17:01:36.243+00
d02cb221-f051-4fde-be42-863a3e038462,meeting-reminder-30m:19f1c8cc-0529-4c8a-967a-767af6d85f41:0c96a57e-6cc1-400f-bf3a-5740b699ac21,completed,2026-07-23 23:05:05.392+00,2026-07-23 23:05:05.89+00
1be5b2a4-2f85-49d1-842d-cde661dde674,meeting-reminder-30m:5cdc79f2-3522-4809-86a7-cf150e9b1986:0c96a57e-6cc1-400f-bf3a-5740b699ac21,completed,2026-07-23 17:35:42.467+00,2026-07-23 17:35:42.605+00
14dfc368-c13a-4283-befa-4f54c671ed34,meeting-reminder-30m:b1418983-c524-4315-859a-1378c0c57de0:0c96a57e-6cc1-400f-bf3a-5740b699ac21,completed,2026-07-23 17:35:42.656+00,2026-07-23 17:35:42.728+00
a0905dcd-56a2-4678-9169-97711cb9d85c,meeting-reminder-5m:19f1c8cc-0529-4c8a-967a-767af6d85f41:0c96a57e-6cc1-400f-bf3a-5740b699ac21,completed,2026-07-23 23:30:05.367+00,2026-07-23 23:30:05.749+00
e2383102-1c30-4dcc-81dd-6bef59351f13,meeting-reminder-5m:5cdc79f2-3522-4809-86a7-cf150e9b1986:0c96a57e-6cc1-400f-bf3a-5740b699ac21,completed,2026-07-23 18:01:41.585+00,2026-07-23 18:01:41.756+00
5b2a80da-7976-42cc-b874-1afa3558076b,meeting-reminder-5m:1ea39566-576c-4e08-b12f-49e876a3a7a8:0c96a57e-6cc1-400f-bf3a-5740b699ac21,completed,2026-07-23 18:30:42.55+00,2026-07-23 18:30:42.932+00
07044d26-4794-44dd-863f-a37aa4d6922a,meeting-reminder-30m:edf6e6e0-d8bc-49fc-8233-d953a28b1f16:0c96a57e-6cc1-400f-bf3a-5740b699ac21,completed,2026-07-24 10:30:50.751+00,2026-07-24 10:30:51.259+00
d638c41e-ac79-401c-baf4-7545af5c23f0,meeting-reminder-30m:1ea39566-576c-4e08-b12f-49e876a3a7a8:0c96a57e-6cc1-400f-bf3a-5740b699ac21,completed,2026-07-23 18:35:42.484+00,2026-07-23 18:35:42.599+00
317f6698-f43e-436b-8bd9-4e0a22923caf,meeting-reminder-30m:4d1f0ab1-468c-413b-82e3-ec2f2cd420d8:df71451b-bcd2-4602-9b7b-230b32f08b65,completed,2026-07-23 19:05:42.475+00,2026-07-23 19:05:42.757+00
cd6ebb6d-1c94-4473-83d0-1b573a0ca522,meeting-reminder-5m:edf6e6e0-d8bc-49fc-8233-d953a28b1f16:0c96a57e-6cc1-400f-bf3a-5740b699ac21,completed,2026-07-24 10:55:50.683+00,2026-07-24 10:55:50.806+00
39a5e9ad-826e-4377-bafe-b9ec3c16fa77,meeting-reminder-30m:4d1f0ab1-468c-413b-82e3-ec2f2cd420d8:ea9a61b8-1405-46fd-b640-6e2a9d4db8cb,completed,2026-07-23 19:05:42.827+00,2026-07-23 19:05:42.923+00
38c9af41-0927-4218-b622-ed3b08173a24,meeting-reminder-30m:7f3ab35a-66e6-450e-b221-96abbb053d75:88826808-567c-46b2-b41d-2168ef6c85d2,completed,2026-07-24 11:31:43.465+00,2026-07-24 11:31:43.918+00
27605d36-2161-4dd1-8f08-47fc7c979d12,meeting-reminder-30m:7f3ab35a-66e6-450e-b221-96abbb053d75:0c96a57e-6cc1-400f-bf3a-5740b699ac21,completed,2026-07-24 11:31:43.982+00,2026-07-24 11:31:44.079+00
45b3104e-772e-44ad-a87f-294c524f108f,meeting-reminder-5m:7f3ab35a-66e6-450e-b221-96abbb053d75:88826808-567c-46b2-b41d-2168ef6c85d2,completed,2026-07-24 11:55:50.405+00,2026-07-24 11:55:50.746+00
cdc96002-7ac1-42f3-a16b-b6b07227ffc9,meeting-reminder-5m:7f3ab35a-66e6-450e-b221-96abbb053d75:0c96a57e-6cc1-400f-bf3a-5740b699ac21,completed,2026-07-24 11:55:50.811+00,2026-07-24 11:55:50.905+00
a5fd90a0-a3a9-4633-9e53-74d45b10ad34,meeting-reminder-5m:d3992f77-fda5-43f5-9ef2-f29609287d73:0c96a57e-6cc1-400f-bf3a-5740b699ac21,completed,2026-07-24 13:25:50.627+00,2026-07-24 13:25:50.935+00
90caa543-e336-4b8c-9c74-a79860e9f3f8,meeting-reminder-5m:d3992f77-fda5-43f5-9ef2-f29609287d73:c0daec83-b339-449f-9255-98985fbb7b60,completed,2026-07-24 13:25:50.986+00,2026-07-24 13:25:51.063+00
a297553d-345c-4775-8134-e157892b949b,meeting-reminder-5m:4df067b3-47a1-4c55-baf7-a10cd2bad69a:0c96a57e-6cc1-400f-bf3a-5740b699ac21,completed,2026-07-24 14:25:50.858+00,2026-07-24 14:25:51.238+00
9e99ba1c-a1d0-46fe-b7d7-b5dfea2a4202,meeting-reminder-5m:4df067b3-47a1-4c55-baf7-a10cd2bad69a:c0daec83-b339-449f-9255-98985fbb7b60,completed,2026-07-24 14:25:51.36+00,2026-07-24 14:25:51.458+00
b83b0ed3-a8f4-467e-aab3-9ea19dd4df56,meeting-reminder-30m:573732fe-f382-423e-b9c8-b9ebb9b46b03:0c96a57e-6cc1-400f-bf3a-5740b699ac21,completed,2026-07-24 15:30:50.678+00,2026-07-24 15:30:50.968+00
8b41ae92-0967-4a61-8ead-ac6ab49a49c9,meeting-reminder-30m:573732fe-f382-423e-b9c8-b9ebb9b46b03:c0daec83-b339-449f-9255-98985fbb7b60,completed,2026-07-24 15:30:51.012+00,2026-07-24 15:30:51.092+00
49df8c27-5a6f-4781-8158-112d61b45ba2,meeting-reminder-5m:573732fe-f382-423e-b9c8-b9ebb9b46b03:0c96a57e-6cc1-400f-bf3a-5740b699ac21,completed,2026-07-24 15:55:50.298+00,2026-07-24 15:55:50.653+00
af3f66a9-ed81-48cf-9241-fc33b96a9037,meeting-reminder-5m:573732fe-f382-423e-b9c8-b9ebb9b46b03:c0daec83-b339-449f-9255-98985fbb7b60,completed,2026-07-24 15:55:50.726+00,2026-07-24 15:55:50.826+00
e9748c71-07be-40bb-ab2a-bb5a66d51e57,meeting-reminder-30m:4517c244-2684-4d78-95d2-85dbc7501fff:deb4b717-b1e3-4989-ada1-2baf4643e314,completed,2026-07-24 16:30:50.317+00,2026-07-24 16:30:50.597+00
0521dea4-18f7-46d1-b3b1-df02f0f484d4,meeting-reminder-30m:4517c244-2684-4d78-95d2-85dbc7501fff:df71451b-bcd2-4602-9b7b-230b32f08b65,completed,2026-07-24 16:30:50.666+00,2026-07-24 16:30:50.766+00
361f1475-b5a4-411f-b287-a10996b2c1f7,meeting-reminder-5m:4517c244-2684-4d78-95d2-85dbc7501fff:deb4b717-b1e3-4989-ada1-2baf4643e314,completed,2026-07-24 16:55:50.514+00,2026-07-24 16:55:50.858+00
a66bffff-847f-4e48-a258-e2644ca3ef03,meeting-reminder-5m:4517c244-2684-4d78-95d2-85dbc7501fff:df71451b-bcd2-4602-9b7b-230b32f08b65,completed,2026-07-24 16:55:50.927+00,2026-07-24 16:55:51.027+00
92bc437b-e543-4d44-a75b-80ca018f799c,meeting-reminder-30m:63ede11d-0d08-47ad-9c3c-1e94bf292c49:deb4b717-b1e3-4989-ada1-2baf4643e314,completed,2026-07-24 22:35:20.665+00,2026-07-24 22:35:21.142+00
f0cc828f-1ea0-40bb-8ae9-eae59cc33de8,meeting-reminder-30m:63ede11d-0d08-47ad-9c3c-1e94bf292c49:df71451b-bcd2-4602-9b7b-230b32f08b65,completed,2026-07-24 22:35:21.186+00,2026-07-24 22:35:21.249+00
d1d91203-32d1-4411-93a8-9b5afb58f101,meeting-reminder-5m:63ede11d-0d08-47ad-9c3c-1e94bf292c49:deb4b717-b1e3-4989-ada1-2baf4643e314,completed,2026-07-24 23:01:08.634+00,2026-07-24 23:01:08.774+00
35c8b4a1-aa43-401e-bc4b-df96ae868df1,meeting-reminder-5m:63ede11d-0d08-47ad-9c3c-1e94bf292c49:df71451b-bcd2-4602-9b7b-230b32f08b65,completed,2026-07-24 23:01:08.839+00,2026-07-24 23:01:08.938+00
9277560f-2776-45cb-8021-ab55a3f0d704,meeting-reminder-30m:48f9d63e-5f06-477b-b7a4-e7330c16286e:0c96a57e-6cc1-400f-bf3a-5740b699ac21,completed,2026-07-27 12:35:06.297+00,2026-07-27 12:35:06.758+00
50751e28-240a-4f24-a823-5ca397165314,meeting-reminder-30m:19abc5c4-977f-444d-8d66-2373af49c904:0c96a57e-6cc1-400f-bf3a-5740b699ac21,completed,2026-07-27 12:35:06.815+00,2026-07-27 12:35:06.914+00
763c22c6-ec52-4f93-ab7d-4e0309fbcc24,meeting-reminder-30m:19abc5c4-977f-444d-8d66-2373af49c904:c0daec83-b339-449f-9255-98985fbb7b60,completed,2026-07-27 12:35:06.96+00,2026-07-27 12:35:07.049+00
5b6a8111-e230-43fc-86fc-fb7c03717bb5,meeting-reminder-5m:48f9d63e-5f06-477b-b7a4-e7330c16286e:0c96a57e-6cc1-400f-bf3a-5740b699ac21,completed,2026-07-27 13:00:06.571+00,2026-07-27 13:00:06.893+00
63b3c168-6228-4f4d-9a80-9ea63d6f2999,meeting-reminder-30m:3b0e436e-7785-4e0b-8c61-ffdec0c3471b:deb4b717-b1e3-4989-ada1-2baf4643e314,completed,2026-07-27 17:35:21.63+00,2026-07-27 17:35:22.443+00
3c928861-632b-44d7-ad35-6c5e3050a02c,meeting-reminder-30m:3b0e436e-7785-4e0b-8c61-ffdec0c3471b:df71451b-bcd2-4602-9b7b-230b32f08b65,completed,2026-07-27 17:35:22.512+00,2026-07-27 17:35:22.701+00
618606e6-acf4-4cd5-a03b-b06db6d1f0be,meeting-reminder-30m:8b552659-b11f-4a85-a859-90c49993583b:0c96a57e-6cc1-400f-bf3a-5740b699ac21,completed,2026-07-27 17:35:22.754+00,2026-07-27 17:35:22.884+00
28acd93d-d3b3-4ede-b5bd-1ef406ec7abd,meeting-reminder-30m:8b552659-b11f-4a85-a859-90c49993583b:c0daec83-b339-449f-9255-98985fbb7b60,completed,2026-07-27 17:35:22.942+00,2026-07-27 17:35:23.039+00
2d099413-2723-4d9a-954e-799712afce3d,meeting-reminder-5m:3b0e436e-7785-4e0b-8c61-ffdec0c3471b:deb4b717-b1e3-4989-ada1-2baf4643e314,completed,2026-07-27 18:01:15.754+00,2026-07-27 18:01:16.129+00
aa7bc8ba-28a2-4f9b-9b5a-246dd774cef2,meeting-reminder-5m:8b552659-b11f-4a85-a859-90c49993583b:0c96a57e-6cc1-400f-bf3a-5740b699ac21,completed,2026-07-27 18:01:16.459+00,2026-07-27 18:01:16.536+00
7ad80c8e-4dfd-426c-b8e4-d1146e08559c,meeting-reminder-5m:8b552659-b11f-4a85-a859-90c49993583b:c0daec83-b339-449f-9255-98985fbb7b60,completed,2026-07-27 18:01:16.587+00,2026-07-27 18:01:16.662+00
c05126ad-bd3f-4213-99ad-1a46393c6cfe,meeting-reminder-5m:3b0e436e-7785-4e0b-8c61-ffdec0c3471b:df71451b-bcd2-4602-9b7b-230b32f08b65,completed,2026-07-27 18:01:16.209+00,2026-07-27 18:01:16.352+00
0441aac0-1064-4782-aa17-8d13d98fe6ca,meeting-reminder-5m:6fd9c86c-15df-48a3-a7ad-72b1ff9c0433:deb4b717-b1e3-4989-ada1-2baf4643e314,completed,2026-07-27 18:31:17.988+00,2026-07-27 18:31:18.212+00
23c7f6af-e7a0-45b1-b5f7-24469b37709e,meeting-reminder-5m:6fd9c86c-15df-48a3-a7ad-72b1ff9c0433:df71451b-bcd2-4602-9b7b-230b32f08b65,completed,2026-07-27 18:31:18.276+00,2026-07-27 18:31:18.355+00
1951d5d9-cdc5-4102-9b32-884164a41b68,meeting-reminder-30m:0c3770d5-3a4c-4310-a881-0c402a2b7f75:df71451b-bcd2-4602-9b7b-230b32f08b65,completed,2026-07-27 18:31:18.401+00,2026-07-27 18:31:18.48+00
031534d1-8ec3-4c29-9eef-5ae9bc3d1fcd,meeting-reminder-30m:0c3770d5-3a4c-4310-a881-0c402a2b7f75:ea9a61b8-1405-46fd-b640-6e2a9d4db8cb,completed,2026-07-27 18:31:18.524+00,2026-07-27 18:31:18.606+00
b7a6d097-e5e9-4a98-9fd7-d3763c3090f3,meeting-reminder-5m:0c3770d5-3a4c-4310-a881-0c402a2b7f75:df71451b-bcd2-4602-9b7b-230b32f08b65,completed,2026-07-27 19:00:21.373+00,2026-07-27 19:00:21.887+00
d40d740d-5388-4031-af71-cd6eca4514f4,meeting-reminder-5m:0c3770d5-3a4c-4310-a881-0c402a2b7f75:ea9a61b8-1405-46fd-b640-6e2a9d4db8cb,completed,2026-07-27 19:00:21.986+00,2026-07-27 19:00:22.094+00
b9367313-6dca-464b-8f89-d5bfb80bc990,meeting-reminder-30m:13e1543b-558f-499e-9136-78693a157c40:df71451b-bcd2-4602-9b7b-230b32f08b65,completed,2026-07-27 19:31:20.818+00,2026-07-27 19:31:21.12+00
5460e0fe-c4d7-4358-94a9-15033555bcf0,meeting-reminder-30m:13e1543b-558f-499e-9136-78693a157c40:ea9a61b8-1405-46fd-b640-6e2a9d4db8cb,completed,2026-07-27 19:31:21.204+00,2026-07-27 19:31:21.307+00
5c704710-bb72-49f8-9257-2f9a81350fbc,meeting-reminder-5m:13e1543b-558f-499e-9136-78693a157c40:df71451b-bcd2-4602-9b7b-230b32f08b65,completed,2026-07-27 20:01:10.411+00,2026-07-27 20:01:10.806+00
3491decb-8500-4d3d-9840-0eb9226e87e8,meeting-reminder-5m:13e1543b-558f-499e-9136-78693a157c40:ea9a61b8-1405-46fd-b640-6e2a9d4db8cb,completed,2026-07-27 20:01:10.878+00,2026-07-27 20:01:10.977+00
d12cf568-cb81-4fc5-85b1-78c0632a175a,meeting-reminder-30m:068b6c10-5f65-44b0-992e-b016c363c483:deb4b717-b1e3-4989-ada1-2baf4643e314,completed,2026-07-27 20:35:21.413+00,2026-07-27 20:35:21.725+00
124aaa09-713b-4990-bab5-853e28f64785,meeting-reminder-30m:068b6c10-5f65-44b0-992e-b016c363c483:df71451b-bcd2-4602-9b7b-230b32f08b65,completed,2026-07-27 20:35:21.805+00,2026-07-27 20:35:21.9+00
e9873164-2a1a-4017-b470-626540cd0f4c,meeting-reminder-5m:068b6c10-5f65-44b0-992e-b016c363c483:deb4b717-b1e3-4989-ada1-2baf4643e314,completed,2026-07-27 21:00:21.494+00,2026-07-27 21:00:21.781+00
3267b9dc-0b6a-4cb2-854d-7dec47beabca,meeting-reminder-5m:068b6c10-5f65-44b0-992e-b016c363c483:df71451b-bcd2-4602-9b7b-230b32f08b65,completed,2026-07-27 21:00:21.845+00,2026-07-27 21:00:21.927+00
