id,featureId,principal,accessLevel,createdAt,updatedAt
e313cce5-e3d2-4366-bf6a-f6256baebcc4,946bb1d9-342c-4b54-a223-0d8eb8b7e0ef,MASTER,FULL,2026-07-02 11:25:22.904+00,2026-07-02 11:25:22.904+00
f6578790-5309-4419-9be9-b1ddf8ec0fe2,946bb1d9-342c-4b54-a223-0d8eb8b7e0ef,MANAGER,FULL,2026-07-02 11:25:22.904+00,2026-07-02 11:25:22.904+00
28924685-fbfb-4545-939c-98294e384c48,946bb1d9-342c-4b54-a223-0d8eb8b7e0ef,BACKOFFICE,NONE,2026-07-02 11:25:22.904+00,2026-07-02 11:25:22.904+00
b4e7ad09-68a3-4a57-8ac2-7d2c11d67e3d,946bb1d9-342c-4b54-a223-0d8eb8b7e0ef,OPERATOR,NONE,2026-07-02 11:25:22.904+00,2026-07-02 11:25:22.904+00
8b281e89-d952-4358-8bc7-5167a22df0cb,946bb1d9-342c-4b54-a223-0d8eb8b7e0ef,SDR,NONE,2026-07-02 11:25:22.904+00,2026-07-02 11:25:22.904+00
54b3bd74-d455-497e-b3f2-fc1c027c7c7a,946bb1d9-342c-4b54-a223-0d8eb8b7e0ef,CLOSER,NONE,2026-07-02 11:25:22.904+00,2026-07-02 11:25:22.904+00
e64caeb2-9513-40bc-b46d-cd7aefe9c11a,946bb1d9-342c-4b54-a223-0d8eb8b7e0ef,CAN_MANAGE_TEAMS,NONE,2026-07-02 11:25:22.904+00,2026-07-02 11:25:22.904+00
94fe3ea2-1f80-4484-bbe7-eed1672abee8,946bb1d9-342c-4b54-a223-0d8eb8b7e0ef,CAN_CREATE_USERS,NONE,2026-07-02 11:25:22.904+00,2026-07-02 11:25:22.904+00
d36d5054-d8b7-48b2-94d7-db34268857cf,29bda270-be80-40bb-aa9f-69a6cd5bc73b,MASTER,FULL,2026-07-09 12:50:51.899+00,2026-07-09 12:50:51.899+00
92abfff1-7f71-40a0-834f-bee15dbc20a9,29bda270-be80-40bb-aa9f-69a6cd5bc73b,MANAGER,FULL,2026-07-09 12:50:51.899+00,2026-07-09 12:50:51.899+00
0decea76-0f95-4970-bd2d-4089d768cf7b,29bda270-be80-40bb-aa9f-69a6cd5bc73b,BACKOFFICE,FULL,2026-07-09 12:50:51.899+00,2026-07-09 12:50:51.899+00
1e3cd66f-19b6-49f5-ac3c-c96d9ee51aa8,29bda270-be80-40bb-aa9f-69a6cd5bc73b,OPERATOR,NONE,2026-07-09 12:50:51.899+00,2026-07-09 12:50:51.899+00
0a8a5df2-8b9a-453d-a481-64cc72d0ffc9,29bda270-be80-40bb-aa9f-69a6cd5bc73b,SDR,NONE,2026-07-09 12:50:51.899+00,2026-07-09 12:50:51.899+00
f7dca565-eb27-4f43-9e20-8f9e9ab37d84,29bda270-be80-40bb-aa9f-69a6cd5bc73b,CLOSER,NONE,2026-07-09 12:50:51.899+00,2026-07-09 12:50:51.899+00
9d361faf-ab06-4d8a-b8fa-d073d13c03fa,29bda270-be80-40bb-aa9f-69a6cd5bc73b,CAN_MANAGE_TEAMS,NONE,2026-07-09 12:50:51.899+00,2026-07-09 12:50:51.899+00
8771da7e-48a9-43eb-a7a8-59f75ea84126,29bda270-be80-40bb-aa9f-69a6cd5bc73b,CAN_CREATE_USERS,NONE,2026-07-09 12:50:51.899+00,2026-07-09 12:50:51.899+00
437d8c90-57f9-4388-aafa-8840e13b68b3,ef96d4b6-2a7a-4a2a-a9c8-abc6c59dda1d,SDR,FULL,2026-06-26 23:03:12.691+00,2026-06-29 02:27:25.80546+00
3ba92c00-d31c-41ca-8fd6-6e8057cb682d,6a6b2b58-1028-45c2-88a8-892036ad88d5,MASTER,FULL,2026-07-17 23:27:59.221241+00,2026-07-17 23:27:59.221241+00
a953589c-edd0-4ba8-b8e7-cfa595f55c20,6a6b2b58-1028-45c2-88a8-892036ad88d5,MANAGER,FULL,2026-07-17 23:27:59.221241+00,2026-07-17 23:27:59.221241+00
0e077c46-8850-4f02-9e81-94cd99c860e3,6a6b2b58-1028-45c2-88a8-892036ad88d5,BACKOFFICE,NONE,2026-07-17 23:27:59.221241+00,2026-07-17 23:27:59.221241+00
d9ee4d1c-69fc-4969-9a36-ed25e61099bc,6a6b2b58-1028-45c2-88a8-892036ad88d5,OPERATOR,NONE,2026-07-17 23:27:59.221241+00,2026-07-17 23:27:59.221241+00
70b4a3ab-8d47-4e41-a193-3f4957099cf8,6a6b2b58-1028-45c2-88a8-892036ad88d5,SDR,NONE,2026-07-17 23:27:59.221241+00,2026-07-17 23:27:59.221241+00
bb5b5de9-d4e6-402e-9e28-e3f25d39fe67,6a6b2b58-1028-45c2-88a8-892036ad88d5,CLOSER,NONE,2026-07-17 23:27:59.221241+00,2026-07-17 23:27:59.221241+00
d6509515-a07e-415d-a98f-a3cd48cdb75d,6a6b2b58-1028-45c2-88a8-892036ad88d5,CAN_MANAGE_TEAMS,NONE,2026-07-17 23:27:59.221241+00,2026-07-17 23:27:59.221241+00
6f620c90-2240-402f-b86e-80deb51fbc53,6a6b2b58-1028-45c2-88a8-892036ad88d5,CAN_CREATE_USERS,NONE,2026-07-17 23:27:59.221241+00,2026-07-17 23:27:59.221241+00
a3050df2-f658-4bf2-8356-95492c7eca2e,2b196b73-86d5-456a-93d2-42aaf96d81c9,MASTER,FULL,2026-07-21 15:01:56.609+00,2026-07-21 15:01:56.609+00
2adba8fc-436a-480d-b7a5-ec3992a17789,2b196b73-86d5-456a-93d2-42aaf96d81c9,MANAGER,FULL,2026-07-21 15:01:56.609+00,2026-07-21 15:01:56.609+00
12c4be17-2266-430f-860e-d692d52d2ab6,2b196b73-86d5-456a-93d2-42aaf96d81c9,BACKOFFICE,FULL,2026-07-21 15:01:56.609+00,2026-07-21 15:01:56.609+00
73a0e6dc-294a-4887-930e-bbd4a79d9b23,2b196b73-86d5-456a-93d2-42aaf96d81c9,OPERATOR,FULL,2026-07-21 15:01:56.609+00,2026-07-21 15:01:56.609+00
58dc2bd7-a6ed-4c41-b8b8-aa6ec7c46e98,90640650-f64a-4a51-b961-c546ea159797,MASTER,FULL,2026-06-26 23:03:11.908+00,2026-06-26 23:03:11.908+00
016641a4-987b-43ed-97a5-0c9da5f3d968,90640650-f64a-4a51-b961-c546ea159797,MANAGER,FULL,2026-06-26 23:03:11.908+00,2026-06-26 23:03:11.908+00
2d7ad86d-1804-4269-a058-e654096bcb8e,90640650-f64a-4a51-b961-c546ea159797,BACKOFFICE,FULL,2026-06-26 23:03:11.908+00,2026-06-26 23:03:11.908+00
4016d7bf-a85c-46b5-bd90-2e0bdbfdd6a1,90640650-f64a-4a51-b961-c546ea159797,OPERATOR,FULL,2026-06-26 23:03:11.908+00,2026-06-26 23:03:11.908+00
7eba47b4-c242-4988-b23d-c686f7c0cbe3,90640650-f64a-4a51-b961-c546ea159797,SDR,FULL,2026-06-26 23:03:11.908+00,2026-06-26 23:03:11.908+00
a4d1ead0-6fce-4d91-af65-5df0003ffaaa,90640650-f64a-4a51-b961-c546ea159797,CLOSER,FULL,2026-06-26 23:03:11.908+00,2026-06-26 23:03:11.908+00
b182f265-b8da-49e6-a28e-e905c3912501,90640650-f64a-4a51-b961-c546ea159797,CAN_MANAGE_TEAMS,NONE,2026-06-26 23:03:11.908+00,2026-06-26 23:03:11.908+00
dfd5d760-141e-4b87-bbb4-89384f6b2fe8,90640650-f64a-4a51-b961-c546ea159797,CAN_CREATE_USERS,NONE,2026-06-26 23:03:11.908+00,2026-06-26 23:03:11.908+00
cbca7790-bed8-41e9-9127-5b4167bbce78,3e4b55d6-904f-44e8-b81a-87158b7737b2,MASTER,FULL,2026-06-26 23:03:12.025+00,2026-06-26 23:03:12.025+00
fc4914c5-3c90-4a5f-bc38-ce9eb48049bb,3e4b55d6-904f-44e8-b81a-87158b7737b2,MANAGER,FULL,2026-06-26 23:03:12.025+00,2026-06-26 23:03:12.025+00
4046643f-d0bd-4eff-acd3-cc7077743116,3e4b55d6-904f-44e8-b81a-87158b7737b2,BACKOFFICE,FULL,2026-06-26 23:03:12.025+00,2026-06-26 23:03:12.025+00
c73fb903-0bac-46c8-9ba8-aee39e0781e0,3e4b55d6-904f-44e8-b81a-87158b7737b2,OPERATOR,FULL,2026-06-26 23:03:12.025+00,2026-06-26 23:03:12.025+00
452e4547-80da-4454-a656-153415240a0b,3e4b55d6-904f-44e8-b81a-87158b7737b2,SDR,FULL,2026-06-26 23:03:12.025+00,2026-06-26 23:03:12.025+00
7ef2a3be-2807-4d4e-beae-b279bf9c280d,3e4b55d6-904f-44e8-b81a-87158b7737b2,CLOSER,FULL,2026-06-26 23:03:12.025+00,2026-06-26 23:03:12.025+00
53d9b11a-9275-4bc1-8f14-4dbde1a1867b,3e4b55d6-904f-44e8-b81a-87158b7737b2,CAN_MANAGE_TEAMS,NONE,2026-06-26 23:03:12.025+00,2026-06-26 23:03:12.025+00
eeedd46b-9af7-4219-b55f-da3ffd71a34c,3e4b55d6-904f-44e8-b81a-87158b7737b2,CAN_CREATE_USERS,NONE,2026-06-26 23:03:12.025+00,2026-06-26 23:03:12.025+00
345ad210-3828-438b-b4c7-68dc6c02f07f,c1156247-3e04-44ac-8cde-518649a63d4c,MASTER,FULL,2026-06-26 23:03:12.134+00,2026-06-26 23:03:12.134+00
db6d45ed-ecd9-4a6b-9696-42f5f046ea95,c1156247-3e04-44ac-8cde-518649a63d4c,MANAGER,FULL,2026-06-26 23:03:12.134+00,2026-06-26 23:03:12.134+00
50adef54-0633-4b62-9d78-e492ade0ae7d,c1156247-3e04-44ac-8cde-518649a63d4c,BACKOFFICE,FULL,2026-06-26 23:03:12.134+00,2026-06-26 23:03:12.134+00
62ea2871-f718-4acf-8316-86d31e218f87,c1156247-3e04-44ac-8cde-518649a63d4c,OPERATOR,NONE,2026-06-26 23:03:12.134+00,2026-06-26 23:03:12.134+00
e24b82f1-0464-4ad7-9bc0-4e655eca3053,c1156247-3e04-44ac-8cde-518649a63d4c,SDR,NONE,2026-06-26 23:03:12.134+00,2026-06-26 23:03:12.134+00
0719e3a0-14b5-477c-b3c5-2c98c7171134,c1156247-3e04-44ac-8cde-518649a63d4c,CLOSER,NONE,2026-06-26 23:03:12.134+00,2026-06-26 23:03:12.134+00
74b3c680-7b49-4831-8443-c0cb423d36bd,c1156247-3e04-44ac-8cde-518649a63d4c,CAN_MANAGE_TEAMS,NONE,2026-06-26 23:03:12.134+00,2026-06-26 23:03:12.134+00
7fccf948-2252-4d53-b257-25e6141af762,c1156247-3e04-44ac-8cde-518649a63d4c,CAN_CREATE_USERS,NONE,2026-06-26 23:03:12.134+00,2026-06-26 23:03:12.134+00
ac3cd06b-9b03-4264-83c2-e37dc65d5984,9e637161-d227-4f98-86f3-966b48b3c091,MASTER,FULL,2026-06-26 23:03:12.247+00,2026-06-26 23:03:12.247+00
7eb6a5b5-cf80-4043-a93c-0f9bd21ab79d,9e637161-d227-4f98-86f3-966b48b3c091,MANAGER,FULL,2026-06-26 23:03:12.247+00,2026-06-26 23:03:12.247+00
ce66e276-97f1-458b-832c-b3b51c9715b5,9e637161-d227-4f98-86f3-966b48b3c091,BACKOFFICE,FULL,2026-06-26 23:03:12.247+00,2026-06-26 23:03:12.247+00
ef663b98-bad8-4856-a0b1-3686ad82b4bd,9e637161-d227-4f98-86f3-966b48b3c091,OPERATOR,FULL,2026-06-26 23:03:12.247+00,2026-06-26 23:03:12.247+00
535b5419-bfc6-48bf-bb42-cb7b7615d12c,9e637161-d227-4f98-86f3-966b48b3c091,SDR,FULL,2026-06-26 23:03:12.247+00,2026-06-26 23:03:12.247+00
75136d97-af62-4824-bb86-513c8ec91a66,9e637161-d227-4f98-86f3-966b48b3c091,CLOSER,FULL,2026-06-26 23:03:12.247+00,2026-06-26 23:03:12.247+00
0de13ddf-08c2-493b-a86b-4ea09e1353f6,9e637161-d227-4f98-86f3-966b48b3c091,CAN_MANAGE_TEAMS,NONE,2026-06-26 23:03:12.247+00,2026-06-26 23:03:12.247+00
9376f458-3a82-4590-96cb-ec6ad30978a4,9e637161-d227-4f98-86f3-966b48b3c091,CAN_CREATE_USERS,NONE,2026-06-26 23:03:12.247+00,2026-06-26 23:03:12.247+00
cce9ed15-96e7-4dba-8046-d4f5e7f03169,61a7a677-7218-47a7-a480-7a758601c572,MASTER,FULL,2026-06-26 23:03:12.358+00,2026-06-26 23:03:12.358+00
ab70807a-d0e8-48ce-b504-d807d38efa13,61a7a677-7218-47a7-a480-7a758601c572,MANAGER,FULL,2026-06-26 23:03:12.358+00,2026-06-26 23:03:12.358+00
158e14c7-3450-4c59-9d5b-ab9b66c98ef7,61a7a677-7218-47a7-a480-7a758601c572,BACKOFFICE,FULL,2026-06-26 23:03:12.358+00,2026-06-26 23:03:12.358+00
4a5fce56-6ca8-427e-96c4-f6669aaaf098,61a7a677-7218-47a7-a480-7a758601c572,OPERATOR,FULL,2026-06-26 23:03:12.358+00,2026-06-26 23:03:12.358+00
285f3457-8b58-46a3-b36e-8f09686022f7,61a7a677-7218-47a7-a480-7a758601c572,SDR,FULL,2026-06-26 23:03:12.358+00,2026-06-26 23:03:12.358+00
a9115f36-0522-4d9f-9633-b1da676cb844,61a7a677-7218-47a7-a480-7a758601c572,CLOSER,FULL,2026-06-26 23:03:12.358+00,2026-06-26 23:03:12.358+00
102cc1cc-e9dd-4089-8130-94ee000c23a7,61a7a677-7218-47a7-a480-7a758601c572,CAN_MANAGE_TEAMS,NONE,2026-06-26 23:03:12.358+00,2026-06-26 23:03:12.358+00
721c5a9d-cf8d-4064-ae7d-24a06fc64479,61a7a677-7218-47a7-a480-7a758601c572,CAN_CREATE_USERS,NONE,2026-06-26 23:03:12.358+00,2026-06-26 23:03:12.358+00
109a13a3-784d-4b13-8e67-78d908dd7d8f,56d21c5a-9efa-4048-b2b9-1e936c870e37,MASTER,FULL,2026-06-26 23:03:12.466+00,2026-06-26 23:03:12.466+00
f885eb64-4d91-4c1b-b097-bc1f8ee5e60e,56d21c5a-9efa-4048-b2b9-1e936c870e37,MANAGER,FULL,2026-06-26 23:03:12.466+00,2026-06-26 23:03:12.466+00
58524e80-b0ee-402d-a4c4-a4061edf221d,56d21c5a-9efa-4048-b2b9-1e936c870e37,BACKOFFICE,FULL,2026-06-26 23:03:12.466+00,2026-06-26 23:03:12.466+00
633579b2-c171-4d10-b189-62b257d1b132,56d21c5a-9efa-4048-b2b9-1e936c870e37,OPERATOR,FULL,2026-06-26 23:03:12.466+00,2026-06-26 23:03:12.466+00
25fa601a-0f12-4d7e-a2ae-4a251dc3733c,56d21c5a-9efa-4048-b2b9-1e936c870e37,SDR,FULL,2026-06-26 23:03:12.466+00,2026-06-26 23:03:12.466+00
bd3776cf-b43c-41ae-8be8-9f0d70782f86,56d21c5a-9efa-4048-b2b9-1e936c870e37,CLOSER,FULL,2026-06-26 23:03:12.466+00,2026-06-26 23:03:12.466+00
3e7521cd-a4ee-40cd-b8ef-2b5eaad02435,56d21c5a-9efa-4048-b2b9-1e936c870e37,CAN_MANAGE_TEAMS,NONE,2026-06-26 23:03:12.466+00,2026-06-26 23:03:12.466+00
4ff21d38-0f32-4994-a2fd-9b0a63bdaca4,56d21c5a-9efa-4048-b2b9-1e936c870e37,CAN_CREATE_USERS,NONE,2026-06-26 23:03:12.466+00,2026-06-26 23:03:12.466+00
f57095e0-53ba-4905-99f3-b8a2f44db259,0e9888b1-7aa1-4d4d-9c2d-6402a920761e,MASTER,FULL,2026-06-26 23:03:12.574+00,2026-06-26 23:03:12.574+00
e8f69452-c88a-45c0-a2b9-ef13afc51c46,0e9888b1-7aa1-4d4d-9c2d-6402a920761e,MANAGER,FULL,2026-06-26 23:03:12.574+00,2026-06-26 23:03:12.574+00
f5a12e4d-474b-459c-9656-4729d08c7fe6,0e9888b1-7aa1-4d4d-9c2d-6402a920761e,BACKOFFICE,FULL,2026-06-26 23:03:12.574+00,2026-06-26 23:03:12.574+00
fdf2163a-f7e1-4012-9748-ce120b7e3b3a,0e9888b1-7aa1-4d4d-9c2d-6402a920761e,OPERATOR,NONE,2026-06-26 23:03:12.574+00,2026-06-26 23:03:12.574+00
d7e28e70-1a19-40a1-85cf-8ad68c78c89e,0e9888b1-7aa1-4d4d-9c2d-6402a920761e,SDR,NONE,2026-06-26 23:03:12.574+00,2026-06-26 23:03:12.574+00
4c2de9f1-0f0e-4d91-8bde-2088825d9e64,0e9888b1-7aa1-4d4d-9c2d-6402a920761e,CLOSER,NONE,2026-06-26 23:03:12.574+00,2026-06-26 23:03:12.574+00
7c9c7790-d408-4c8d-a95d-a20809a7b42e,0e9888b1-7aa1-4d4d-9c2d-6402a920761e,CAN_MANAGE_TEAMS,NONE,2026-06-26 23:03:12.574+00,2026-06-26 23:03:12.574+00
076691c6-df5c-4b81-9391-7a8d7262767c,0e9888b1-7aa1-4d4d-9c2d-6402a920761e,CAN_CREATE_USERS,NONE,2026-06-26 23:03:12.574+00,2026-06-26 23:03:12.574+00
44608682-c906-4dd5-b303-8fac9e50b874,ef96d4b6-2a7a-4a2a-a9c8-abc6c59dda1d,MASTER,FULL,2026-06-26 23:03:12.691+00,2026-06-26 23:03:12.691+00
25cd5a9c-017b-496c-ab58-c58a5e7243a2,ef96d4b6-2a7a-4a2a-a9c8-abc6c59dda1d,MANAGER,FULL,2026-06-26 23:03:12.691+00,2026-06-26 23:03:12.691+00
b8b1ebf2-44b5-4d99-82fa-768cb70c7ae2,ef96d4b6-2a7a-4a2a-a9c8-abc6c59dda1d,BACKOFFICE,FULL,2026-06-26 23:03:12.691+00,2026-06-26 23:03:12.691+00
f034d979-18c5-4fe8-84d1-8c09cf88e5e3,ef96d4b6-2a7a-4a2a-a9c8-abc6c59dda1d,OPERATOR,NONE,2026-06-26 23:03:12.691+00,2026-06-26 23:03:12.691+00
acb2d31b-0b35-4bbc-8db2-3c9d67ebafe8,ef96d4b6-2a7a-4a2a-a9c8-abc6c59dda1d,CLOSER,FULL,2026-06-26 23:03:12.691+00,2026-06-26 23:03:12.691+00
62b86ccc-bbe3-492b-8a6f-10fa584ccd5e,ef96d4b6-2a7a-4a2a-a9c8-abc6c59dda1d,CAN_MANAGE_TEAMS,NONE,2026-06-26 23:03:12.691+00,2026-06-26 23:03:12.691+00
02b4e600-3f66-4527-8dec-d9b1d2011f34,ef96d4b6-2a7a-4a2a-a9c8-abc6c59dda1d,CAN_CREATE_USERS,NONE,2026-06-26 23:03:12.691+00,2026-06-26 23:03:12.691+00
bcc1e96b-99c2-4161-9e6f-0566c342bece,7bf655b0-005e-4aeb-8e35-4b7a64cb92cd,MASTER,FULL,2026-06-26 23:03:12.805+00,2026-06-26 23:03:12.805+00
dbdee2db-3267-4570-a569-5f771b7997ad,7bf655b0-005e-4aeb-8e35-4b7a64cb92cd,MANAGER,NONE,2026-06-26 23:03:12.805+00,2026-06-26 23:03:12.805+00
69eaa6d2-781a-4c59-a4d7-c01dd2055a0a,7bf655b0-005e-4aeb-8e35-4b7a64cb92cd,BACKOFFICE,NONE,2026-06-26 23:03:12.805+00,2026-06-26 23:03:12.805+00
e2486138-3d5f-45da-a09a-2f678b4f0dab,7bf655b0-005e-4aeb-8e35-4b7a64cb92cd,OPERATOR,NONE,2026-06-26 23:03:12.805+00,2026-06-26 23:03:12.805+00
e792892f-7358-4549-b6a6-0e0cabde73db,2b196b73-86d5-456a-93d2-42aaf96d81c9,CAN_MANAGE_TEAMS,FULL,2026-07-21 15:01:56.609+00,2026-07-21 15:01:56.609+00
13e97a09-1da2-4a4b-9c11-12a7bf5c04db,2b196b73-86d5-456a-93d2-42aaf96d81c9,CAN_CREATE_USERS,FULL,2026-07-21 15:01:56.609+00,2026-07-21 15:01:56.609+00
915fffe9-be76-407f-a29e-e444aa187d05,2b196b73-86d5-456a-93d2-42aaf96d81c9,CLOSER,FULL,2026-07-21 15:01:56.609+00,2026-07-21 15:01:56.609+00
0334017b-ab6a-4f61-8e26-08f7e78df9f4,2b196b73-86d5-456a-93d2-42aaf96d81c9,SDR,FULL,2026-07-21 15:01:56.609+00,2026-07-21 15:01:56.609+00
52125e46-ec66-4813-a4f6-9db8344afa25,7bf655b0-005e-4aeb-8e35-4b7a64cb92cd,SDR,NONE,2026-06-26 23:03:12.805+00,2026-06-26 23:03:12.805+00
67109076-b9c1-4875-887a-eb2e67f9c22a,7bf655b0-005e-4aeb-8e35-4b7a64cb92cd,CLOSER,NONE,2026-06-26 23:03:12.805+00,2026-06-26 23:03:12.805+00
db9fc50c-9091-42ac-8838-9cba4bd30487,7bf655b0-005e-4aeb-8e35-4b7a64cb92cd,CAN_MANAGE_TEAMS,FULL,2026-06-26 23:03:12.805+00,2026-06-26 23:03:12.805+00
07e9b14b-11f7-46b9-bd95-66b9bee56b34,7bf655b0-005e-4aeb-8e35-4b7a64cb92cd,CAN_CREATE_USERS,NONE,2026-06-26 23:03:12.805+00,2026-06-26 23:03:12.805+00
bab6b69f-8c94-43e1-976d-a63f0b8d94a8,6367c984-e48e-455f-86f0-288150ec8973,MASTER,FULL,2026-06-26 23:03:12.924+00,2026-06-26 23:03:12.924+00
b84b42e7-0aa0-4e38-a7dd-02e0d0359a64,6367c984-e48e-455f-86f0-288150ec8973,MANAGER,FULL,2026-06-26 23:03:12.924+00,2026-06-26 23:03:12.924+00
05b08aef-4fb7-4522-9586-70d8771083f9,6367c984-e48e-455f-86f0-288150ec8973,BACKOFFICE,NONE,2026-06-26 23:03:12.924+00,2026-06-26 23:03:12.924+00
ac17d02e-d51a-4764-867e-2f5c1e8551e1,6367c984-e48e-455f-86f0-288150ec8973,OPERATOR,NONE,2026-06-26 23:03:12.924+00,2026-06-26 23:03:12.924+00
bafda200-fe00-4ec8-9106-c23b7ff78009,6367c984-e48e-455f-86f0-288150ec8973,SDR,NONE,2026-06-26 23:03:12.924+00,2026-06-26 23:03:12.924+00
1430673a-569f-4812-9de8-2ae6fc2dc4e8,6367c984-e48e-455f-86f0-288150ec8973,CLOSER,NONE,2026-06-26 23:03:12.924+00,2026-06-26 23:03:12.924+00
23fc6930-ce30-4c56-ae6f-c2743d5d9f6e,6367c984-e48e-455f-86f0-288150ec8973,CAN_MANAGE_TEAMS,NONE,2026-06-26 23:03:12.924+00,2026-06-26 23:03:12.924+00
482d86da-ec4f-477e-8f8f-6fb1ccbf83b4,6367c984-e48e-455f-86f0-288150ec8973,CAN_CREATE_USERS,FULL,2026-06-26 23:03:12.924+00,2026-06-26 23:03:12.924+00
f9efa6e1-9732-44ae-94b7-8757430e4298,db89daa0-0db9-4dd8-ac05-ffb2c30b7d0c,MASTER,FULL,2026-06-26 23:03:13.037+00,2026-06-26 23:03:13.037+00
64671419-f58f-4c68-a23f-46df6e938d8a,db89daa0-0db9-4dd8-ac05-ffb2c30b7d0c,MANAGER,FULL,2026-06-26 23:03:13.037+00,2026-06-26 23:03:13.037+00
9c041f8f-94c4-4c4c-88d4-3836d43286e5,db89daa0-0db9-4dd8-ac05-ffb2c30b7d0c,BACKOFFICE,NONE,2026-06-26 23:03:13.037+00,2026-06-26 23:03:13.037+00
0e1455d9-c289-4191-b4f1-650e855bccea,db89daa0-0db9-4dd8-ac05-ffb2c30b7d0c,OPERATOR,NONE,2026-06-26 23:03:13.037+00,2026-06-26 23:03:13.037+00
672f2835-a1b9-4067-82ed-c3211fa89a13,db89daa0-0db9-4dd8-ac05-ffb2c30b7d0c,SDR,NONE,2026-06-26 23:03:13.037+00,2026-06-26 23:03:13.037+00
95cff242-d827-47ac-b528-a3a37d0a4306,db89daa0-0db9-4dd8-ac05-ffb2c30b7d0c,CLOSER,NONE,2026-06-26 23:03:13.037+00,2026-06-26 23:03:13.037+00
7b3f6a23-939e-420e-aef8-82f685cd7685,db89daa0-0db9-4dd8-ac05-ffb2c30b7d0c,CAN_MANAGE_TEAMS,NONE,2026-06-26 23:03:13.037+00,2026-06-26 23:03:13.037+00
a8b4c557-3f7d-49fc-b62d-09bdb239bf85,db89daa0-0db9-4dd8-ac05-ffb2c30b7d0c,CAN_CREATE_USERS,NONE,2026-06-26 23:03:13.037+00,2026-06-26 23:03:13.037+00
27f02d07-7161-4852-bead-3dc3c2e43fbc,5153a160-b041-4ffd-aa1f-3131378fb62f,MASTER,FULL,2026-06-26 23:03:13.158+00,2026-06-26 23:03:13.158+00
46812e16-2f8b-4fba-8272-8a809e36d998,5153a160-b041-4ffd-aa1f-3131378fb62f,MANAGER,FULL,2026-06-26 23:03:13.158+00,2026-06-26 23:03:13.158+00
62b4c163-8112-4c9d-b6a7-ee80ca227878,5153a160-b041-4ffd-aa1f-3131378fb62f,BACKOFFICE,NONE,2026-06-26 23:03:13.158+00,2026-06-26 23:03:13.158+00
4caa7935-94e2-4de5-bc1e-a14dd1661360,5153a160-b041-4ffd-aa1f-3131378fb62f,OPERATOR,NONE,2026-06-26 23:03:13.158+00,2026-06-26 23:03:13.158+00
197d3d41-34ef-4ae4-a044-773d00f39141,5153a160-b041-4ffd-aa1f-3131378fb62f,SDR,NONE,2026-06-26 23:03:13.158+00,2026-06-26 23:03:13.158+00
4ae6313a-6212-4e2c-8a22-c4d274625f72,5153a160-b041-4ffd-aa1f-3131378fb62f,CLOSER,NONE,2026-06-26 23:03:13.158+00,2026-06-26 23:03:13.158+00
741255df-ed9b-4d1a-9ecc-09555393c62b,5153a160-b041-4ffd-aa1f-3131378fb62f,CAN_MANAGE_TEAMS,NONE,2026-06-26 23:03:13.158+00,2026-06-26 23:03:13.158+00
8d73de75-31b0-4701-8041-5618f71ad597,5153a160-b041-4ffd-aa1f-3131378fb62f,CAN_CREATE_USERS,NONE,2026-06-26 23:03:13.158+00,2026-06-26 23:03:13.158+00
4f7b1396-c6c1-4cf6-9bd4-a80d59150f3b,4b66cda6-b323-4d33-ab83-ae1662f2647d,MASTER,FULL,2026-06-26 23:03:13.292+00,2026-06-26 23:03:13.292+00
6a1dc26c-770a-4453-bf61-1c3f83847be9,4b66cda6-b323-4d33-ab83-ae1662f2647d,MANAGER,FULL,2026-06-26 23:03:13.292+00,2026-06-26 23:03:13.292+00
df0ddfac-9a28-4c01-8584-ed31d15e69d9,4b66cda6-b323-4d33-ab83-ae1662f2647d,BACKOFFICE,NONE,2026-06-26 23:03:13.292+00,2026-06-26 23:03:13.292+00
f6f2dc93-666c-4a38-8d84-9478533ca53a,4b66cda6-b323-4d33-ab83-ae1662f2647d,OPERATOR,NONE,2026-06-26 23:03:13.292+00,2026-06-26 23:03:13.292+00
f94e9e9b-37b5-43be-af11-f26376f8a1e9,4b66cda6-b323-4d33-ab83-ae1662f2647d,SDR,NONE,2026-06-26 23:03:13.292+00,2026-06-26 23:03:13.292+00
ccada35b-4dfb-4c2f-9962-66211c01fa78,4b66cda6-b323-4d33-ab83-ae1662f2647d,CLOSER,NONE,2026-06-26 23:03:13.292+00,2026-06-26 23:03:13.292+00
bee2f539-b014-43f4-9411-10536c1284f8,4b66cda6-b323-4d33-ab83-ae1662f2647d,CAN_MANAGE_TEAMS,NONE,2026-06-26 23:03:13.292+00,2026-06-26 23:03:13.292+00
2d516917-f7a3-4423-a189-46c25b186b12,4b66cda6-b323-4d33-ab83-ae1662f2647d,CAN_CREATE_USERS,NONE,2026-06-26 23:03:13.292+00,2026-06-26 23:03:13.292+00
feb771db-8481-4350-829c-42dc306f8703,8b43eb8f-019d-4114-8b60-87cbf8f02c55,MASTER,FULL,2026-06-26 23:03:13.406+00,2026-06-26 23:03:13.406+00
a01a65cf-5b29-4905-b17f-f4f4508bfe6d,8b43eb8f-019d-4114-8b60-87cbf8f02c55,MANAGER,FULL,2026-06-26 23:03:13.406+00,2026-06-26 23:03:13.406+00
d2be8d34-54b7-474e-9202-b630863907ed,8b43eb8f-019d-4114-8b60-87cbf8f02c55,BACKOFFICE,NONE,2026-06-26 23:03:13.406+00,2026-06-26 23:03:13.406+00
a4d701a4-54ca-4d75-97fa-eaec6412cd78,8b43eb8f-019d-4114-8b60-87cbf8f02c55,OPERATOR,NONE,2026-06-26 23:03:13.406+00,2026-06-26 23:03:13.406+00
c7e7ccc4-74aa-4231-8e38-b87530d13b44,8b43eb8f-019d-4114-8b60-87cbf8f02c55,SDR,NONE,2026-06-26 23:03:13.406+00,2026-06-26 23:03:13.406+00
a74d77dc-290a-48a5-9586-4b2d9ebf5726,8b43eb8f-019d-4114-8b60-87cbf8f02c55,CLOSER,NONE,2026-06-26 23:03:13.406+00,2026-06-26 23:03:13.406+00
9c5722a0-d8ef-4ce5-9454-75f2a4847c70,8b43eb8f-019d-4114-8b60-87cbf8f02c55,CAN_MANAGE_TEAMS,NONE,2026-06-26 23:03:13.406+00,2026-06-26 23:03:13.406+00
cfd63d9b-ef89-4536-864b-1577f8419639,8b43eb8f-019d-4114-8b60-87cbf8f02c55,CAN_CREATE_USERS,NONE,2026-06-26 23:03:13.406+00,2026-06-26 23:03:13.406+00
1b733cb4-643f-4ab4-a313-9b6ef4501749,9a641b86-45d9-4977-b8c9-4a888ade4b62,MASTER,FULL,2026-06-26 23:03:13.554+00,2026-06-26 23:03:13.554+00
a0cdae80-24be-4e6f-b9ed-1150e1b748b1,9a641b86-45d9-4977-b8c9-4a888ade4b62,MANAGER,FULL,2026-06-26 23:03:13.554+00,2026-06-26 23:03:13.554+00
f0bb33aa-2703-491f-af45-f355b24a104b,9a641b86-45d9-4977-b8c9-4a888ade4b62,BACKOFFICE,NONE,2026-06-26 23:03:13.554+00,2026-06-26 23:03:13.554+00
7b314e90-6b63-4d16-9f3c-1b0683716055,9a641b86-45d9-4977-b8c9-4a888ade4b62,OPERATOR,NONE,2026-06-26 23:03:13.554+00,2026-06-26 23:03:13.554+00
9a732df9-4139-40e8-9b25-396cfdeadfd7,9a641b86-45d9-4977-b8c9-4a888ade4b62,SDR,NONE,2026-06-26 23:03:13.554+00,2026-06-26 23:03:13.554+00
78161c29-7068-43d2-9e10-b79817ed5d86,9a641b86-45d9-4977-b8c9-4a888ade4b62,CLOSER,NONE,2026-06-26 23:03:13.554+00,2026-06-26 23:03:13.554+00
23d7684c-0b38-4d25-93c3-c7e7ee8450c5,9a641b86-45d9-4977-b8c9-4a888ade4b62,CAN_MANAGE_TEAMS,NONE,2026-06-26 23:03:13.554+00,2026-06-26 23:03:13.554+00
fe70f370-f59e-42b7-b56e-bd2455dfb841,9a641b86-45d9-4977-b8c9-4a888ade4b62,CAN_CREATE_USERS,NONE,2026-06-26 23:03:13.554+00,2026-06-26 23:03:13.554+00
63f8d6f2-7b9e-4b35-b883-865ee699b65f,9b56a88c-181e-46ed-9d22-94404e74a298,MASTER,FULL,2026-06-26 23:03:13.699+00,2026-06-26 23:03:13.699+00
e6564652-9b6c-40b6-88d4-3387a22ecf24,8d8918c8-0b49-494b-9914-11d9e5555f61,MASTER,FULL,2026-07-18 21:07:39.118178+00,2026-07-18 21:07:39.118178+00
5811f245-56f3-4659-bc61-fff475763ce2,8d8918c8-0b49-494b-9914-11d9e5555f61,MANAGER,NONE,2026-07-18 21:07:39.118178+00,2026-07-18 21:07:39.118178+00
2f22e85d-8d8e-4e0f-aeec-3ab78cc0dde9,8d8918c8-0b49-494b-9914-11d9e5555f61,BACKOFFICE,FULL,2026-07-18 21:07:39.118178+00,2026-07-18 21:07:39.118178+00
52a362a2-9815-4cdd-b60a-5ab2ad0f573b,8d8918c8-0b49-494b-9914-11d9e5555f61,OPERATOR,NONE,2026-07-18 21:07:39.118178+00,2026-07-18 21:07:39.118178+00
9ab1e6f7-ea3b-46b5-a085-569f715286c2,8d8918c8-0b49-494b-9914-11d9e5555f61,SDR,NONE,2026-07-18 21:07:39.118178+00,2026-07-18 21:07:39.118178+00
add66a32-c231-4313-a18f-81524be2d442,8d8918c8-0b49-494b-9914-11d9e5555f61,CLOSER,NONE,2026-07-18 21:07:39.118178+00,2026-07-18 21:07:39.118178+00
2e91c999-f9f9-4096-b319-3303ecf0a696,8d8918c8-0b49-494b-9914-11d9e5555f61,CAN_MANAGE_TEAMS,NONE,2026-07-18 21:07:39.118178+00,2026-07-18 21:07:39.118178+00
984d4909-1966-4576-b5f2-5e48f42951c9,8d8918c8-0b49-494b-9914-11d9e5555f61,CAN_CREATE_USERS,NONE,2026-07-18 21:07:39.118178+00,2026-07-18 21:07:39.118178+00
a6b8ca88-6714-4830-b606-021a8816817a,d56afc8d-58e2-4549-9697-a22395371eb3,BACKOFFICE,FULL,2026-07-23 22:20:28.332+00,2026-07-23 22:20:28.332+00
f4443152-6577-4110-a957-7aad6f589ef3,d56afc8d-58e2-4549-9697-a22395371eb3,MASTER,FULL,2026-07-23 22:20:28.332+00,2026-07-23 22:20:28.332+00
580ae9f4-eebd-41ff-9690-50aba5182751,d56afc8d-58e2-4549-9697-a22395371eb3,MANAGER,FULL,2026-07-23 22:20:28.332+00,2026-07-23 22:20:28.332+00
d242f210-55d3-46cb-85ce-a1480a6fc5b3,d56afc8d-58e2-4549-9697-a22395371eb3,OPERATOR,NONE,2026-07-23 22:20:28.332+00,2026-07-23 22:20:28.332+00
bf2a2428-4672-49eb-943b-afdd948a66d7,d56afc8d-58e2-4549-9697-a22395371eb3,SDR,NONE,2026-07-23 22:20:28.332+00,2026-07-23 22:20:28.332+00
53aac196-8e68-4c7d-ac8f-f060abd9292c,d56afc8d-58e2-4549-9697-a22395371eb3,CLOSER,NONE,2026-07-23 22:20:28.332+00,2026-07-23 22:20:28.332+00
a28e721f-09c5-4577-a735-d4b87df8645b,d56afc8d-58e2-4549-9697-a22395371eb3,CAN_MANAGE_TEAMS,NONE,2026-07-23 22:20:28.332+00,2026-07-23 22:20:28.332+00
3992dcda-3f5c-4878-a11a-7927e775c5af,d56afc8d-58e2-4549-9697-a22395371eb3,CAN_CREATE_USERS,NONE,2026-07-23 22:20:28.332+00,2026-07-23 22:20:28.332+00
613044e7-ea2f-40a0-ae7f-01f8c647af5a,b8d0a7b2-c97a-4e75-b987-b144deb1473b,MASTER,FULL,2026-07-01 05:05:54.759617+00,2026-07-01 05:05:54.759617+00
c5c34e45-28d0-471a-8424-abcd21a3c124,b8d0a7b2-c97a-4e75-b987-b144deb1473b,MANAGER,NONE,2026-07-01 05:05:54.759617+00,2026-07-01 05:05:54.759617+00
bc09bad0-aecb-4219-ab03-cc1c758784d4,b8d0a7b2-c97a-4e75-b987-b144deb1473b,BACKOFFICE,FULL,2026-07-01 05:05:54.759617+00,2026-07-01 05:05:54.759617+00
c5f6a836-c617-470d-a133-0747c774f244,b8d0a7b2-c97a-4e75-b987-b144deb1473b,OPERATOR,NONE,2026-07-01 05:05:54.759617+00,2026-07-01 05:05:54.759617+00
31a8c820-9782-4359-8b52-b60a52651d86,b8d0a7b2-c97a-4e75-b987-b144deb1473b,SDR,NONE,2026-07-01 05:05:54.759617+00,2026-07-01 05:05:54.759617+00
6b577f3a-1b5f-4389-a9a9-f70711323c5f,b8d0a7b2-c97a-4e75-b987-b144deb1473b,CLOSER,NONE,2026-07-01 05:05:54.759617+00,2026-07-01 05:05:54.759617+00
77993a05-bbc7-43d6-b9fa-3049e39db8f3,b8d0a7b2-c97a-4e75-b987-b144deb1473b,CAN_MANAGE_TEAMS,NONE,2026-07-01 05:05:54.759617+00,2026-07-01 05:05:54.759617+00
071ce516-e81d-49f7-9447-e69ebd4694df,b8d0a7b2-c97a-4e75-b987-b144deb1473b,CAN_CREATE_USERS,NONE,2026-07-01 05:05:54.759617+00,2026-07-01 05:05:54.759617+00
77ca526d-5fa7-4ec1-833c-1aa85d7cdf2e,7b67027c-5be3-4ec3-81c3-11ce51477b3e,MASTER,FULL,2026-07-20 14:43:08.328884+00,2026-07-20 14:43:08.328884+00
078da879-18c0-469b-8349-079984060e0b,7b67027c-5be3-4ec3-81c3-11ce51477b3e,BACKOFFICE,FULL,2026-07-20 14:43:08.328884+00,2026-07-20 14:43:08.328884+00
4f262dc4-3fda-456f-84de-404422d16923,9b56a88c-181e-46ed-9d22-94404e74a298,MANAGER,FULL,2026-06-26 23:03:13.699+00,2026-06-26 23:03:13.699+00
cfca2329-663f-4591-b758-a475afc704b4,9b56a88c-181e-46ed-9d22-94404e74a298,BACKOFFICE,NONE,2026-06-26 23:03:13.699+00,2026-06-26 23:03:13.699+00
1cbd080d-e4a6-42a5-a01a-0f737aafc1df,9b56a88c-181e-46ed-9d22-94404e74a298,OPERATOR,NONE,2026-06-26 23:03:13.699+00,2026-06-26 23:03:13.699+00
2e9f16ac-896a-4ac3-9e04-c51843e22f8c,9b56a88c-181e-46ed-9d22-94404e74a298,SDR,NONE,2026-06-26 23:03:13.699+00,2026-06-26 23:03:13.699+00
2d0471b4-73c7-46c2-9564-4502f2b1d34f,9b56a88c-181e-46ed-9d22-94404e74a298,CLOSER,NONE,2026-06-26 23:03:13.699+00,2026-06-26 23:03:13.699+00
2c91b494-0df0-4444-b79e-aaa74faa350a,9b56a88c-181e-46ed-9d22-94404e74a298,CAN_MANAGE_TEAMS,NONE,2026-06-26 23:03:13.699+00,2026-06-26 23:03:13.699+00
75f58fe7-c038-44d3-8609-3102640bfe50,9b56a88c-181e-46ed-9d22-94404e74a298,CAN_CREATE_USERS,NONE,2026-06-26 23:03:13.699+00,2026-06-26 23:03:13.699+00
7319f309-823a-491c-9345-b40fbfdecd17,1f5e4faf-91c7-4cec-a68d-7ac4f583b889,MASTER,FULL,2026-06-26 23:03:13.815+00,2026-06-26 23:03:13.815+00
d00b7885-c496-4576-883f-8adaf76272dd,1f5e4faf-91c7-4cec-a68d-7ac4f583b889,MANAGER,FULL,2026-06-26 23:03:13.815+00,2026-06-26 23:03:13.815+00
4da2f1ab-3bf4-4789-9947-5dada9c93a94,1f5e4faf-91c7-4cec-a68d-7ac4f583b889,BACKOFFICE,NONE,2026-06-26 23:03:13.815+00,2026-06-26 23:03:13.815+00
4d3e47e8-9c7a-4abf-a8c8-7859e0d26ea8,1f5e4faf-91c7-4cec-a68d-7ac4f583b889,OPERATOR,NONE,2026-06-26 23:03:13.815+00,2026-06-26 23:03:13.815+00
7594d0cf-5f21-4a62-bc75-b1cf89d28ecf,1f5e4faf-91c7-4cec-a68d-7ac4f583b889,SDR,NONE,2026-06-26 23:03:13.815+00,2026-06-26 23:03:13.815+00
5a8cc9cc-2bcc-4ef6-b0e2-099a0d4b6107,1f5e4faf-91c7-4cec-a68d-7ac4f583b889,CLOSER,NONE,2026-06-26 23:03:13.815+00,2026-06-26 23:03:13.815+00
e0a46ae6-8564-41b7-bd6e-20015f6b8301,1f5e4faf-91c7-4cec-a68d-7ac4f583b889,CAN_MANAGE_TEAMS,NONE,2026-06-26 23:03:13.815+00,2026-06-26 23:03:13.815+00
f643d4ea-b3e0-48d3-85b9-e752356a6a06,1f5e4faf-91c7-4cec-a68d-7ac4f583b889,CAN_CREATE_USERS,NONE,2026-06-26 23:03:13.815+00,2026-06-26 23:03:13.815+00
b6cd4177-b629-4d3f-a947-849ce482aa34,1b90138d-00ca-4338-8530-c528cd9f0c4e,MASTER,FULL,2026-06-26 23:03:13.931+00,2026-06-26 23:03:13.931+00
eebaa529-5726-4e79-bd69-c348add5e920,1b90138d-00ca-4338-8530-c528cd9f0c4e,MANAGER,FULL,2026-06-26 23:03:13.931+00,2026-06-26 23:03:13.931+00
e472d5fd-4dfa-478a-bff4-c1ef7935b777,1b90138d-00ca-4338-8530-c528cd9f0c4e,BACKOFFICE,FULL,2026-06-26 23:03:13.931+00,2026-06-26 23:03:13.931+00
02916faf-cf7d-4a15-88e4-e5d56aad09e3,1b90138d-00ca-4338-8530-c528cd9f0c4e,OPERATOR,FULL,2026-06-26 23:03:13.931+00,2026-06-26 23:03:13.931+00
59afcc5d-c804-4dd0-9d2a-dd17b7480c06,1b90138d-00ca-4338-8530-c528cd9f0c4e,SDR,FULL,2026-06-26 23:03:13.931+00,2026-06-26 23:03:13.931+00
a27637cf-0cee-4abd-8651-bd0d830b1dfa,1b90138d-00ca-4338-8530-c528cd9f0c4e,CLOSER,FULL,2026-06-26 23:03:13.931+00,2026-06-26 23:03:13.931+00
664eb13c-98a4-46a5-890a-dd082fa6fd46,1b90138d-00ca-4338-8530-c528cd9f0c4e,CAN_MANAGE_TEAMS,NONE,2026-06-26 23:03:13.931+00,2026-06-26 23:03:13.931+00
1fba1967-6e2e-40c0-aaaf-b1e6467888af,1b90138d-00ca-4338-8530-c528cd9f0c4e,CAN_CREATE_USERS,NONE,2026-06-26 23:03:13.931+00,2026-06-26 23:03:13.931+00
10eb63e4-d45d-41c4-8613-0d6a7465ab3b,6b3c9209-96e6-456f-bc4d-f10e7f1c6e5c,MASTER,FULL,2026-06-26 23:03:14.046+00,2026-06-26 23:03:14.046+00
7186926b-de3e-499a-ab26-ed18725dad9b,6b3c9209-96e6-456f-bc4d-f10e7f1c6e5c,MANAGER,FULL,2026-06-26 23:03:14.046+00,2026-06-26 23:03:14.046+00
d8073737-feda-470e-9822-d6584bd9f15f,6b3c9209-96e6-456f-bc4d-f10e7f1c6e5c,BACKOFFICE,NONE,2026-06-26 23:03:14.046+00,2026-06-26 23:03:14.046+00
03a019a5-3afd-41ff-9584-f63eae07dbea,6b3c9209-96e6-456f-bc4d-f10e7f1c6e5c,OPERATOR,NONE,2026-06-26 23:03:14.046+00,2026-06-26 23:03:14.046+00
968621e7-7307-4c8b-94b4-db749005ed26,6b3c9209-96e6-456f-bc4d-f10e7f1c6e5c,SDR,NONE,2026-06-26 23:03:14.046+00,2026-06-26 23:03:14.046+00
acd2b315-5e91-431c-870e-a66fa6f6f20f,6b3c9209-96e6-456f-bc4d-f10e7f1c6e5c,CLOSER,NONE,2026-06-26 23:03:14.046+00,2026-06-26 23:03:14.046+00
6b2146af-e49a-4c82-9cfb-19fb6e422291,6b3c9209-96e6-456f-bc4d-f10e7f1c6e5c,CAN_MANAGE_TEAMS,NONE,2026-06-26 23:03:14.046+00,2026-06-26 23:03:14.046+00
c5616001-23f2-4d51-b4bb-278b355884a4,6b3c9209-96e6-456f-bc4d-f10e7f1c6e5c,CAN_CREATE_USERS,NONE,2026-06-26 23:03:14.046+00,2026-06-26 23:03:14.046+00
39e327d7-dcbd-4a1e-befd-1ef4f44a7093,dc69c99f-615e-48ab-96f6-c801c25c1348,MASTER,FULL,2026-06-26 23:03:14.368+00,2026-06-26 23:03:14.368+00
19667a7f-b367-46d8-85d2-4f366e3ea6ff,dc69c99f-615e-48ab-96f6-c801c25c1348,MANAGER,NONE,2026-06-26 23:03:14.368+00,2026-06-26 23:03:14.368+00
e905a9e4-cc16-4be8-826a-e57c771bb0d8,dc69c99f-615e-48ab-96f6-c801c25c1348,BACKOFFICE,NONE,2026-06-26 23:03:14.368+00,2026-06-26 23:03:14.368+00
3b199dae-0cf0-4fd4-a2f0-d852b24605fc,dc69c99f-615e-48ab-96f6-c801c25c1348,OPERATOR,NONE,2026-06-26 23:03:14.368+00,2026-06-26 23:03:14.368+00
55256fd5-94b5-4593-8036-d255641e3b14,dc69c99f-615e-48ab-96f6-c801c25c1348,SDR,NONE,2026-06-26 23:03:14.368+00,2026-06-26 23:03:14.368+00
330f5e21-e18b-4a1c-9e4d-bf1e6c9de91d,dc69c99f-615e-48ab-96f6-c801c25c1348,CLOSER,NONE,2026-06-26 23:03:14.368+00,2026-06-26 23:03:14.368+00
f742b5fc-ada0-4d15-a365-fc419acbecc4,dc69c99f-615e-48ab-96f6-c801c25c1348,CAN_MANAGE_TEAMS,NONE,2026-06-26 23:03:14.368+00,2026-06-26 23:03:14.368+00
a45209c6-0345-4d01-92f9-c654ef6a8efa,dc69c99f-615e-48ab-96f6-c801c25c1348,CAN_CREATE_USERS,NONE,2026-06-26 23:03:14.368+00,2026-06-26 23:03:14.368+00
