id,slug,name,description,parentId,productSlug,accessMode,defaultAccessLevel,betaEnabled,inheritParentSettings,isActive,sortOrder,createdAt,updatedAt,billedSeparately
b8d0a7b2-c97a-4e75-b987-b144deb1473b,studio-bot,Bethânia,,,crm,ADDON,FULL,f,f,t,180,2026-07-01 05:05:54.759617+00,2026-07-01 05:05:54.759617+00,f
1f5e4faf-91c7-4cec-a68d-7ac4f583b889,email-settings,Configurações,,db89daa0-0db9-4dd8-ac05-ffb2c30b7d0c,email,ADDON,FULL,f,f,t,160,2026-06-03 19:37:03.275+00,2026-06-29 02:46:44.470671+00,t
c1156247-3e04-44ac-8cde-518649a63d4c,crm-lead-transfers,Transferências,,90640650-f64a-4a51-b961-c546ea159797,crm,PAID,FULL,f,f,t,35,2026-06-26 23:03:08.932+00,2026-06-29 02:46:44.470671+00,t
9b56a88c-181e-46ed-9d22-94404e74a298,email-analytics,Métricas,,db89daa0-0db9-4dd8-ac05-ffb2c30b7d0c,email,ADDON,FULL,f,t,t,150,2026-05-13 02:39:37.445539+00,2026-07-01 05:07:19.071955+00,f
90640650-f64a-4a51-b961-c546ea159797,crm,CRM,,,crm,PAID,FULL,f,f,t,10,2026-05-13 02:00:41.547062+00,2026-06-26 23:03:08.832+00,f
946bb1d9-342c-4b54-a223-0d8eb8b7e0ef,whatsapp-auto-responses,Auto-respostas,,1b90138d-00ca-4338-8530-c528cd9f0c4e,whatsapp,ADDON,FULL,f,f,f,172,2026-06-26 23:03:09.698+00,2026-07-02 11:25:21.825+00,t
56d21c5a-9efa-4048-b2b9-1e936c870e37,crm-time,Time,,90640650-f64a-4a51-b961-c546ea159797,crm,PAID,FULL,f,t,t,70,2026-05-13 02:00:41.547062+00,2026-06-29 02:27:24.477772+00,f
29bda270-be80-40bb-aa9f-69a6cd5bc73b,crm-automations,Automações,,90640650-f64a-4a51-b961-c546ea159797,crm,PAID,FULL,f,f,f,96,2026-07-07 15:11:02.423083+00,2026-07-09 12:50:51.83+00,f
6a6b2b58-1028-45c2-88a8-892036ad88d5,email-unsubscribe,Descadastro,,db89daa0-0db9-4dd8-ac05-ffb2c30b7d0c,email,ADDON,FULL,f,f,t,155,2026-07-17 23:27:59.221241+00,2026-07-17 23:27:59.221241+00,f
db89daa0-0db9-4dd8-ac05-ffb2c30b7d0c,email,Email,,,email,ADDON,FULL,t,f,t,100,2026-05-13 02:00:41.547062+00,2026-06-26 23:03:09.314+00,f
8d8918c8-0b49-494b-9914-11d9e5555f61,studio-bot-ops,Ops / Host,,b8d0a7b2-c97a-4e75-b987-b144deb1473b,crm,ADDON,FULL,f,f,t,186,2026-07-18 21:07:39.118178+00,2026-07-18 21:07:39.118178+00,f
7b67027c-5be3-4ec3-81c3-11ce51477b3e,studio-bot-ai,IA,,b8d0a7b2-c97a-4e75-b987-b144deb1473b,crm,ADDON,FULL,t,f,t,187,2026-07-20 14:43:08.328884+00,2026-07-20 14:43:08.328884+00,f
7bf655b0-005e-4aeb-8e35-4b7a64cb92cd,crm-time-manage-teams,Gerenciar Times,,90640650-f64a-4a51-b961-c546ea159797,extra-team,PAID,FULL,f,t,t,80,2026-05-13 02:00:41.547062+00,2026-06-29 02:27:24.477772+00,f
1b90138d-00ca-4338-8530-c528cd9f0c4e,whatsapp,WhatsApp,,,whatsapp,ADDON,FULL,t,f,t,170,2026-06-22 23:59:59.227+00,2026-06-26 23:03:09.652+00,f
6367c984-e48e-455f-86f0-288150ec8973,crm-time-manage-users,Gerenciar Usuários,,90640650-f64a-4a51-b961-c546ea159797,extra-user,PAID,FULL,f,t,t,90,2026-05-13 02:00:41.547062+00,2026-06-29 02:27:24.477772+00,f
2b196b73-86d5-456a-93d2-42aaf96d81c9,public-forms,Formulários públicos,,,,PUBLIC,FULL,t,f,t,190,2026-07-20 22:13:13.630973+00,2026-07-22 01:51:54.307262+00,f
0e9888b1-7aa1-4d4d-9c2d-6402a920761e,crm-wallet,Carteira,,90640650-f64a-4a51-b961-c546ea159797,crm,PAID,FULL,f,t,t,95,2026-05-13 02:39:37.445539+00,2026-06-29 02:27:24.477772+00,f
5153a160-b041-4ffd-aa1f-3131378fb62f,email-templates,Templates,,db89daa0-0db9-4dd8-ac05-ffb2c30b7d0c,email,ADDON,FULL,f,t,t,110,2026-05-13 02:39:37.445539+00,2026-06-29 02:27:24.477772+00,f
4b66cda6-b323-4d33-ab83-ae1662f2647d,email-contacts,Contatos,,db89daa0-0db9-4dd8-ac05-ffb2c30b7d0c,email,ADDON,FULL,f,t,t,120,2026-05-13 02:39:37.445539+00,2026-06-29 02:27:24.477772+00,f
8b43eb8f-019d-4114-8b60-87cbf8f02c55,email-campaigns,Campanhas,,db89daa0-0db9-4dd8-ac05-ffb2c30b7d0c,email,ADDON,FULL,f,t,t,130,2026-05-13 02:39:37.445539+00,2026-06-29 02:27:24.477772+00,f
9a641b86-45d9-4977-b8c9-4a888ade4b62,email-history,Histórico,,db89daa0-0db9-4dd8-ac05-ffb2c30b7d0c,email,ADDON,FULL,f,t,t,140,2026-05-13 02:39:37.445539+00,2026-06-29 02:27:24.477772+00,f
6b3c9209-96e6-456f-bc4d-f10e7f1c6e5c,whatsapp-settings,Configurações WhatsApp,,1b90138d-00ca-4338-8530-c528cd9f0c4e,whatsapp,ADDON,FULL,f,t,t,175,2026-06-22 23:59:59.302+00,2026-06-29 02:27:24.477772+00,f
3e4b55d6-904f-44e8-b81a-87158b7737b2,crm-dashboard,Dashboard,,90640650-f64a-4a51-b961-c546ea159797,crm,PAID,FULL,f,t,t,20,2026-05-13 02:00:41.547062+00,2026-06-29 02:27:24.477772+00,f
9e637161-d227-4f98-86f3-966b48b3c091,crm-calendar,Calendário,,90640650-f64a-4a51-b961-c546ea159797,crm,PAID,FULL,f,t,t,40,2026-05-13 02:00:41.547062+00,2026-06-29 02:27:24.477772+00,f
ef96d4b6-2a7a-4a2a-a9c8-abc6c59dda1d,crm-performance,Performance,,90640650-f64a-4a51-b961-c546ea159797,crm,PAID,FULL,f,t,t,50,2026-05-13 02:00:41.547062+00,2026-06-29 02:27:24.477772+00,f
61a7a677-7218-47a7-a480-7a758601c572,crm-simulator,Simulador de Planos,,90640650-f64a-4a51-b961-c546ea159797,crm,PAID,FULL,f,t,t,60,2026-05-13 02:00:41.547062+00,2026-06-29 02:27:24.477772+00,f
dc69c99f-615e-48ab-96f6-c801c25c1348,integration,Integração,,,,PUBLIC,NONE,t,f,t,200,2026-05-13 03:18:37.668537+00,2026-07-22 01:51:54.307262+00,f
d56afc8d-58e2-4549-9697-a22395371eb3,radar,Radar,"Radar — perfis unificados, segmentos e timeline para campanhas de e-mail.",,radar,ADDON,FULL,t,f,t,180,2026-06-26 23:03:09.795+00,2026-07-23 22:20:28.292+00,f
