id,name,featureSlug,description,type,billingMode,priceMonthly,priceQuarterly,priceSemiannual,priceLifetime,isActive,createdAt,updatedAt,priceAnnual,isDefault
3abd3ce6-2a52-401e-a83c-6a2aee311b28,CRM - Associados,crm,Plano CRM — acesso completo ao módulo de gestão de leads.,PLAN,RECURRING,150.00,150.00,150.00,,t,2026-07-06 20:19:40.344+00,2026-07-06 20:19:40.344+00,150.00,f
4cff41d4-ff7a-4f9d-99cd-b017857cab8a,CRM 12 meses 1.200,crm,,PLAN,RECURRING,120.00,89.90,79.90,,t,2026-07-08 23:02:01.507+00,2026-07-08 23:02:01.507+00,100.00,f
e1e41fd0-707f-4033-9431-fa503f492d9a,CDP,radar,"CDP — perfis unificados, segmentos e timeline para campanhas de e-mail.",ADDON,RECURRING,29.90,29.90,29.90,,t,2026-06-26 23:03:08.784+00,2026-07-21 13:26:06.225606+00,29.90,t
afc702a8-c991-4432-8cca-3e95757f7ca1,CRM,crm,Plano CRM — acesso completo ao módulo de gestão de leads.,PLAN,RECURRING,89.90,79.90,69.90,,t,2026-05-01 20:07:53.761+00,2026-06-26 23:03:08.337+00,69.90,t
55fd96b8-f872-4e04-85fd-f1e8bcd3a353,CRM Vitalício,crm-lifetime,"Plano CRM com acesso vitalício — pagamento único, sem mensalidade.",PLAN,LIFETIME,,,,,t,2026-05-01 20:07:53.979+00,2026-06-26 23:03:08.544+00,,t
401af851-d0c1-42e5-b315-14001be735ec,Time Adicional,extra-team,Adiciona um time extra à conta.,ADDON,RECURRING,29.90,29.90,29.90,,t,2026-05-01 20:07:54.034+00,2026-06-26 23:03:08.592+00,29.90,t
8d947c24-cfbe-4eb2-8ddd-ded8f6c1113f,Usuário Adicional,extra-user,Adiciona um usuário operador extra à conta.,ADDON,RECURRING,19.90,19.90,19.90,,t,2026-05-01 20:07:54.09+00,2026-06-26 23:03:08.639+00,19.90,t
9a521a67-fe79-4937-9054-1146da72abc2,Email,email,"Módulo de email para campanhas, contatos, templates e analytics.",ADDON,RECURRING,29.90,29.90,29.90,,t,2026-05-13 02:39:37.445539+00,2026-06-26 23:03:08.688+00,29.90,t
0f3b63b0-248c-4f22-936f-ead35cfda8f3,WhatsApp,whatsapp,"Módulo WhatsApp — inbox, conversas e envio de mensagens via Evolution API.",ADDON,RECURRING,39.90,34.90,29.90,,t,2026-06-22 23:59:58.298+00,2026-06-26 23:03:08.736+00,29.90,t
