id,formId,publicationId,questionId,visitorSessionId,eventType,eventKey,origin,createdAt
98ac773f-fd34-4c6c-9382-0b069ffd9ae4,e1397c97-d109-4fd0-b1e0-7f5e287e4976,cdebe2f4-981a-48f8-b7b8-e5b84ae05b40,,970e7ad3-3166-448a-b8eb-eeed4ee0e3bb,form_viewed,970e7ad3-3166-448a-b8eb-eeed4ee0e3bb:form_viewed:form,"{""source"": ""direct"", ""landingUrl"": ""https://hom.corretorstudio.com/forms/14f173bb-684a-460a-8a96-4a5e5c1b494f""}",2026-07-20 22:56:46.167+00
296089c0-c075-4031-80bb-367350f7d6d3,e1397c97-d109-4fd0-b1e0-7f5e287e4976,cdebe2f4-981a-48f8-b7b8-e5b84ae05b40,,970e7ad3-3166-448a-b8eb-eeed4ee0e3bb,form_started,970e7ad3-3166-448a-b8eb-eeed4ee0e3bb:form_started:form,"{""source"": ""direct"", ""landingUrl"": ""https://hom.corretorstudio.com/forms/14f173bb-684a-460a-8a96-4a5e5c1b494f""}",2026-07-20 22:58:18.91+00
6d737080-34f7-499a-9a76-e1e600f67ffc,e1397c97-d109-4fd0-b1e0-7f5e287e4976,cdebe2f4-981a-48f8-b7b8-e5b84ae05b40,030f4305-e559-4480-92b9-875370b627e5,970e7ad3-3166-448a-b8eb-eeed4ee0e3bb,question_viewed,970e7ad3-3166-448a-b8eb-eeed4ee0e3bb:question_viewed:030f4305-e559-4480-92b9-875370b627e5,"{""source"": ""direct"", ""landingUrl"": ""https://hom.corretorstudio.com/forms/14f173bb-684a-460a-8a96-4a5e5c1b494f""}",2026-07-20 22:58:18.912+00
7639ca94-03a8-4751-a3a6-3ec2096785a8,e1397c97-d109-4fd0-b1e0-7f5e287e4976,cdebe2f4-981a-48f8-b7b8-e5b84ae05b40,f2d8022b-37bd-4d90-88c3-fb14b08bc6d8,970e7ad3-3166-448a-b8eb-eeed4ee0e3bb,question_viewed,970e7ad3-3166-448a-b8eb-eeed4ee0e3bb:question_viewed:f2d8022b-37bd-4d90-88c3-fb14b08bc6d8,"{""source"": ""direct"", ""landingUrl"": ""https://hom.corretorstudio.com/forms/14f173bb-684a-460a-8a96-4a5e5c1b494f""}",2026-07-20 22:59:05.724+00
120606d5-e189-4e42-8164-157ba4a59cad,e1397c97-d109-4fd0-b1e0-7f5e287e4976,cdebe2f4-981a-48f8-b7b8-e5b84ae05b40,030f4305-e559-4480-92b9-875370b627e5,970e7ad3-3166-448a-b8eb-eeed4ee0e3bb,question_answered,970e7ad3-3166-448a-b8eb-eeed4ee0e3bb:question_answered:030f4305-e559-4480-92b9-875370b627e5,"{""source"": ""direct"", ""landingUrl"": ""https://hom.corretorstudio.com/forms/14f173bb-684a-460a-8a96-4a5e5c1b494f""}",2026-07-20 22:59:05.767+00
2ec28102-500f-4b96-919a-b0fb616f8b44,e1397c97-d109-4fd0-b1e0-7f5e287e4976,cdebe2f4-981a-48f8-b7b8-e5b84ae05b40,f2d8022b-37bd-4d90-88c3-fb14b08bc6d8,970e7ad3-3166-448a-b8eb-eeed4ee0e3bb,question_answered,970e7ad3-3166-448a-b8eb-eeed4ee0e3bb:question_answered:f2d8022b-37bd-4d90-88c3-fb14b08bc6d8,"{""source"": ""direct"", ""landingUrl"": ""https://hom.corretorstudio.com/forms/14f173bb-684a-460a-8a96-4a5e5c1b494f""}",2026-07-20 22:59:12.481+00
8d3f4e1f-3ef8-4b97-a9c2-5ab4b389af1b,e1397c97-d109-4fd0-b1e0-7f5e287e4976,cdebe2f4-981a-48f8-b7b8-e5b84ae05b40,,e088788e-9ee8-4f65-af62-ab0a9ab7b826,form_viewed,e088788e-9ee8-4f65-af62-ab0a9ab7b826:form_viewed:form,"{""source"": ""direct"", ""landingUrl"": ""https://hom.corretorstudio.com/forms/14f173bb-684a-460a-8a96-4a5e5c1b494f""}",2026-07-21 01:40:31.862+00
a823d5ac-320e-42ce-a8ea-ae85b681fcfd,e1397c97-d109-4fd0-b1e0-7f5e287e4976,cdebe2f4-981a-48f8-b7b8-e5b84ae05b40,,e088788e-9ee8-4f65-af62-ab0a9ab7b826,form_started,e088788e-9ee8-4f65-af62-ab0a9ab7b826:form_started:form,"{""source"": ""direct"", ""landingUrl"": ""https://hom.corretorstudio.com/forms/14f173bb-684a-460a-8a96-4a5e5c1b494f""}",2026-07-21 01:40:49.998+00
90e52a08-e672-4378-83a1-f8b3c1f902db,e1397c97-d109-4fd0-b1e0-7f5e287e4976,cdebe2f4-981a-48f8-b7b8-e5b84ae05b40,030f4305-e559-4480-92b9-875370b627e5,e088788e-9ee8-4f65-af62-ab0a9ab7b826,question_viewed,e088788e-9ee8-4f65-af62-ab0a9ab7b826:question_viewed:030f4305-e559-4480-92b9-875370b627e5,"{""source"": ""direct"", ""landingUrl"": ""https://hom.corretorstudio.com/forms/14f173bb-684a-460a-8a96-4a5e5c1b494f""}",2026-07-21 01:40:50.052+00
5c721fc3-d66d-4e1f-b5e5-2bd99bfab08b,e1397c97-d109-4fd0-b1e0-7f5e287e4976,cdebe2f4-981a-48f8-b7b8-e5b84ae05b40,f2d8022b-37bd-4d90-88c3-fb14b08bc6d8,e088788e-9ee8-4f65-af62-ab0a9ab7b826,question_viewed,e088788e-9ee8-4f65-af62-ab0a9ab7b826:question_viewed:f2d8022b-37bd-4d90-88c3-fb14b08bc6d8,"{""source"": ""direct"", ""landingUrl"": ""https://hom.corretorstudio.com/forms/14f173bb-684a-460a-8a96-4a5e5c1b494f""}",2026-07-21 01:43:31.38+00
5ff054cf-72a6-4dca-82be-4f5bdfc4ed42,e1397c97-d109-4fd0-b1e0-7f5e287e4976,cdebe2f4-981a-48f8-b7b8-e5b84ae05b40,030f4305-e559-4480-92b9-875370b627e5,e088788e-9ee8-4f65-af62-ab0a9ab7b826,question_answered,e088788e-9ee8-4f65-af62-ab0a9ab7b826:question_answered:030f4305-e559-4480-92b9-875370b627e5,"{""source"": ""direct"", ""landingUrl"": ""https://hom.corretorstudio.com/forms/14f173bb-684a-460a-8a96-4a5e5c1b494f""}",2026-07-21 01:43:31.388+00
b726f2fa-22bb-472c-aa20-2951b79a2358,e1397c97-d109-4fd0-b1e0-7f5e287e4976,cdebe2f4-981a-48f8-b7b8-e5b84ae05b40,f2d8022b-37bd-4d90-88c3-fb14b08bc6d8,e088788e-9ee8-4f65-af62-ab0a9ab7b826,question_answered,e088788e-9ee8-4f65-af62-ab0a9ab7b826:question_answered:f2d8022b-37bd-4d90-88c3-fb14b08bc6d8,"{""source"": ""direct"", ""landingUrl"": ""https://hom.corretorstudio.com/forms/14f173bb-684a-460a-8a96-4a5e5c1b494f""}",2026-07-21 01:43:36.438+00
a68f1e65-bfdb-4508-8cdf-5518d9610379,e1397c97-d109-4fd0-b1e0-7f5e287e4976,cdebe2f4-981a-48f8-b7b8-e5b84ae05b40,,e088788e-9ee8-4f65-af62-ab0a9ab7b826:faec0b50-2200-4f29-9f90-c3e19175f5a2,form_completed,e088788e-9ee8-4f65-af62-ab0a9ab7b826:faec0b50-2200-4f29-9f90-c3e19175f5a2:form_completed,"{""source"": ""direct"", ""landingUrl"": ""https://hom.corretorstudio.com/forms/14f173bb-684a-460a-8a96-4a5e5c1b494f""}",2026-07-21 01:48:01.259+00
3e721b13-b232-460d-9bb8-547ab857a608,e1397c97-d109-4fd0-b1e0-7f5e287e4976,cdebe2f4-981a-48f8-b7b8-e5b84ae05b40,,e088788e-9ee8-4f65-af62-ab0a9ab7b826:faec0b50-2200-4f29-9f90-c3e19175f5a2,lead_attached,e088788e-9ee8-4f65-af62-ab0a9ab7b826:faec0b50-2200-4f29-9f90-c3e19175f5a2:lead_attached,"{""source"": ""direct"", ""landingUrl"": ""https://hom.corretorstudio.com/forms/14f173bb-684a-460a-8a96-4a5e5c1b494f""}",2026-07-21 01:48:01.259+00
f9d0732d-f38d-4460-a38b-6b62d2b1f84a,e1397c97-d109-4fd0-b1e0-7f5e287e4976,cdebe2f4-981a-48f8-b7b8-e5b84ae05b40,,e088788e-9ee8-4f65-af62-ab0a9ab7b826:faec0b50-2200-4f29-9f90-c3e19175f5a2,meeting_scheduled,e088788e-9ee8-4f65-af62-ab0a9ab7b826:faec0b50-2200-4f29-9f90-c3e19175f5a2:meeting_scheduled,"{""source"": ""direct"", ""landingUrl"": ""https://hom.corretorstudio.com/forms/14f173bb-684a-460a-8a96-4a5e5c1b494f""}",2026-07-21 01:48:01.259+00
14c73fd2-06d8-4e3b-b253-5d47de0cf9cc,e1397c97-d109-4fd0-b1e0-7f5e287e4976,cdebe2f4-981a-48f8-b7b8-e5b84ae05b40,,f29a81b4-82e4-4843-95d8-ca599fbcc30f,form_viewed,f29a81b4-82e4-4843-95d8-ca599fbcc30f:form_viewed:form,"{""source"": ""direct"", ""landingUrl"": ""https://hom.corretorstudio.com/forms/14f173bb-684a-460a-8a96-4a5e5c1b494f""}",2026-07-22 00:46:50.741+00
302098cd-28f8-4561-a476-c61a3ff46bf0,e1397c97-d109-4fd0-b1e0-7f5e287e4976,cdebe2f4-981a-48f8-b7b8-e5b84ae05b40,,f29a81b4-82e4-4843-95d8-ca599fbcc30f,form_started,f29a81b4-82e4-4843-95d8-ca599fbcc30f:form_started:form,"{""source"": ""direct"", ""landingUrl"": ""https://hom.corretorstudio.com/forms/14f173bb-684a-460a-8a96-4a5e5c1b494f""}",2026-07-22 00:46:55.345+00
15860acf-6d1d-400f-b2bf-435a6738a55d,e1397c97-d109-4fd0-b1e0-7f5e287e4976,cdebe2f4-981a-48f8-b7b8-e5b84ae05b40,030f4305-e559-4480-92b9-875370b627e5,f29a81b4-82e4-4843-95d8-ca599fbcc30f,question_viewed,f29a81b4-82e4-4843-95d8-ca599fbcc30f:question_viewed:030f4305-e559-4480-92b9-875370b627e5,"{""source"": ""direct"", ""landingUrl"": ""https://hom.corretorstudio.com/forms/14f173bb-684a-460a-8a96-4a5e5c1b494f""}",2026-07-22 00:46:55.396+00
8a7526d1-f30e-4e57-8cd8-1cc3d43d4c70,e1397c97-d109-4fd0-b1e0-7f5e287e4976,cdebe2f4-981a-48f8-b7b8-e5b84ae05b40,f2d8022b-37bd-4d90-88c3-fb14b08bc6d8,f29a81b4-82e4-4843-95d8-ca599fbcc30f,question_viewed,f29a81b4-82e4-4843-95d8-ca599fbcc30f:question_viewed:f2d8022b-37bd-4d90-88c3-fb14b08bc6d8,"{""source"": ""direct"", ""landingUrl"": ""https://hom.corretorstudio.com/forms/14f173bb-684a-460a-8a96-4a5e5c1b494f""}",2026-07-22 00:47:00.57+00
71c20696-e10b-47ad-b2fe-a9b076a58fc5,e1397c97-d109-4fd0-b1e0-7f5e287e4976,cdebe2f4-981a-48f8-b7b8-e5b84ae05b40,030f4305-e559-4480-92b9-875370b627e5,f29a81b4-82e4-4843-95d8-ca599fbcc30f,question_answered,f29a81b4-82e4-4843-95d8-ca599fbcc30f:question_answered:030f4305-e559-4480-92b9-875370b627e5,"{""source"": ""direct"", ""landingUrl"": ""https://hom.corretorstudio.com/forms/14f173bb-684a-460a-8a96-4a5e5c1b494f""}",2026-07-22 00:47:00.599+00
f90f61a5-d4fb-4fcb-a630-96be66678f0c,e1397c97-d109-4fd0-b1e0-7f5e287e4976,cdebe2f4-981a-48f8-b7b8-e5b84ae05b40,f2d8022b-37bd-4d90-88c3-fb14b08bc6d8,f29a81b4-82e4-4843-95d8-ca599fbcc30f,question_answered,f29a81b4-82e4-4843-95d8-ca599fbcc30f:question_answered:f2d8022b-37bd-4d90-88c3-fb14b08bc6d8,"{""source"": ""direct"", ""landingUrl"": ""https://hom.corretorstudio.com/forms/14f173bb-684a-460a-8a96-4a5e5c1b494f""}",2026-07-22 00:47:19.029+00
d694c1a0-c294-4e36-9c39-142d7fd1d210,e1397c97-d109-4fd0-b1e0-7f5e287e4976,cdebe2f4-981a-48f8-b7b8-e5b84ae05b40,,f29a81b4-82e4-4843-95d8-ca599fbcc30f:ea7ed0d6-62b0-4ec1-987b-b2989395568e,form_completed,f29a81b4-82e4-4843-95d8-ca599fbcc30f:ea7ed0d6-62b0-4ec1-987b-b2989395568e:form_completed,"{""source"": ""direct"", ""landingUrl"": ""https://hom.corretorstudio.com/forms/14f173bb-684a-460a-8a96-4a5e5c1b494f""}",2026-07-22 00:48:38.336+00
c9289a85-7499-4535-bd4c-9848ac2e0d97,e1397c97-d109-4fd0-b1e0-7f5e287e4976,cdebe2f4-981a-48f8-b7b8-e5b84ae05b40,,f29a81b4-82e4-4843-95d8-ca599fbcc30f:ea7ed0d6-62b0-4ec1-987b-b2989395568e,lead_created,f29a81b4-82e4-4843-95d8-ca599fbcc30f:ea7ed0d6-62b0-4ec1-987b-b2989395568e:lead_created,"{""source"": ""direct"", ""landingUrl"": ""https://hom.corretorstudio.com/forms/14f173bb-684a-460a-8a96-4a5e5c1b494f""}",2026-07-22 00:48:38.336+00
59016d20-aa5c-45db-a04a-5c06c679f0ff,e1397c97-d109-4fd0-b1e0-7f5e287e4976,cdebe2f4-981a-48f8-b7b8-e5b84ae05b40,,f29a81b4-82e4-4843-95d8-ca599fbcc30f:ea7ed0d6-62b0-4ec1-987b-b2989395568e,meeting_scheduled,f29a81b4-82e4-4843-95d8-ca599fbcc30f:ea7ed0d6-62b0-4ec1-987b-b2989395568e:meeting_scheduled,"{""source"": ""direct"", ""landingUrl"": ""https://hom.corretorstudio.com/forms/14f173bb-684a-460a-8a96-4a5e5c1b494f""}",2026-07-22 00:48:38.336+00
56eab0b0-9a24-49c5-a201-b869520f95f9,e1397c97-d109-4fd0-b1e0-7f5e287e4976,cdebe2f4-981a-48f8-b7b8-e5b84ae05b40,,54052383-8502-4527-8e14-ebc42cd96fe8,form_viewed,54052383-8502-4527-8e14-ebc42cd96fe8:form_viewed:form,"{""source"": ""direct"", ""landingUrl"": ""https://hom.corretorstudio.com/forms/14f173bb-684a-460a-8a96-4a5e5c1b494f""}",2026-07-22 12:04:03.093+00
4e51b7e0-bb3e-4bf1-ab76-8905e856cc74,e1397c97-d109-4fd0-b1e0-7f5e287e4976,cdebe2f4-981a-48f8-b7b8-e5b84ae05b40,,54052383-8502-4527-8e14-ebc42cd96fe8,form_started,54052383-8502-4527-8e14-ebc42cd96fe8:form_started:form,"{""source"": ""direct"", ""landingUrl"": ""https://hom.corretorstudio.com/forms/14f173bb-684a-460a-8a96-4a5e5c1b494f""}",2026-07-22 12:04:09.075+00
b60a9513-7ba0-466c-8720-4d61b960da15,e1397c97-d109-4fd0-b1e0-7f5e287e4976,cdebe2f4-981a-48f8-b7b8-e5b84ae05b40,030f4305-e559-4480-92b9-875370b627e5,54052383-8502-4527-8e14-ebc42cd96fe8,question_viewed,54052383-8502-4527-8e14-ebc42cd96fe8:question_viewed:030f4305-e559-4480-92b9-875370b627e5,"{""source"": ""direct"", ""landingUrl"": ""https://hom.corretorstudio.com/forms/14f173bb-684a-460a-8a96-4a5e5c1b494f""}",2026-07-22 12:04:09.089+00
c9b9e741-23d0-49cc-bd3b-c7d433f8b3c9,e1397c97-d109-4fd0-b1e0-7f5e287e4976,cdebe2f4-981a-48f8-b7b8-e5b84ae05b40,,1fced0e8-fee1-4239-9489-31a982f6cdb6,form_viewed,1fced0e8-fee1-4239-9489-31a982f6cdb6:form_viewed:form,"{""source"": ""direct"", ""landingUrl"": ""https://hom.corretorstudio.com/forms/14f173bb-684a-460a-8a96-4a5e5c1b494f""}",2026-07-22 17:35:41.036+00
0b9b78f8-8d74-4123-89b2-8f188922cba2,e1397c97-d109-4fd0-b1e0-7f5e287e4976,cdebe2f4-981a-48f8-b7b8-e5b84ae05b40,,1fced0e8-fee1-4239-9489-31a982f6cdb6,form_started,1fced0e8-fee1-4239-9489-31a982f6cdb6:form_started:form,"{""source"": ""direct"", ""landingUrl"": ""https://hom.corretorstudio.com/forms/14f173bb-684a-460a-8a96-4a5e5c1b494f""}",2026-07-22 17:36:12.147+00
f2ce6bea-cfbe-4b64-9fbd-fde2d156951e,e1397c97-d109-4fd0-b1e0-7f5e287e4976,cdebe2f4-981a-48f8-b7b8-e5b84ae05b40,030f4305-e559-4480-92b9-875370b627e5,1fced0e8-fee1-4239-9489-31a982f6cdb6,question_viewed,1fced0e8-fee1-4239-9489-31a982f6cdb6:question_viewed:030f4305-e559-4480-92b9-875370b627e5,"{""source"": ""direct"", ""landingUrl"": ""https://hom.corretorstudio.com/forms/14f173bb-684a-460a-8a96-4a5e5c1b494f""}",2026-07-22 17:36:12.199+00
98420ce7-eaca-43df-9e41-c657cee629f5,e1397c97-d109-4fd0-b1e0-7f5e287e4976,cdebe2f4-981a-48f8-b7b8-e5b84ae05b40,,970e7ad3-3166-448a-b8eb-eeed4ee0e3bb,question_viewed,970e7ad3-3166-448a-b8eb-eeed4ee0e3bb:question_viewed:ac0fc92a-ef37-49b7-9f87-8610cb90e6b4,"{""source"": ""direct"", ""landingUrl"": ""https://hom.corretorstudio.com/forms/14f173bb-684a-460a-8a96-4a5e5c1b494f""}",2026-07-20 22:59:12.407+00
91695084-c529-411c-b81b-177ba1bdea6c,e1397c97-d109-4fd0-b1e0-7f5e287e4976,cdebe2f4-981a-48f8-b7b8-e5b84ae05b40,,970e7ad3-3166-448a-b8eb-eeed4ee0e3bb,question_answered,970e7ad3-3166-448a-b8eb-eeed4ee0e3bb:question_answered:ac0fc92a-ef37-49b7-9f87-8610cb90e6b4,"{""source"": ""direct"", ""landingUrl"": ""https://hom.corretorstudio.com/forms/14f173bb-684a-460a-8a96-4a5e5c1b494f""}",2026-07-20 22:59:42.01+00
3b9c190c-e833-4b8d-9b36-204898334361,e1397c97-d109-4fd0-b1e0-7f5e287e4976,cdebe2f4-981a-48f8-b7b8-e5b84ae05b40,,e088788e-9ee8-4f65-af62-ab0a9ab7b826,question_viewed,e088788e-9ee8-4f65-af62-ab0a9ab7b826:question_viewed:ac0fc92a-ef37-49b7-9f87-8610cb90e6b4,"{""source"": ""direct"", ""landingUrl"": ""https://hom.corretorstudio.com/forms/14f173bb-684a-460a-8a96-4a5e5c1b494f""}",2026-07-21 01:43:36.478+00
9775d941-be22-4d27-a908-b0595b973e9a,e1397c97-d109-4fd0-b1e0-7f5e287e4976,cdebe2f4-981a-48f8-b7b8-e5b84ae05b40,,e088788e-9ee8-4f65-af62-ab0a9ab7b826,question_answered,e088788e-9ee8-4f65-af62-ab0a9ab7b826:question_answered:ac0fc92a-ef37-49b7-9f87-8610cb90e6b4,"{""source"": ""direct"", ""landingUrl"": ""https://hom.corretorstudio.com/forms/14f173bb-684a-460a-8a96-4a5e5c1b494f""}",2026-07-21 01:45:09.516+00
afa07747-f1d8-422c-a69a-610ce0cc0700,e1397c97-d109-4fd0-b1e0-7f5e287e4976,cdebe2f4-981a-48f8-b7b8-e5b84ae05b40,,f29a81b4-82e4-4843-95d8-ca599fbcc30f,question_viewed,f29a81b4-82e4-4843-95d8-ca599fbcc30f:question_viewed:ac0fc92a-ef37-49b7-9f87-8610cb90e6b4,"{""source"": ""direct"", ""landingUrl"": ""https://hom.corretorstudio.com/forms/14f173bb-684a-460a-8a96-4a5e5c1b494f""}",2026-07-22 00:47:19.075+00
e2b011d3-dc50-46fd-ab8c-50ead92745d0,e1397c97-d109-4fd0-b1e0-7f5e287e4976,cdebe2f4-981a-48f8-b7b8-e5b84ae05b40,,f29a81b4-82e4-4843-95d8-ca599fbcc30f,question_answered,f29a81b4-82e4-4843-95d8-ca599fbcc30f:question_answered:ac0fc92a-ef37-49b7-9f87-8610cb90e6b4,"{""source"": ""direct"", ""landingUrl"": ""https://hom.corretorstudio.com/forms/14f173bb-684a-460a-8a96-4a5e5c1b494f""}",2026-07-22 00:47:30.318+00
6ebe5b74-d4bb-4736-825a-10942a290019,e1397c97-d109-4fd0-b1e0-7f5e287e4976,cdebe2f4-981a-48f8-b7b8-e5b84ae05b40,,970e7ad3-3166-448a-b8eb-eeed4ee0e3bb,question_viewed,970e7ad3-3166-448a-b8eb-eeed4ee0e3bb:question_viewed:a5cd15f6-fb19-4db2-a6b8-ac74b2c4245c,"{""source"": ""direct"", ""landingUrl"": ""https://hom.corretorstudio.com/forms/14f173bb-684a-460a-8a96-4a5e5c1b494f""}",2026-07-20 22:59:42.015+00
5257f768-1975-4538-9511-3d3e5570bfe5,e1397c97-d109-4fd0-b1e0-7f5e287e4976,cdebe2f4-981a-48f8-b7b8-e5b84ae05b40,,e088788e-9ee8-4f65-af62-ab0a9ab7b826,question_viewed,e088788e-9ee8-4f65-af62-ab0a9ab7b826:question_viewed:a5cd15f6-fb19-4db2-a6b8-ac74b2c4245c,"{""source"": ""direct"", ""landingUrl"": ""https://hom.corretorstudio.com/forms/14f173bb-684a-460a-8a96-4a5e5c1b494f""}",2026-07-21 01:45:09.504+00
fbc4a1c8-f52e-4d2c-8fa3-6675af15c407,e1397c97-d109-4fd0-b1e0-7f5e287e4976,cdebe2f4-981a-48f8-b7b8-e5b84ae05b40,,e088788e-9ee8-4f65-af62-ab0a9ab7b826,question_answered,e088788e-9ee8-4f65-af62-ab0a9ab7b826:question_answered:a5cd15f6-fb19-4db2-a6b8-ac74b2c4245c,"{""source"": ""direct"", ""landingUrl"": ""https://hom.corretorstudio.com/forms/14f173bb-684a-460a-8a96-4a5e5c1b494f""}",2026-07-21 01:47:57.615+00
94765f18-341b-4e7d-9758-d922fc10561d,e1397c97-d109-4fd0-b1e0-7f5e287e4976,cdebe2f4-981a-48f8-b7b8-e5b84ae05b40,,f29a81b4-82e4-4843-95d8-ca599fbcc30f,question_viewed,f29a81b4-82e4-4843-95d8-ca599fbcc30f:question_viewed:a5cd15f6-fb19-4db2-a6b8-ac74b2c4245c,"{""source"": ""direct"", ""landingUrl"": ""https://hom.corretorstudio.com/forms/14f173bb-684a-460a-8a96-4a5e5c1b494f""}",2026-07-22 00:47:30.384+00
92165d33-9854-4372-b824-2329f11d7355,e1397c97-d109-4fd0-b1e0-7f5e287e4976,cdebe2f4-981a-48f8-b7b8-e5b84ae05b40,,f29a81b4-82e4-4843-95d8-ca599fbcc30f,question_answered,f29a81b4-82e4-4843-95d8-ca599fbcc30f:question_answered:a5cd15f6-fb19-4db2-a6b8-ac74b2c4245c,"{""source"": ""direct"", ""landingUrl"": ""https://hom.corretorstudio.com/forms/14f173bb-684a-460a-8a96-4a5e5c1b494f""}",2026-07-22 00:47:38.659+00
c7809f5c-6897-4117-a82c-87af2ad28a10,e1397c97-d109-4fd0-b1e0-7f5e287e4976,c5802753-ca84-48d3-a331-38363c21d494,,3a008af3-c254-4109-8a71-21f993ee98bf,form_viewed,3a008af3-c254-4109-8a71-21f993ee98bf:form_viewed:form,"{""source"": ""direct"", ""landingUrl"": ""https://www.corretorstudio.com/forms/14f173bb-684a-460a-8a96-4a5e5c1b494f""}",2026-07-27 18:34:50.914+00
95fba98c-5bea-46a9-9edf-5a7c0e356fae,e1397c97-d109-4fd0-b1e0-7f5e287e4976,c5802753-ca84-48d3-a331-38363c21d494,030f4305-e559-4480-92b9-875370b627e5,3a008af3-c254-4109-8a71-21f993ee98bf,question_viewed,3a008af3-c254-4109-8a71-21f993ee98bf:question_viewed:030f4305-e559-4480-92b9-875370b627e5,"{""source"": ""direct"", ""landingUrl"": ""https://www.corretorstudio.com/forms/14f173bb-684a-460a-8a96-4a5e5c1b494f""}",2026-07-27 18:35:13.932+00
3c64cb96-acbf-4b60-8488-cea290a49650,e1397c97-d109-4fd0-b1e0-7f5e287e4976,c5802753-ca84-48d3-a331-38363c21d494,,3a008af3-c254-4109-8a71-21f993ee98bf,form_started,3a008af3-c254-4109-8a71-21f993ee98bf:form_started:form,"{""source"": ""direct"", ""landingUrl"": ""https://www.corretorstudio.com/forms/14f173bb-684a-460a-8a96-4a5e5c1b494f""}",2026-07-27 18:35:14.046+00
c6ea8630-14da-42cb-b720-6115b9387379,e1397c97-d109-4fd0-b1e0-7f5e287e4976,c5802753-ca84-48d3-a331-38363c21d494,030f4305-e559-4480-92b9-875370b627e5,3a008af3-c254-4109-8a71-21f993ee98bf,question_answered,3a008af3-c254-4109-8a71-21f993ee98bf:question_answered:030f4305-e559-4480-92b9-875370b627e5,"{""source"": ""direct"", ""landingUrl"": ""https://www.corretorstudio.com/forms/14f173bb-684a-460a-8a96-4a5e5c1b494f""}",2026-07-27 18:35:19.982+00
15b9fc95-e502-4b55-8ad2-aadf8c553aa4,e1397c97-d109-4fd0-b1e0-7f5e287e4976,c5802753-ca84-48d3-a331-38363c21d494,f2d8022b-37bd-4d90-88c3-fb14b08bc6d8,3a008af3-c254-4109-8a71-21f993ee98bf,question_viewed,3a008af3-c254-4109-8a71-21f993ee98bf:question_viewed:f2d8022b-37bd-4d90-88c3-fb14b08bc6d8,"{""source"": ""direct"", ""landingUrl"": ""https://www.corretorstudio.com/forms/14f173bb-684a-460a-8a96-4a5e5c1b494f""}",2026-07-27 18:35:20+00
d67940cb-3029-40f6-8995-3ce874cae2b9,e1397c97-d109-4fd0-b1e0-7f5e287e4976,c5802753-ca84-48d3-a331-38363c21d494,cb0311f2-c770-4050-bb84-58d7fc3562a2,3a008af3-c254-4109-8a71-21f993ee98bf,question_viewed,3a008af3-c254-4109-8a71-21f993ee98bf:question_viewed:cb0311f2-c770-4050-bb84-58d7fc3562a2,"{""source"": ""direct"", ""landingUrl"": ""https://www.corretorstudio.com/forms/14f173bb-684a-460a-8a96-4a5e5c1b494f""}",2026-07-27 18:35:27.111+00
82819408-15fd-423b-8b7f-2e34f239aa71,e1397c97-d109-4fd0-b1e0-7f5e287e4976,c5802753-ca84-48d3-a331-38363c21d494,f2d8022b-37bd-4d90-88c3-fb14b08bc6d8,3a008af3-c254-4109-8a71-21f993ee98bf,question_answered,3a008af3-c254-4109-8a71-21f993ee98bf:question_answered:f2d8022b-37bd-4d90-88c3-fb14b08bc6d8,"{""source"": ""direct"", ""landingUrl"": ""https://www.corretorstudio.com/forms/14f173bb-684a-460a-8a96-4a5e5c1b494f""}",2026-07-27 18:35:27.19+00
29029d46-7427-4fad-8328-46fdaaa5278b,e1397c97-d109-4fd0-b1e0-7f5e287e4976,c5802753-ca84-48d3-a331-38363c21d494,4aab1125-ab2d-4d14-872e-668024d19e09,3a008af3-c254-4109-8a71-21f993ee98bf,question_viewed,3a008af3-c254-4109-8a71-21f993ee98bf:question_viewed:4aab1125-ab2d-4d14-872e-668024d19e09,"{""source"": ""direct"", ""landingUrl"": ""https://www.corretorstudio.com/forms/14f173bb-684a-460a-8a96-4a5e5c1b494f""}",2026-07-27 18:35:34.013+00
df7f776e-5917-4258-b019-20008b100f5f,e1397c97-d109-4fd0-b1e0-7f5e287e4976,c5802753-ca84-48d3-a331-38363c21d494,cb0311f2-c770-4050-bb84-58d7fc3562a2,3a008af3-c254-4109-8a71-21f993ee98bf,question_answered,3a008af3-c254-4109-8a71-21f993ee98bf:question_answered:cb0311f2-c770-4050-bb84-58d7fc3562a2,"{""source"": ""direct"", ""landingUrl"": ""https://www.corretorstudio.com/forms/14f173bb-684a-460a-8a96-4a5e5c1b494f""}",2026-07-27 18:35:34.008+00
48d98783-7a77-4103-a07d-ff9688bc93d9,e1397c97-d109-4fd0-b1e0-7f5e287e4976,c5802753-ca84-48d3-a331-38363c21d494,4aab1125-ab2d-4d14-872e-668024d19e09,3a008af3-c254-4109-8a71-21f993ee98bf,question_answered,3a008af3-c254-4109-8a71-21f993ee98bf:question_answered:4aab1125-ab2d-4d14-872e-668024d19e09,"{""source"": ""direct"", ""landingUrl"": ""https://www.corretorstudio.com/forms/14f173bb-684a-460a-8a96-4a5e5c1b494f""}",2026-07-27 18:35:54.457+00
a02913a6-95da-4a04-b936-df4e94365c78,e1397c97-d109-4fd0-b1e0-7f5e287e4976,c5802753-ca84-48d3-a331-38363c21d494,,3a008af3-c254-4109-8a71-21f993ee98bf:dd0d3a67-cb90-4d3c-972f-ed1121ab1f06,form_completed,3a008af3-c254-4109-8a71-21f993ee98bf:dd0d3a67-cb90-4d3c-972f-ed1121ab1f06:form_completed,"{""source"": ""direct"", ""landingUrl"": ""https://www.corretorstudio.com/forms/14f173bb-684a-460a-8a96-4a5e5c1b494f""}",2026-07-27 18:35:54.851+00
3d93e3d0-94d9-4125-8c56-c5c4cb481abf,e1397c97-d109-4fd0-b1e0-7f5e287e4976,c5802753-ca84-48d3-a331-38363c21d494,,3a008af3-c254-4109-8a71-21f993ee98bf:dd0d3a67-cb90-4d3c-972f-ed1121ab1f06,lead_created,3a008af3-c254-4109-8a71-21f993ee98bf:dd0d3a67-cb90-4d3c-972f-ed1121ab1f06:lead_created,"{""source"": ""direct"", ""landingUrl"": ""https://www.corretorstudio.com/forms/14f173bb-684a-460a-8a96-4a5e5c1b494f""}",2026-07-27 18:35:54.851+00
6ee95c0d-5a81-46b9-a1db-a1dc61f889bd,5ca5ab21-ce86-4aae-b88f-8e2ccdb05759,914dbc19-2917-4254-b5d7-941d0c32d01a,,402afdc5-f1a9-442d-b3ad-3ac5e2e76a92,form_viewed,402afdc5-f1a9-442d-b3ad-3ac5e2e76a92:form_viewed:form,"{""source"": ""direct"", ""landingUrl"": ""https://www.corretorstudio.com/forms/b098017f-41d1-4a98-81e6-97238fceefa1""}",2026-07-27 19:11:11.494+00
22bbc78c-0999-43d6-bf76-d29405fa349f,5ca5ab21-ce86-4aae-b88f-8e2ccdb05759,914dbc19-2917-4254-b5d7-941d0c32d01a,,ac51cfa6-3169-40b6-b92e-f3d9e50146c9,form_viewed,ac51cfa6-3169-40b6-b92e-f3d9e50146c9:form_viewed:form,"{""source"": ""direct"", ""landingUrl"": ""https://www.corretorstudio.com/forms/b098017f-41d1-4a98-81e6-97238fceefa1""}",2026-07-27 19:12:07.365+00
8f6d621c-c211-4884-aace-9226979af1ad,5ca5ab21-ce86-4aae-b88f-8e2ccdb05759,914dbc19-2917-4254-b5d7-941d0c32d01a,,8e243a1b-5899-405b-bee3-b80b78c8ec4b,form_viewed,8e243a1b-5899-405b-bee3-b80b78c8ec4b:form_viewed:form,"{""source"": ""direct"", ""landingUrl"": ""https://www.corretorstudio.com/forms/b098017f-41d1-4a98-81e6-97238fceefa1""}",2026-07-27 19:13:15.176+00
ba6986a8-17d6-4e19-8b08-41183dab37e4,5ca5ab21-ce86-4aae-b88f-8e2ccdb05759,a12f4ac4-bd0d-4d53-81a9-7447cbcaf7f9,,8f8a79fd-11b0-4322-8280-da933b6f2263,form_viewed,8f8a79fd-11b0-4322-8280-da933b6f2263:form_viewed:form,"{""source"": ""direct"", ""landingUrl"": ""https://www.corretorstudio.com/forms/b098017f-41d1-4a98-81e6-97238fceefa1""}",2026-07-27 19:14:31.306+00
cc5bf566-b503-435c-87fc-638b540b94c3,5ca5ab21-ce86-4aae-b88f-8e2ccdb05759,a12f4ac4-bd0d-4d53-81a9-7447cbcaf7f9,,f5963d8c-1c74-46bc-9d1d-0117d784466d,form_viewed,f5963d8c-1c74-46bc-9d1d-0117d784466d:form_viewed:form,"{""source"": ""direct"", ""landingUrl"": ""https://www.corretorstudio.com/forms/b098017f-41d1-4a98-81e6-97238fceefa1""}",2026-07-27 19:15:13.339+00
5adb513a-e296-409f-afd1-a28539c962be,5ca5ab21-ce86-4aae-b88f-8e2ccdb05759,a12f4ac4-bd0d-4d53-81a9-7447cbcaf7f9,,f5963d8c-1c74-46bc-9d1d-0117d784466d,form_started,f5963d8c-1c74-46bc-9d1d-0117d784466d:form_started:form,"{""source"": ""direct"", ""landingUrl"": ""https://www.corretorstudio.com/forms/b098017f-41d1-4a98-81e6-97238fceefa1""}",2026-07-27 19:15:19.866+00
05134f87-2126-41de-871d-70d7d9db815a,5ca5ab21-ce86-4aae-b88f-8e2ccdb05759,a12f4ac4-bd0d-4d53-81a9-7447cbcaf7f9,c26ba5e9-67ab-4d42-b145-45574e02f87b,f5963d8c-1c74-46bc-9d1d-0117d784466d,question_viewed,f5963d8c-1c74-46bc-9d1d-0117d784466d:question_viewed:c26ba5e9-67ab-4d42-b145-45574e02f87b,"{""source"": ""direct"", ""landingUrl"": ""https://www.corretorstudio.com/forms/b098017f-41d1-4a98-81e6-97238fceefa1""}",2026-07-27 19:15:19.859+00
