id,teamId,profileId,role,functions,createdAt,updatedAt,canTransferAccountLeads,canCreateAccountUsers,canManageAccountTeams,canViewAllTeams
34a5bd4e-0fe7-427e-8d04-29edd7f06199,27edf455-e61a-48a9-a846-e2c6f42999b5,1faaf4ba-2cc1-4969-be76-d8e765fc95ba,operator,{SDR},2026-06-29 14:33:32.799+00,2026-06-29 14:33:32.799+00,f,f,f,f
96a8687d-3b32-4bc1-9ef1-642ef9d573ee,32ccdbe1-627f-4fe3-a506-056b997ed89b,c55a28b3-798e-45db-8129-8aeb8046dcd5,backoffice,"{SDR,CLOSER}",2026-06-01 21:51:39.025+00,2026-06-22 21:44:20.579+00,f,f,f,f
47778376-a89f-4554-8e7c-83e05683e090,7c1667f5-2896-47be-9c31-ab159c365074,622792ae-2c9c-4456-8018-f733add31b7b,operator,{SDR},2026-07-02 17:27:54.305+00,2026-07-02 17:27:54.305+00,f,f,f,f
99f52139-7d23-4257-9507-7617c8ff1221,c9f53e6a-9386-4d55-bff5-290b7acf27dd,b8863bee-7af2-4367-8038-4545a6db9781,manager,"{SDR,CLOSER}",2026-07-06 20:35:14.068+00,2026-07-06 20:35:14.068+00,f,t,t,f
faf14b70-26a3-4103-82d5-dba1d439f316,9d005015-cf2c-4590-9c46-e55e56c7696d,9647402f-c830-48fb-92a7-e1e0f719045f,manager,"{SDR,CLOSER}",2026-07-06 20:36:30.755+00,2026-07-06 20:36:30.755+00,f,t,t,f
05f1df44-90f6-413c-9d44-e7b5cb8f1966,a9c81e05-8b1a-47ad-a80d-dbc45603f068,88826808-567c-46b2-b41d-2168ef6c85d2,operator,{SDR},2026-06-23 17:02:28.573341+00,2026-06-23 18:35:42.623285+00,f,f,f,f
6a155e58-bca6-47af-affa-f53cac554502,760fc14a-229e-4212-9aa9-f90de968af69,88826808-567c-46b2-b41d-2168ef6c85d2,operator,{SDR},2026-06-23 17:02:28.573341+00,2026-06-23 18:35:42.623285+00,f,f,f,f
7599f293-2168-4932-ab9d-f2200271cffe,bdef184d-6217-4cdf-a59f-dc37008d13fd,88826808-567c-46b2-b41d-2168ef6c85d2,operator,{SDR},2026-06-23 17:02:28.573341+00,2026-06-23 18:35:42.623285+00,f,f,f,f
03b3dcd4-c84a-4300-bb30-3089068c586e,ebe67fdd-2e23-43c0-8e9b-8abec2682d09,88826808-567c-46b2-b41d-2168ef6c85d2,operator,{SDR},2026-06-23 17:02:28.573341+00,2026-06-23 18:35:42.623285+00,f,f,f,f
ec1b66fa-d51c-4971-a91d-8f6c6e9823b1,3258f102-8146-4986-964f-8c8f53441300,88826808-567c-46b2-b41d-2168ef6c85d2,operator,{SDR},2026-06-23 17:02:28.573341+00,2026-06-23 18:35:42.623285+00,f,f,f,f
e65715f6-d829-4f2f-886c-b2a6f9319533,13bbd043-efcc-4c8a-9edd-f34941547546,88826808-567c-46b2-b41d-2168ef6c85d2,operator,{SDR},2026-06-23 17:02:28.573341+00,2026-06-23 18:35:42.623285+00,f,f,f,f
4f46bb4f-8fa4-4933-8e2a-5fc795e0fb55,a94fc469-4603-487f-ab7f-e2712197d510,d97f16a7-e2f6-4194-9425-f82d793e73ce,manager,{},2026-05-20 18:19:17.74996+00,2026-06-24 11:42:56.889+00,t,f,t,f
67b1c1f0-063e-40fe-a3b0-1ca1b4f1ab4e,3519d0a1-12b5-4a38-bbd5-a5b9d518cb53,d97f16a7-e2f6-4194-9425-f82d793e73ce,manager,{},2026-05-20 18:19:17.74996+00,2026-06-24 11:42:56.889+00,t,f,t,f
6e96a1d2-c6ef-4f31-a87a-19a65519b0ab,c6754833-e150-4c12-9149-45a6dfcd6eec,d97f16a7-e2f6-4194-9425-f82d793e73ce,manager,{},2026-05-20 18:19:17.74996+00,2026-06-24 11:42:56.889+00,t,f,t,f
772c1a55-ae29-453b-bb2a-a33c07726948,8f4abfd3-b0bd-4a0c-991a-d553d92f915a,d97f16a7-e2f6-4194-9425-f82d793e73ce,manager,{},2026-05-20 18:19:17.74996+00,2026-06-24 11:42:56.889+00,t,f,t,f
787de644-c4b4-40fb-b862-97135de56d18,968fc8e6-f918-4579-b0d1-26570ce5e94b,d97f16a7-e2f6-4194-9425-f82d793e73ce,manager,{},2026-05-20 18:19:17.74996+00,2026-06-24 11:42:56.889+00,t,f,t,f
935ef751-e504-4559-9d1a-09007bd6b006,a1b2c3d4-0001-4000-8000-000000000001,d97f16a7-e2f6-4194-9425-f82d793e73ce,manager,{},2026-05-20 18:20:08.454398+00,2026-06-24 11:42:56.889+00,t,f,t,f
7ab30f71-1193-40c3-bafc-30a03fdbdc03,7d175d9a-62ed-4c39-9eba-c381d0ddfaf7,1b1cc33f-1aea-4877-bc53-ca49d52ee764,manager,"{SDR,CLOSER}",2026-01-28 01:39:32.00214+00,2026-05-26 18:03:18.491131+00,f,f,f,f
3b07e490-ccc3-4d85-ad4d-72d894000fde,c30e3590-04a3-4544-bf66-43228037bfc9,28e539ff-294f-4965-abb8-a1abfa17a076,operator,{SDR},2026-06-25 16:54:18.916+00,2026-07-08 15:18:18.897+00,f,f,f,f
b5b977f0-fe83-49af-a7f3-1090f2a1e140,c30e3590-04a3-4544-bf66-43228037bfc9,deb4b717-b1e3-4989-ada1-2baf4643e314,operator,{SDR},2026-07-13 14:45:03.19+00,2026-07-13 14:45:03.19+00,f,f,f,f
60a2d31a-1cfe-42eb-a550-c256b1c65c76,88d41394-4107-4870-af2c-05decffbb0a5,47f85301-f026-4d82-8fec-a9868993be31,operator,"{SDR,CLOSER}",2026-07-20 20:05:28.68+00,2026-07-20 20:05:28.68+00,f,f,f,f
ca4d2b79-4ac1-4b95-8054-fb642ac4d10b,88d41394-4107-4870-af2c-05decffbb0a5,43a974fa-5b69-4430-966e-a679641137be,manager,"{CLOSER,SDR}",2026-07-20 20:05:30.67+00,2026-07-20 20:05:30.67+00,t,t,t,f
256c9844-6522-415f-8ec5-ad5d673c1f28,a9c81e05-8b1a-47ad-a80d-dbc45603f068,1faaf4ba-2cc1-4969-be76-d8e765fc95ba,operator,{SDR},2026-06-11 15:37:15.335445+00,2026-06-12 16:12:58.689325+00,f,f,f,f
72aef2a7-00fc-452d-a917-8d0364ca38f1,1d042f02-7b4a-49cb-a79c-f513dc11b892,b0737bfd-7bea-493b-8cfc-14946fcea8cd,manager,"{SDR,CLOSER}",2026-06-08 18:23:28.352+00,2026-06-08 18:23:28.352+00,t,f,f,f
95304e0f-3913-40c4-ba7f-ce55c26e81b7,a9c81e05-8b1a-47ad-a80d-dbc45603f068,46ac4762-5316-4504-992b-c35fb6ce5a7b,operator,{SDR},2026-06-11 15:37:15.335445+00,2026-06-12 16:12:58.689325+00,f,f,f,f
b88d86c3-80a0-4fcf-815b-7745e66b8be1,e5efecc9-f05f-479b-b2ea-81a2ed90fba4,b6617c09-9b4a-4ebc-bf50-e584b67edaa3,manager,"{SDR,CLOSER}",2026-06-09 19:52:35.344+00,2026-06-09 19:52:35.344+00,f,t,t,f
669ac831-b973-430b-b7a8-7343fb14b8e3,760fc14a-229e-4212-9aa9-f90de968af69,13c72ac4-202c-48e1-b9b0-e4ed7e6ee7c5,operator,{SDR},2026-06-11 15:37:15.335445+00,2026-06-12 16:12:58.689325+00,f,f,f,f
a49e045e-7fce-4b3a-bda3-21aafd271832,bdef184d-6217-4cdf-a59f-dc37008d13fd,d97f16a7-e2f6-4194-9425-f82d793e73ce,manager,{},2026-05-20 18:19:17.74996+00,2026-06-24 11:42:56.889+00,t,f,t,f
c06aab6c-3a07-4d66-b0f5-bc9af86ca936,3cbe0dd1-c806-4171-8fdf-002c7fe52d74,d97f16a7-e2f6-4194-9425-f82d793e73ce,manager,{},2026-05-20 18:19:55.241257+00,2026-06-24 11:42:56.889+00,t,f,t,f
c2c3d030-9422-41c6-89fa-8bc527fdd5b7,a551e29d-b3c3-4625-9de1-cc2c4c315a0e,d97f16a7-e2f6-4194-9425-f82d793e73ce,manager,{},2026-05-20 18:19:17.74996+00,2026-06-24 11:42:56.889+00,t,f,t,f
c8eb5ae8-0acf-46d7-88a7-513fe02dbb17,2a266637-be4e-4088-9918-a51576912f5c,d97f16a7-e2f6-4194-9425-f82d793e73ce,manager,{},2026-05-20 18:19:17.74996+00,2026-06-24 11:42:56.889+00,t,f,t,f
65488a77-728b-4c48-96e9-2f044341804c,27edf455-e61a-48a9-a846-e2c6f42999b5,d97f16a7-e2f6-4194-9425-f82d793e73ce,manager,{},2026-06-10 12:22:27.454+00,2026-06-24 14:41:27.963+00,t,t,t,f
424accaf-e374-47d4-8092-5db096951fbb,518d91f4-33d0-4ebe-a531-40c39053cd2c,95eff104-bf75-4b7a-9780-1240b90383d9,operator,{SDR},2026-07-16 14:15:44.544+00,2026-07-21 14:12:15.197+00,f,f,f,f
b95352a0-61d5-4792-acea-2ac6dffa09ae,e6a62f17-baad-4adc-a83c-a0b5cf84f83d,cb3ec6b4-1f4e-4e39-9150-e980c922f3ea,manager,"{SDR,CLOSER}",2026-07-27 19:56:15.958+00,2026-07-27 19:56:15.958+00,f,t,t,f
ccd35771-dfab-4bf9-8dd1-e3db416fe6ab,d8eb23c1-2c90-4dfe-872a-aa3e3dcd6478,dc2503af-31f9-4465-b9c6-02a3ffc227ea,operator,{SDR},2026-04-13 20:21:28.413+00,2026-06-19 19:14:45.198+00,f,f,f,f
3047d263-2d6b-4420-9367-08be9aa902dd,a7d5418f-15ef-4677-af99-26321fa6046b,b0737bfd-7bea-493b-8cfc-14946fcea8cd,manager,"{SDR,CLOSER}",2026-06-01 21:51:59.717+00,2026-06-22 13:53:29.766+00,t,t,t,f
8457f340-34d2-4724-bca9-bd471d54148d,f12782b1-df3b-4ed4-9efb-f915874bf83c,b0737bfd-7bea-493b-8cfc-14946fcea8cd,manager,"{SDR,CLOSER}",2026-06-02 20:48:14.882+00,2026-06-22 13:53:29.766+00,t,t,t,f
64596ec9-77c1-4e91-b06d-1bfc4013a99c,7b577c22-5513-42cc-ab19-2bf867e14ebc,62a2569e-4be2-4326-bddd-3c6116ed18b0,manager,{SDR},2026-06-09 16:43:15.092+00,2026-06-22 16:29:02.976+00,t,t,t,f
01b70bc4-46a2-405f-82ba-800cae46e00b,c30e3590-04a3-4544-bf66-43228037bfc9,b76c6ac7-45b8-4dda-b8b4-7a62a6adf35d,operator,{SDR},2026-06-23 19:56:28.909+00,2026-06-23 19:56:28.909+00,f,f,f,f
6824ca0f-e630-457d-9ed0-12ef7281b1b1,13bbd043-efcc-4c8a-9edd-f34941547546,0c96a57e-6cc1-400f-bf3a-5740b699ac21,manager,{CLOSER},2026-06-11 14:25:32.569+00,2026-06-17 04:09:57.78619+00,f,f,f,f
cf477a85-6f3c-4b8a-a194-a24e00447d9e,642b0596-7431-4f50-acff-1eb4199fab76,0c96a57e-6cc1-400f-bf3a-5740b699ac21,manager,{CLOSER},2026-01-28 01:39:32.00214+00,2026-06-17 04:09:57.78619+00,f,f,f,f
9974e2db-1c94-4aef-8748-5e643d886f57,13bbd043-efcc-4c8a-9edd-f34941547546,2528e875-ab7b-4905-a98b-998a318b883e,manager,{CLOSER},2026-06-11 15:23:21.963+00,2026-06-11 15:23:21.963+00,f,f,f,f
77313098-6072-4c7d-b5b6-9320b337b9e3,7b577c22-5513-42cc-ab19-2bf867e14ebc,13c72ac4-202c-48e1-b9b0-e4ed7e6ee7c5,operator,{SDR},2026-05-26 01:47:34.601+00,2026-05-26 01:47:34.601+00,f,f,f,f
f51943e6-fc6f-4636-9e6c-e7fb35a4d142,3258f102-8146-4986-964f-8c8f53441300,62a2569e-4be2-4326-bddd-3c6116ed18b0,manager,"{SDR,CLOSER}",2026-06-12 16:54:21.744807+00,2026-06-12 16:54:21.744807+00,t,t,t,f
2e316469-551b-41f2-97b3-0c27788e47ed,d8eb23c1-2c90-4dfe-872a-aa3e3dcd6478,1538ba43-920b-44ed-a990-062531e822ed,operator,"{CLOSER,SDR}",2026-04-07 19:33:17.384+00,2026-05-26 20:53:52.074+00,f,f,f,f
bf1301ed-9293-47d7-91f6-dfe76698f524,a9c81e05-8b1a-47ad-a80d-dbc45603f068,236ad193-19a5-4425-a354-f763852904d8,operator,"{CLOSER,SDR}",2026-07-07 14:17:01.472+00,2026-07-07 14:17:01.472+00,f,f,f,f
b5ba375e-3543-450a-89e9-3ff0229023ef,7b577c22-5513-42cc-ab19-2bf867e14ebc,46ac4762-5316-4504-992b-c35fb6ce5a7b,operator,{SDR},2026-06-09 14:36:09.408+00,2026-06-09 14:36:09.408+00,f,f,f,f
7b9b7a7e-d771-4ae9-ad81-cd6cd9ffa960,b0faf762-848b-4737-a04d-b2b4e1e8cc5b,8396bd66-e3ed-4593-b985-3e380cd308eb,manager,"{SDR,CLOSER}",2026-06-09 19:44:54.465+00,2026-06-09 19:44:54.465+00,f,t,t,f
1c722391-0273-4e2d-849c-125846c13c2a,e7703190-fdcc-4dc4-9837-bef273b3700a,98eaa6c5-8011-4b16-a5b4-2e241632a1ac,manager,"{SDR,CLOSER}",2026-06-09 19:54:34.902+00,2026-06-09 19:54:34.902+00,f,t,t,f
c65023ee-f6ac-4c1d-9ab8-1b444e798339,b874694b-f463-4dbd-bb6f-b04f121a8802,0c96a57e-6cc1-400f-bf3a-5740b699ac21,manager,{CLOSER},2026-06-02 18:59:09.094+00,2026-06-17 04:09:57.78619+00,f,f,f,f
e34b4be2-1305-42c8-946d-918488a37348,ebe67fdd-2e23-43c0-8e9b-8abec2682d09,8794ad67-aa37-4f98-b1d3-bfd19ceaebf5,manager,"{SDR,CLOSER}",2026-07-24 19:22:11.521+00,2026-07-24 19:22:11.521+00,f,t,t,f
db90f2fc-0b1c-40bc-8e8e-b9dbe591307f,b874694b-f463-4dbd-bb6f-b04f121a8802,2f940451-4cf3-44e3-9040-07942e4146c1,manager,"{CLOSER,SDR}",2026-06-02 19:00:43.39+00,2026-06-02 19:00:43.39+00,f,f,f,f
177b1b74-34a4-4d32-a449-731dc3c65ea7,8737f689-7c9e-414a-8391-5bf93d5ba600,ed586056-17ca-4287-936a-c16e642c63a6,manager,"{SDR,CLOSER}",2026-05-07 14:47:03.938+00,2026-06-08 18:23:29.078+00,f,t,t,f
8beb60fc-05aa-404b-8c46-a9071a50100e,7b577c22-5513-42cc-ab19-2bf867e14ebc,1faaf4ba-2cc1-4969-be76-d8e765fc95ba,operator,{SDR},2026-06-09 16:42:06.3+00,2026-06-09 16:42:06.3+00,f,f,f,f
647ffaf4-5341-4d68-8e6c-eefdc77641ae,c30e3590-04a3-4544-bf66-43228037bfc9,df71451b-bcd2-4602-9b7b-230b32f08b65,manager,"{SDR,CLOSER}",2026-06-09 19:48:34.929+00,2026-06-09 19:48:34.929+00,f,t,t,f
9ad7f8fe-3c7f-4db3-be79-6545bec8b3cb,138acc9c-1233-4194-a3a2-8d8c52a9ebbd,f8620d77-3229-4b7c-8fde-1f2efd53a0de,manager,"{SDR,CLOSER}",2026-06-09 19:57:32.97+00,2026-06-09 19:57:32.97+00,f,t,t,f
fbd71169-5911-4e65-b1f1-90e8497aad7a,7c1667f5-2896-47be-9c31-ab159c365074,fd08f054-017a-4a75-8bd4-0034c582774d,manager,"{SDR,CLOSER}",2026-06-09 20:00:18.97+00,2026-06-09 20:00:18.97+00,f,t,t,f
055c97b4-0419-4f47-ad06-1dc3b46d3c89,e51c5c55-1e13-45da-8a37-ed0f36f3d16c,62a2569e-4be2-4326-bddd-3c6116ed18b0,manager,"{SDR,CLOSER}",2026-05-20 18:22:12.218555+00,2026-06-11 12:56:22.109+00,t,t,t,f
1731b287-6fe1-4b4e-9275-2a4d6b4be680,ebe67fdd-2e23-43c0-8e9b-8abec2682d09,62a2569e-4be2-4326-bddd-3c6116ed18b0,manager,"{SDR,CLOSER}",2026-05-20 18:22:12.218555+00,2026-06-11 12:56:22.109+00,t,t,t,f
09ca9749-2dd5-439e-9ac1-ae385e597fb5,6237fa09-ec4a-46ca-a99b-4f8afb3bf259,0c96a57e-6cc1-400f-bf3a-5740b699ac21,manager,{CLOSER},2026-03-27 18:54:37.833+00,2026-06-17 04:09:57.78619+00,f,f,f,f
0e13ada0-71d0-4e77-9074-75befa269d70,a9c81e05-8b1a-47ad-a80d-dbc45603f068,0c96a57e-6cc1-400f-bf3a-5740b699ac21,manager,{CLOSER},2026-02-25 13:08:00.698+00,2026-06-17 04:09:57.78619+00,f,f,f,f
20599ce7-6f99-488f-a8b5-0e417521d3d7,2a266637-be4e-4088-9918-a51576912f5c,0c96a57e-6cc1-400f-bf3a-5740b699ac21,manager,{CLOSER},2026-03-26 11:30:55.069+00,2026-06-17 04:09:57.78619+00,f,f,f,f
2755599e-b02b-4a81-ae67-9e89a7e34533,7b577c22-5513-42cc-ab19-2bf867e14ebc,0c96a57e-6cc1-400f-bf3a-5740b699ac21,manager,{CLOSER},2026-03-15 00:14:09.215+00,2026-06-17 04:09:57.78619+00,f,f,f,f
30e0cb87-b79a-40ff-b86b-972150402a5f,d8eb23c1-2c90-4dfe-872a-aa3e3dcd6478,0c96a57e-6cc1-400f-bf3a-5740b699ac21,manager,{CLOSER},2026-04-07 19:30:55.045+00,2026-06-17 04:09:57.78619+00,f,f,f,f
4af8e911-6576-4364-9b2a-d97d9e85b147,1c2d5668-5cd9-49a7-a138-3ccd2bea5cbb,0c96a57e-6cc1-400f-bf3a-5740b699ac21,manager,{CLOSER},2026-02-25 13:07:33.62+00,2026-06-17 04:09:57.78619+00,f,f,f,f
4be3566b-afdf-453f-9fe5-f6d989e71b56,b3db042c-4932-4f66-8aff-3136ed50db97,0c96a57e-6cc1-400f-bf3a-5740b699ac21,manager,{CLOSER},2026-02-12 12:23:47.861+00,2026-06-17 04:09:57.78619+00,f,f,f,f
4c93dfc8-25ca-4b59-8039-20970fd38749,28f7b9e8-9516-4a08-864c-9ff3e085ba87,0c96a57e-6cc1-400f-bf3a-5740b699ac21,manager,{CLOSER},2026-03-06 12:23:24.056+00,2026-06-17 04:09:57.78619+00,f,f,f,f
6144d478-eaa9-4e20-9f8c-1026daadf0fc,e51c5c55-1e13-45da-8a37-ed0f36f3d16c,0c96a57e-6cc1-400f-bf3a-5740b699ac21,manager,{CLOSER},2026-04-06 16:04:39.741+00,2026-06-17 04:09:57.78619+00,f,f,f,f
78ff72ac-1085-4754-930e-b3d434337772,decc7faa-b202-42f1-9a04-fe15fe97a892,0c96a57e-6cc1-400f-bf3a-5740b699ac21,manager,{CLOSER},2026-02-12 13:39:51.491+00,2026-06-17 04:09:57.78619+00,f,f,f,f
0d337bfa-3226-4017-8068-44adbca7c3eb,8f4abfd3-b0bd-4a0c-991a-d553d92f915a,c1f13659-b28c-4d50-8375-5bf200294992,manager,"{CLOSER,SDR}",2026-05-18 12:51:41.142+00,2026-06-17 13:52:35.48+00,f,f,f,f
0f0508dd-155a-4800-bcb0-21e7527a2a53,3519d0a1-12b5-4a38-bbd5-a5b9d518cb53,c1f13659-b28c-4d50-8375-5bf200294992,manager,"{CLOSER,SDR}",2026-05-12 02:19:05.926+00,2026-06-17 13:52:35.48+00,f,f,f,f
29d7f493-c67e-44be-909f-fe4b306941fd,d8eb23c1-2c90-4dfe-872a-aa3e3dcd6478,fd63bafa-9a78-43fb-9311-f78b8cbfb667,manager,"{CLOSER,SDR}",2026-04-07 19:32:22.411+00,2026-05-25 12:12:28.673+00,f,t,f,f
03067515-ce89-4291-aad0-cf19cec83800,4f7c99b2-7706-4ee7-b3de-03da9a9ad682,0c96a57e-6cc1-400f-bf3a-5740b699ac21,manager,{CLOSER},2026-04-27 16:15:53.932+00,2026-04-27 16:15:53.932+00,f,f,f,f
04682206-0114-48ed-9798-87cda466c284,2a266637-be4e-4088-9918-a51576912f5c,9b5aa503-44ec-40de-9ceb-b1475639767e,manager,{CLOSER},2026-03-26 15:52:06.853+00,2026-03-26 15:52:06.853+00,f,f,f,f
b45eded9-78a2-4f51-a75a-fb6d08850900,7c1667f5-2896-47be-9c31-ab159c365074,7c500789-4499-4f1f-8f42-574cdd3d8406,operator,{SDR},2026-06-23 19:59:11.418+00,2026-06-23 19:59:11.418+00,f,f,f,f
19687906-9b08-49bc-bb94-0d6625ee0ae3,c30e3590-04a3-4544-bf66-43228037bfc9,ea9a61b8-1405-46fd-b640-6e2a9d4db8cb,operator,{SDR},2026-07-07 14:44:18.791+00,2026-07-07 14:44:18.791+00,f,f,f,f
8afd0713-d080-4cac-9965-4d75bb4f1b68,760fc14a-229e-4212-9aa9-f90de968af69,62a2569e-4be2-4326-bddd-3c6116ed18b0,manager,{},2026-06-11 18:49:33.309+00,2026-06-23 20:08:35.708+00,t,t,t,f
91f56982-f33c-4a39-9e40-918ccf70805a,a3c5b629-15d3-48a7-b5ab-694e63dc8b63,d97f16a7-e2f6-4194-9425-f82d793e73ce,manager,{},2026-06-17 20:20:56.268+00,2026-06-24 11:42:56.889+00,t,f,t,f
0febd6dd-dc1e-4295-8aee-79edf03b4c08,bf5e273c-bb38-4ceb-81f8-cc63d36f22fe,5eaffc5c-1b1d-4609-9901-7e0c3a63caa8,manager,{SDR},2026-06-16 17:25:13.254+00,2026-06-24 14:37:27.461+00,f,f,f,f
3135ed8e-a8f2-4d1e-b8ae-5cdacd0a9486,bf5e273c-bb38-4ceb-81f8-cc63d36f22fe,78e8fc4b-8bab-461b-83e5-360536a00df1,backoffice,"{CLOSER,SDR}",2026-06-25 18:32:12.649+00,2026-06-25 18:32:12.649+00,f,f,f,f
d5f9e8c8-e0aa-4d16-bb68-d00144fefff3,5dc02d36-9639-4752-867f-d48e30cb68b5,7f87b999-6509-4e17-8bb0-15b51121ff89,manager,"{SDR,CLOSER}",2026-06-29 20:38:12.14+00,2026-06-29 20:38:12.14+00,f,t,t,f
1bd69240-3826-422e-b893-5f8b424e801a,6f58e5f8-b85c-4f92-89b7-1cf3ca9f22b6,0ece46cd-9571-4f7f-8043-c1f2249b6cf9,manager,"{CLOSER,SDR}",2026-07-13 18:28:30.390843+00,2026-07-13 18:28:30.390843+00,f,f,f,f
346c12cb-8a74-4404-8f64-d5a8b1674ec3,862835fd-54ad-4ebd-986a-b5392f1bb227,2c3a1ece-7645-4b06-b934-d38429949296,operator,{SDR},2026-07-20 20:42:39.743+00,2026-07-20 20:42:39.743+00,f,f,f,f
52fd1990-ae8a-415f-a487-9a0922090b46,6a276d47-856d-4012-a48c-20e7429e6003,b0737bfd-7bea-493b-8cfc-14946fcea8cd,manager,"{SDR,CLOSER}",2026-06-01 21:52:12.075+00,2026-06-22 13:53:29.766+00,t,t,t,f
e006e4e2-ae5b-45ae-8ee8-1a0487eb79fb,90bb1d12-5855-4f3e-aecb-e92f597e650c,b0737bfd-7bea-493b-8cfc-14946fcea8cd,manager,"{SDR,CLOSER}",2026-04-30 13:47:03.008+00,2026-06-22 13:53:29.766+00,t,t,t,f
64e79719-0662-4ff5-ba3d-c8d3d2bce2ee,7c1667f5-2896-47be-9c31-ab159c365074,5a9877e3-17f6-4b73-8700-eaa157fa2645,operator,{SDR},2026-06-23 20:00:49.926+00,2026-06-23 20:00:49.926+00,f,f,f,f
1f7937e2-d014-479e-9c13-a8a8ccf0bd6c,d8eb23c1-2c90-4dfe-872a-aa3e3dcd6478,d97f16a7-e2f6-4194-9425-f82d793e73ce,manager,{},2026-05-20 18:19:17.74996+00,2026-06-24 11:42:56.889+00,t,f,t,f
88949d23-13e5-49d8-b94e-9af489a44aaf,c30e3590-04a3-4544-bf66-43228037bfc9,bdcaf0e7-94cb-4745-ae1d-944ab5404b4d,operator,"{CLOSER,SDR}",2026-06-25 18:33:26.667+00,2026-06-25 20:30:41.033+00,f,f,f,f
6d07e5bf-4b41-413f-87a6-b7aa88dc6cbe,c30e3590-04a3-4544-bf66-43228037bfc9,51066f77-6157-4002-aff4-877555bbb3ad,operator,"{CLOSER,SDR}",2026-06-25 18:34:08.619+00,2026-07-01 14:42:04.381+00,f,f,f,f
fbc5a99b-05c8-4837-b332-ee5583097283,32ccdbe1-627f-4fe3-a506-056b997ed89b,0c96a57e-6cc1-400f-bf3a-5740b699ac21,manager,"{SDR,CLOSER}",2026-07-03 02:49:16.100179+00,2026-07-03 02:49:16.100179+00,f,f,f,f
42bb8144-25b2-4465-8aaf-16fb2253cfae,9bd5cccc-e18f-432e-ae67-dc33103d5791,d9fa9d1e-a215-4c32-955d-45e90512c6a2,operator,{SDR},2026-07-07 14:45:54.005+00,2026-07-07 14:45:54.005+00,f,f,f,f
307d5bb8-138f-4f25-87f9-d7318a8f2939,7b577c22-5513-42cc-ab19-2bf867e14ebc,9378bd85-5226-4d0b-ad20-0444d71b19fc,operator,{SDR},2026-07-13 18:50:52.654+00,2026-07-13 18:50:52.654+00,f,f,f,f
fadb81a0-6ea0-4078-8798-d1c6f1a52bb7,48491b5d-d587-4882-9509-bea9969b2149,7d593222-6286-4f16-9e99-8204ad0b8c93,manager,"{SDR,CLOSER}",2026-07-16 17:58:08.325+00,2026-07-16 17:58:08.325+00,f,t,t,f
93b99b59-0ff5-49bd-8b88-90a02e3d6c6f,1c2d5668-5cd9-49a7-a138-3ccd2bea5cbb,9378bd85-5226-4d0b-ad20-0444d71b19fc,operator,{SDR},2026-07-22 13:04:10.458+00,2026-07-22 13:04:10.458+00,f,f,f,f
6c7ae0ff-1fbe-45f5-ad7a-504cda1c0c98,a1b2c3d4-0001-4000-8000-000000000001,34d5a729-8a6b-4412-8cf4-6b0003e7e6bc,operator,{SDR},2026-07-27 12:54:10.929+00,2026-07-27 12:54:10.929+00,f,f,f,f
97292807-f44e-4958-9e8c-1ab4632bfa75,760fc14a-229e-4212-9aa9-f90de968af69,1faaf4ba-2cc1-4969-be76-d8e765fc95ba,operator,{SDR},2026-06-11 15:37:15.335445+00,2026-06-12 16:12:58.689325+00,f,f,f,f
3df47e4f-4c96-4b03-8f61-86bc3d1d52a2,a1b2c3d4-0001-4000-8000-000000000001,62a2569e-4be2-4326-bddd-3c6116ed18b0,manager,"{SDR,CLOSER}",2026-05-20 18:22:12.218555+00,2026-06-11 12:56:22.109+00,t,t,t,f
70551461-02a1-455a-bd7a-2e0b5a954fec,2a266637-be4e-4088-9918-a51576912f5c,62a2569e-4be2-4326-bddd-3c6116ed18b0,manager,"{SDR,CLOSER}",2026-05-20 18:22:12.218555+00,2026-06-11 12:56:22.109+00,t,t,t,f
79ea7b6e-e881-4920-92ec-1765504db3a3,968fc8e6-f918-4579-b0d1-26570ce5e94b,62a2569e-4be2-4326-bddd-3c6116ed18b0,manager,"{SDR,CLOSER}",2026-05-20 18:22:12.218555+00,2026-06-11 12:56:22.109+00,t,t,t,f
9e0db61b-d30e-4ec5-afba-c42ac3f3cc31,a551e29d-b3c3-4625-9de1-cc2c4c315a0e,62a2569e-4be2-4326-bddd-3c6116ed18b0,manager,"{SDR,CLOSER}",2026-05-20 18:22:12.218555+00,2026-06-11 12:56:22.109+00,t,t,t,f
9ea6429e-a6e6-4d0a-a0a8-99f6f41deb78,bdef184d-6217-4cdf-a59f-dc37008d13fd,62a2569e-4be2-4326-bddd-3c6116ed18b0,manager,"{SDR,CLOSER}",2026-05-20 18:22:12.218555+00,2026-06-11 12:56:22.109+00,t,t,t,f
f7d643e1-7b34-4e90-a246-c634d19a5d53,760fc14a-229e-4212-9aa9-f90de968af69,46ac4762-5316-4504-992b-c35fb6ce5a7b,operator,{SDR},2026-06-11 15:37:15.335445+00,2026-06-12 16:12:58.689325+00,f,f,f,f
afee6dda-8052-43d8-b0e9-229d6392b0b7,a9c81e05-8b1a-47ad-a80d-dbc45603f068,62a2569e-4be2-4326-bddd-3c6116ed18b0,manager,{SDR},2026-06-11 16:33:23.1162+00,2026-06-12 16:45:24.275516+00,t,t,t,f
08ce4d3a-257d-444c-af07-f0ccda0c5b3c,5d7214cd-c7d1-42ac-b859-b9e84dee9fab,c7bf5dd7-bb6b-4135-845a-74e9481616c3,operator,{SDR},2026-06-15 14:44:43.638+00,2026-06-15 14:44:43.638+00,f,f,f,f
a2e4800b-0c79-45b5-b5b2-a4fe38d543d0,13bbd043-efcc-4c8a-9edd-f34941547546,62a2569e-4be2-4326-bddd-3c6116ed18b0,manager,"{SDR,CLOSER}",2026-06-11 15:24:10.731+00,2026-06-11 15:24:10.731+00,t,t,t,f
3c016a8c-072e-404d-9d6c-c42224e5f223,13bbd043-efcc-4c8a-9edd-f34941547546,7cd0d2c4-1a31-4ce3-a23f-638e309e6e8c,manager,{},2026-06-12 15:22:44.945+00,2026-06-12 15:22:44.945+00,f,f,f,f
702c0417-3048-4228-ab5c-e54f23a3e2ee,a1b2c3d4-0001-4000-8000-000000000001,907688ff-d10e-42f1-ab53-6f62995d1be7,operator,{SDR},2026-06-15 13:42:19.688+00,2026-06-15 13:42:19.688+00,f,f,f,f
9e3ec9fe-7a1e-444e-9441-79278a18a361,4b6ed21f-0c19-4c99-bdd3-efa57e5aa413,76e33705-980f-4c41-a0b3-3c25511b66cb,manager,"{SDR,CLOSER}",2026-05-27 19:27:00.42+00,2026-05-27 19:27:00.42+00,f,t,t,f
342c0fe4-5be0-4189-a8d8-62bf9cee1d93,3519d0a1-12b5-4a38-bbd5-a5b9d518cb53,1342b17d-f465-4fa8-a88f-2d4c62282bdc,operator,{SDR},2026-06-23 20:10:33.742+00,2026-06-23 20:10:33.742+00,f,f,f,f
8341c5ed-8ede-43f8-81da-d16c15535eb8,3258f102-8146-4986-964f-8c8f53441300,d97f16a7-e2f6-4194-9425-f82d793e73ce,manager,{},2026-06-22 14:54:06.70287+00,2026-06-24 11:42:56.889+00,t,f,t,f
e68ef0e6-58db-4495-83e4-67511617d591,a551e29d-b3c3-4625-9de1-cc2c4c315a0e,2e93820d-e316-4d5e-9f4f-5ca26a5aba8b,operator,{SDR},2026-07-08 13:55:43.945+00,2026-07-08 13:55:43.945+00,f,f,f,f
b61f0f71-04be-40c2-982e-4b2f97578145,54fd3322-4510-4b44-bfbc-52e1c44b4969,d97f16a7-e2f6-4194-9425-f82d793e73ce,manager,{},2026-06-22 14:54:06.70287+00,2026-06-24 11:42:56.889+00,t,f,t,f
0d2f799c-67c5-4df2-99cc-5acafcc08cb2,642b0596-7431-4f50-acff-1eb4199fab76,d97f16a7-e2f6-4194-9425-f82d793e73ce,manager,{},2026-06-22 14:54:06.70287+00,2026-06-24 11:42:56.889+00,t,f,t,f
8121b1da-0d09-4a6f-bc16-310d98cf3cc8,658a0146-2d8a-4b2e-81e5-aa16fa9d0a30,d97f16a7-e2f6-4194-9425-f82d793e73ce,manager,{},2026-06-22 14:54:06.70287+00,2026-06-24 11:42:56.889+00,t,f,t,f
8ff33f59-f417-48b4-a258-2096a791573e,6f58e5f8-b85c-4f92-89b7-1cf3ca9f22b6,d97f16a7-e2f6-4194-9425-f82d793e73ce,manager,{},2026-06-22 14:54:06.70287+00,2026-06-24 11:42:56.889+00,t,f,t,f
4e055bdb-84c4-4c15-a59d-984509282118,862835fd-54ad-4ebd-986a-b5392f1bb227,d97f16a7-e2f6-4194-9425-f82d793e73ce,manager,{},2026-06-22 14:54:06.70287+00,2026-06-24 11:42:56.889+00,t,f,t,f
2924d647-0a6a-4a9a-930f-ce1f8aa57f01,8cab859b-a1e1-4edb-af95-4e847e1c93e4,d97f16a7-e2f6-4194-9425-f82d793e73ce,manager,{},2026-06-22 14:54:06.70287+00,2026-06-24 11:42:56.889+00,t,f,t,f
b6feb591-3444-4289-922b-9044383779fd,9cea04a2-b538-4f25-b48b-a2a94f030a8f,d97f16a7-e2f6-4194-9425-f82d793e73ce,manager,{},2026-06-22 14:54:06.70287+00,2026-06-24 11:42:56.889+00,t,f,t,f
d2132d7a-35fb-4245-88c8-6c2ff45ded72,a9c81e05-8b1a-47ad-a80d-dbc45603f068,d97f16a7-e2f6-4194-9425-f82d793e73ce,manager,{},2026-06-22 14:54:06.70287+00,2026-06-24 11:42:56.889+00,t,f,t,f
4eaf0708-a1cf-4bf6-b94d-70d684d51db1,b386d537-7a79-43af-ab63-105b681ebac2,d97f16a7-e2f6-4194-9425-f82d793e73ce,manager,{},2026-06-22 14:54:06.70287+00,2026-06-24 11:42:56.889+00,t,f,t,f
888da243-169f-4f03-ab21-f6d51b0781d9,eefbf327-b160-438c-a6ca-d5e0179c4a38,d97f16a7-e2f6-4194-9425-f82d793e73ce,manager,{},2026-06-22 14:54:06.70287+00,2026-06-24 11:42:56.889+00,t,f,t,f
6c68d2d2-d0a6-4ec9-a8d1-ce9dc39ff7ad,fc42b3f9-c8c5-41e5-bd4e-06b8b9c0109a,d97f16a7-e2f6-4194-9425-f82d793e73ce,manager,{},2026-06-22 14:54:06.70287+00,2026-06-24 11:42:56.889+00,t,f,t,f
c89e2135-3f72-4bbc-88bb-87e90187d5cf,5d7214cd-c7d1-42ac-b859-b9e84dee9fab,d97f16a7-e2f6-4194-9425-f82d793e73ce,manager,{},2026-06-22 14:54:06.70287+00,2026-06-24 11:42:56.889+00,t,f,t,f
773445d1-38d3-4495-9c74-8d7986069098,6237fa09-ec4a-46ca-a99b-4f8afb3bf259,d97f16a7-e2f6-4194-9425-f82d793e73ce,manager,{},2026-06-22 14:54:06.70287+00,2026-06-24 11:42:56.889+00,t,f,t,f
aeea11a4-b872-4107-9cda-b8490ca1ce53,6d3f8a2c-1a05-4e2a-b57e-d969b668049b,d97f16a7-e2f6-4194-9425-f82d793e73ce,manager,{},2026-06-22 14:54:06.70287+00,2026-06-24 11:42:56.889+00,t,f,t,f
84a429ba-aae2-4b39-bcdd-4d3a7d7f0e3e,760fc14a-229e-4212-9aa9-f90de968af69,d97f16a7-e2f6-4194-9425-f82d793e73ce,manager,{},2026-06-22 14:54:06.70287+00,2026-06-24 11:42:56.889+00,t,f,t,f
f9bdda83-a48c-491e-b93f-504803567537,7b577c22-5513-42cc-ab19-2bf867e14ebc,c3d45b33-11c7-49bc-abfa-62a13f1f957a,operator,{SDR},2026-07-13 18:51:20.818+00,2026-07-13 18:51:20.818+00,f,f,f,f
4272d10e-a2aa-4ef3-83f7-dc7fbedc4aaa,1c2d5668-5cd9-49a7-a138-3ccd2bea5cbb,46ac4762-5316-4504-992b-c35fb6ce5a7b,operator,{SDR},2026-07-17 13:19:27.711+00,2026-07-17 13:19:27.711+00,f,f,f,f
952d5e28-4c3d-4ba5-beec-28ca2c863f33,1c2d5668-5cd9-49a7-a138-3ccd2bea5cbb,1faaf4ba-2cc1-4969-be76-d8e765fc95ba,operator,{SDR},2026-07-17 13:19:46.991+00,2026-07-17 13:19:46.991+00,f,f,f,f
e75c538f-7a5f-489f-973f-1bb7a3dc02ee,1c2d5668-5cd9-49a7-a138-3ccd2bea5cbb,c3d45b33-11c7-49bc-abfa-62a13f1f957a,operator,{SDR},2026-07-22 13:04:44.732+00,2026-07-22 13:04:44.732+00,f,f,f,f
aa57f5f0-3c2c-4275-a7aa-28d8285f1f72,13bbd043-efcc-4c8a-9edd-f34941547546,d97f16a7-e2f6-4194-9425-f82d793e73ce,manager,{},2026-06-22 14:54:06.70287+00,2026-06-24 14:41:49.317+00,t,t,t,f
a8edbd48-53cb-444c-b802-841d31cb17e9,b874694b-f463-4dbd-bb6f-b04f121a8802,d97f16a7-e2f6-4194-9425-f82d793e73ce,manager,{},2026-06-22 14:54:06.70287+00,2026-06-24 14:42:28.038+00,t,t,t,f
ba39c42d-bb9f-4a31-9858-d64d6dcb9e69,9e39aa76-bf9c-4630-afb4-5ea10a9cb738,0c96a57e-6cc1-400f-bf3a-5740b699ac21,manager,{CLOSER},2026-06-26 02:21:27.394+00,2026-06-26 02:21:27.394+00,f,f,f,f
3ece8db3-b270-4a27-b442-e49f0764180c,a94fc469-4603-487f-ab7f-e2712197d510,3edac115-6ec1-4705-97ec-2492c96955a9,operator,{SDR},2026-07-27 13:33:37.67+00,2026-07-27 13:33:37.67+00,f,f,f,f
3607e829-7dd3-4e18-9496-50a589accae0,9e39aa76-bf9c-4630-afb4-5ea10a9cb738,d97f16a7-e2f6-4194-9425-f82d793e73ce,manager,{},2026-06-30 12:52:18.81+00,2026-06-30 12:52:18.81+00,t,f,t,f
27594ba4-bba9-4894-99a2-37532df479d6,7b577c22-5513-42cc-ab19-2bf867e14ebc,d97f16a7-e2f6-4194-9425-f82d793e73ce,manager,{},2026-06-22 14:54:06.70287+00,2026-07-01 12:17:57.167+00,t,t,t,t
3298bf22-e9e1-4d1a-95dc-4d16ec07d9c5,8f4abfd3-b0bd-4a0c-991a-d553d92f915a,52151fdc-3a33-4ef1-88ef-f9eab136531c,operator,{SDR},2026-07-06 13:37:23.048+00,2026-07-06 13:37:23.048+00,f,f,f,f
240c0a73-662e-40f9-ba8a-3b165ba8f4f9,862835fd-54ad-4ebd-986a-b5392f1bb227,c0daec83-b339-449f-9255-98985fbb7b60,manager,"{CLOSER,SDR}",2026-04-18 17:28:35.481+00,2026-04-18 17:28:35.481+00,f,f,f,f
241e7abf-7fae-4423-97c2-d74386c5389a,9cea04a2-b538-4f25-b48b-a2a94f030a8f,4dcdba74-1595-4b2e-a253-7a43507dd80e,operator,{SDR},2026-04-14 01:29:00.005+00,2026-04-14 01:29:00.005+00,f,f,f,f
2be2e464-b4d2-4994-8a9e-a723471cb5bc,862835fd-54ad-4ebd-986a-b5392f1bb227,0c96a57e-6cc1-400f-bf3a-5740b699ac21,manager,{CLOSER},2026-04-18 17:27:29.783+00,2026-04-18 17:27:29.783+00,f,f,f,f
2d1b958d-8778-4f06-8995-a11ce90bef6b,3258f102-8146-4986-964f-8c8f53441300,13c72ac4-202c-48e1-b9b0-e4ed7e6ee7c5,operator,{SDR},2026-06-11 15:37:15.335445+00,2026-06-12 16:12:58.689325+00,f,f,f,f
b3a342e8-2c53-4ed8-bdf8-919a787884a8,27edf455-e61a-48a9-a846-e2c6f42999b5,62a2569e-4be2-4326-bddd-3c6116ed18b0,manager,{},2026-06-22 18:15:42.783606+00,2026-06-22 18:15:42.783606+00,f,f,f,f
5ee7f4bd-3e20-412b-a4c0-307484cb30ab,28f7b9e8-9516-4a08-864c-9ff3e085ba87,62a2569e-4be2-4326-bddd-3c6116ed18b0,manager,{},2026-06-22 18:15:42.783606+00,2026-06-22 18:15:42.783606+00,f,f,f,f
ebc7e186-40bd-4951-9d8f-c8bfe71405af,54fd3322-4510-4b44-bfbc-52e1c44b4969,62a2569e-4be2-4326-bddd-3c6116ed18b0,manager,{},2026-06-22 18:15:42.783606+00,2026-06-22 18:15:42.783606+00,f,f,f,f
1144897e-3a98-4a4b-93bd-099552ab17b3,642b0596-7431-4f50-acff-1eb4199fab76,62a2569e-4be2-4326-bddd-3c6116ed18b0,manager,{},2026-06-22 18:15:42.783606+00,2026-06-22 18:15:42.783606+00,f,f,f,f
b2cf1110-9413-4157-93a8-c4aa2f1506f8,658a0146-2d8a-4b2e-81e5-aa16fa9d0a30,62a2569e-4be2-4326-bddd-3c6116ed18b0,manager,{},2026-06-22 18:15:42.783606+00,2026-06-22 18:15:42.783606+00,f,f,f,f
e6bcc528-d487-46ef-ab4a-9ed3dfe976f4,6f58e5f8-b85c-4f92-89b7-1cf3ca9f22b6,62a2569e-4be2-4326-bddd-3c6116ed18b0,manager,{},2026-06-22 18:15:42.783606+00,2026-06-22 18:15:42.783606+00,f,f,f,f
e0d94006-44f4-4fe2-963a-2b6f4611e3d3,862835fd-54ad-4ebd-986a-b5392f1bb227,62a2569e-4be2-4326-bddd-3c6116ed18b0,manager,{},2026-06-22 18:15:42.783606+00,2026-06-22 18:15:42.783606+00,f,f,f,f
dec4e778-06a9-4046-ba22-bc77dfe2cdf0,8cab859b-a1e1-4edb-af95-4e847e1c93e4,62a2569e-4be2-4326-bddd-3c6116ed18b0,manager,{},2026-06-22 18:15:42.783606+00,2026-06-22 18:15:42.783606+00,f,f,f,f
81e5ac06-366f-4d09-ac86-34bfd7d74c34,9cea04a2-b538-4f25-b48b-a2a94f030a8f,62a2569e-4be2-4326-bddd-3c6116ed18b0,manager,{},2026-06-22 18:15:42.783606+00,2026-06-22 18:15:42.783606+00,f,f,f,f
67e5e894-22f1-404b-ad0d-227f6c6121f5,a3c5b629-15d3-48a7-b5ab-694e63dc8b63,62a2569e-4be2-4326-bddd-3c6116ed18b0,manager,{},2026-06-22 18:15:42.783606+00,2026-06-22 18:15:42.783606+00,f,f,f,f
f285781b-1cd8-4d2e-8899-767427ae6125,b386d537-7a79-43af-ab63-105b681ebac2,62a2569e-4be2-4326-bddd-3c6116ed18b0,manager,{},2026-06-22 18:15:42.783606+00,2026-06-22 18:15:42.783606+00,f,f,f,f
899cb8d4-8611-45aa-8cb9-e181249472f8,b3db042c-4932-4f66-8aff-3136ed50db97,62a2569e-4be2-4326-bddd-3c6116ed18b0,manager,{},2026-06-22 18:15:42.783606+00,2026-06-22 18:15:42.783606+00,f,f,f,f
d2347cec-49ba-433e-ba0b-4aa46d326ba6,eefbf327-b160-438c-a6ca-d5e0179c4a38,62a2569e-4be2-4326-bddd-3c6116ed18b0,manager,{},2026-06-22 18:15:42.783606+00,2026-06-22 18:15:42.783606+00,f,f,f,f
8d079d0f-8060-44a3-9ff1-4011c74470fe,fc42b3f9-c8c5-41e5-bd4e-06b8b9c0109a,62a2569e-4be2-4326-bddd-3c6116ed18b0,manager,{},2026-06-22 18:15:42.783606+00,2026-06-22 18:15:42.783606+00,f,f,f,f
6f6c898b-ab74-4799-8361-d4090e77702f,5d7214cd-c7d1-42ac-b859-b9e84dee9fab,62a2569e-4be2-4326-bddd-3c6116ed18b0,manager,{},2026-06-22 18:15:42.783606+00,2026-06-22 18:15:42.783606+00,f,f,f,f
683ae406-8d2f-44a1-803f-5e32b8e6ef4b,6237fa09-ec4a-46ca-a99b-4f8afb3bf259,62a2569e-4be2-4326-bddd-3c6116ed18b0,manager,{},2026-06-22 18:15:42.783606+00,2026-06-22 18:15:42.783606+00,f,f,f,f
1978cc50-2e84-407d-bb78-0d56e45264af,b874694b-f463-4dbd-bb6f-b04f121a8802,62a2569e-4be2-4326-bddd-3c6116ed18b0,manager,{},2026-06-22 18:15:42.783606+00,2026-06-22 18:15:42.783606+00,f,f,f,f
04310ba6-c003-4ac1-ba55-61e553b3fe5a,9bd5cccc-e18f-432e-ae67-dc33103d5791,62a2569e-4be2-4326-bddd-3c6116ed18b0,manager,{},2026-06-22 18:15:42.783606+00,2026-06-23 12:40:37.272+00,t,f,f,f
964ea1d3-cf55-4d36-9fcf-6b7f2ecba89c,9bd5cccc-e18f-432e-ae67-dc33103d5791,d97f16a7-e2f6-4194-9425-f82d793e73ce,manager,{},2026-05-11 13:47:45.305+00,2026-06-24 11:42:56.889+00,t,f,t,f
078686a7-c9dd-4ea4-bdba-18533f7cf362,28f7b9e8-9516-4a08-864c-9ff3e085ba87,d97f16a7-e2f6-4194-9425-f82d793e73ce,manager,{},2026-05-15 16:04:56.494+00,2026-06-24 11:42:56.889+00,t,f,t,f
1f2a6531-51c4-4167-be60-d562301ada4e,b3db042c-4932-4f66-8aff-3136ed50db97,d97f16a7-e2f6-4194-9425-f82d793e73ce,manager,{},2026-05-12 20:17:33.683+00,2026-06-24 11:42:56.889+00,t,f,t,f
2f5906ea-44d2-4f0e-b9cb-84984b691da7,decc7faa-b202-42f1-9a04-fe15fe97a892,d97f16a7-e2f6-4194-9425-f82d793e73ce,manager,{},2026-05-20 18:19:17.74996+00,2026-06-24 11:42:56.889+00,t,f,t,f
3c88cd17-a53a-4bc2-acc3-37d3065a9b95,ebe67fdd-2e23-43c0-8e9b-8abec2682d09,d97f16a7-e2f6-4194-9425-f82d793e73ce,manager,{},2026-05-20 18:19:17.74996+00,2026-06-24 11:42:56.889+00,t,f,t,f
9de11cc2-3cb0-44b7-8f99-3978b55369e3,9e39aa76-bf9c-4630-afb4-5ea10a9cb738,0ae36a43-2ef0-4a7d-b95a-edcc7d9ac3f2,manager,"{CLOSER,SDR}",2026-06-30 16:32:01.324+00,2026-06-30 16:32:55.514+00,t,t,t,f
4b81e546-ec9d-41b4-97cd-d1b2b68402f5,9e39aa76-bf9c-4630-afb4-5ea10a9cb738,40e83a63-14e3-4b21-bf74-fdd96b791fc9,manager,"{CLOSER,SDR}",2026-06-26 02:23:31.674+00,2026-06-30 16:33:16.866+00,f,f,f,f
3649e18c-38b2-4610-a242-873be4081169,518d91f4-33d0-4ebe-a531-40c39053cd2c,08c65746-17f1-487e-b488-17cea01e4b51,manager,"{SDR,CLOSER}",2026-07-08 19:58:46.297+00,2026-07-08 19:58:46.297+00,f,t,t,f
fa8ed312-929f-46b6-ae90-5b19cd7e7516,f43d5087-6603-494b-b5c0-bbf3b68f4d55,06eaeeaa-a4e1-4f9d-9cdf-8c277c613d6b,manager,"{SDR,CLOSER}",2026-07-13 22:00:50.309+00,2026-07-13 22:00:50.309+00,f,t,t,f
f2874e00-9248-4f62-b53f-58f5ab4778b4,5a615581-9ee1-4040-b2b7-76d5d0acf41a,f94a3014-2ada-4aea-958e-49294fe7dc16,manager,"{SDR,CLOSER}",2026-07-20 12:15:57.714+00,2026-07-20 12:15:57.714+00,f,t,t,f
0ee7f47e-058c-4a7d-b7dd-a5a50acb718c,1c2d5668-5cd9-49a7-a138-3ccd2bea5cbb,88826808-567c-46b2-b41d-2168ef6c85d2,operator,{SDR},2026-07-22 13:09:28.149+00,2026-07-22 13:09:28.149+00,f,f,f,f
0efa05d1-8475-4b4f-9ef9-dd75f712698d,3519d0a1-12b5-4a38-bbd5-a5b9d518cb53,193d76db-5754-4d89-b93d-862b0b7a0e48,operator,{SDR},2026-07-27 13:48:28.858+00,2026-07-27 13:48:28.858+00,f,f,f,f
7f7858e2-f670-4cc2-9d39-ec6487e0262c,968fc8e6-f918-4579-b0d1-26570ce5e94b,fc017fe5-c0fd-4022-bf36-9cb2fdb55195,operator,{SDR},2026-05-04 15:48:42.492+00,2026-05-04 15:48:42.492+00,f,f,f,f
8a2f2515-0084-4b78-adc4-3acad654842d,8cab859b-a1e1-4edb-af95-4e847e1c93e4,678b734f-19e2-4622-ab4e-fccd86f4877f,manager,{CLOSER},2026-03-18 02:37:13.27+00,2026-03-18 02:37:13.27+00,f,f,f,f
915bb16f-beb7-4a51-884b-62d41595771f,32ccdbe1-627f-4fe3-a506-056b997ed89b,8474aaf6-e7d1-4165-9bef-bf76bc701038,manager,"{SDR,CLOSER}",2026-03-02 23:29:14.238+00,2026-03-02 23:29:14.238+00,f,f,f,f
9f54b552-f1f6-4885-8342-8b2b294e58e1,3cbe0dd1-c806-4171-8fdf-002c7fe52d74,7485599c-ad1e-42ba-91ef-7a71fddfa4f4,manager,{CLOSER},2026-03-25 11:39:33.412+00,2026-03-25 11:39:33.412+00,f,f,f,f
9f7431a9-9982-4254-bd17-744dc551fa0c,3519d0a1-12b5-4a38-bbd5-a5b9d518cb53,0adeb806-da8c-4772-9d50-27683509dd4e,operator,{SDR},2026-05-23 19:15:11.416+00,2026-05-23 19:15:11.416+00,f,f,f,f
9f9efb3c-46c3-4249-82b8-9e605cfeabe5,e51c5c55-1e13-45da-8a37-ed0f36f3d16c,f403ca0e-fcf6-474b-8fd4-29f5c412bb9a,operator,{SDR},2026-04-06 16:10:23.445+00,2026-04-06 16:10:23.445+00,f,f,f,f
9fd9d5e7-b379-44da-ac5f-804240dbab61,54fd3322-4510-4b44-bfbc-52e1c44b4969,87a43e47-33e7-4623-90d0-260dfdf5c5bf,manager,"{CLOSER,SDR}",2026-02-20 11:44:40.239+00,2026-05-18 11:57:18.48+00,f,t,f,f
a02b3e04-1f07-43ac-adb2-e36dc06bf289,e51c5c55-1e13-45da-8a37-ed0f36f3d16c,2528e875-ab7b-4905-a98b-998a318b883e,manager,{CLOSER},2026-04-06 16:08:48.512+00,2026-04-06 16:08:48.512+00,f,f,f,f
a202cfbb-f497-4d1e-8fbf-97066e3f057b,a551e29d-b3c3-4625-9de1-cc2c4c315a0e,0c96a57e-6cc1-400f-bf3a-5740b699ac21,manager,{CLOSER},2026-05-04 15:12:49.793+00,2026-05-04 15:12:49.793+00,f,f,f,f
a93f213c-bef1-4067-9aa8-d56fce9e0c0e,28f7b9e8-9516-4a08-864c-9ff3e085ba87,3dd22c56-67d0-4ce5-abfe-d8d784d2d709,manager,{CLOSER},2026-05-23 13:18:33.281+00,2026-05-23 13:18:33.281+00,f,f,f,f
aa9994c4-d8d6-4bd6-8dee-98574fd9cdf6,24c576fa-354b-48fe-bfd8-ddd54c313ce4,c691c0dd-076e-41fd-984b-ea622fcff1c9,manager,"{SDR,CLOSER}",2026-05-07 14:53:34.507+00,2026-05-07 14:53:34.507+00,f,t,t,f
9ddc2be6-211c-4899-b90b-1c959d441949,88d41394-4107-4870-af2c-05decffbb0a5,acac8fbf-d3b0-4728-8262-7d9eaaac3704,manager,"{SDR,CLOSER}",2026-06-22 19:19:52.828+00,2026-06-22 19:19:52.828+00,f,t,t,f
ebf4736e-c085-466f-abad-07361c6ebd9d,f8700eca-1ec2-47b0-be5d-6ef51061501d,433f8342-5727-49e3-8ac2-8a23feb880c0,manager,"{SDR,CLOSER}",2026-06-24 14:45:00.375+00,2026-06-24 14:45:00.375+00,f,t,t,f
0bae0c16-1894-4442-8c68-de5e8bf93b15,27edf455-e61a-48a9-a846-e2c6f42999b5,88826808-567c-46b2-b41d-2168ef6c85d2,operator,{SDR},2026-06-29 14:31:33.36+00,2026-06-29 14:31:33.36+00,f,f,f,f
061d72ed-bc3b-4b1d-a903-18a0034a97a7,27edf455-e61a-48a9-a846-e2c6f42999b5,46ac4762-5316-4504-992b-c35fb6ce5a7b,operator,{SDR},2026-06-29 14:32:58.12+00,2026-06-29 14:32:58.12+00,f,f,f,f
b5120623-49d8-45d5-832f-44925cccd567,6237fa09-ec4a-46ca-a99b-4f8afb3bf259,06e38177-2f7d-41dc-b0eb-25ed65b2a953,operator,{SDR},2026-06-30 17:27:07.585+00,2026-07-01 17:10:04.985+00,f,f,f,f
b5f0aa42-bcff-4365-bb9c-9748835d3a75,a9c81e05-8b1a-47ad-a80d-dbc45603f068,bcfd95e5-293e-46d0-a33b-406bf7824b07,manager,{},2026-07-06 16:47:33.589+00,2026-07-06 16:47:33.589+00,f,t,t,t
a9dd4951-ff0a-4d00-ae9a-95bf326e1949,f43d5087-6603-494b-b5c0-bbf3b68f4d55,e50fcb28-10bf-4ad0-809a-1785d438b3c1,manager,"{SDR,CLOSER}",2026-07-08 23:51:18.722+00,2026-07-08 23:51:18.722+00,f,t,t,f
e0ab7d42-296d-4559-9201-1bcfb48acbca,c30e3590-04a3-4544-bf66-43228037bfc9,9446c620-debd-44d9-bab5-d30947d6ce1b,operator,{SDR},2026-07-14 14:02:17.257+00,2026-07-14 14:02:17.257+00,f,f,f,f
b20f416d-e61d-46f9-ba1c-b3b7b53de21b,5a615581-9ee1-4040-b2b7-76d5d0acf41a,5b023c7d-ec7f-4508-bd45-f33933846592,operator,{SDR},2026-07-20 12:20:46.697+00,2026-07-20 12:20:46.697+00,f,f,f,f
beb87094-a15a-45a2-9c15-68f58f806693,5a615581-9ee1-4040-b2b7-76d5d0acf41a,88826808-567c-46b2-b41d-2168ef6c85d2,operator,{SDR},2026-07-27 16:40:12.344+00,2026-07-27 16:40:12.344+00,f,f,f,f
d561d942-b2d9-49ff-ac75-6c3a128ed784,9cea04a2-b538-4f25-b48b-a2a94f030a8f,4803c4d5-4187-40c8-afe5-bbbd9708cdbc,manager,{CLOSER},2026-02-20 11:46:19.623+00,2026-02-20 11:46:19.623+00,f,f,f,f
d60c72ee-2ffb-464b-8ba2-f54cabad11a4,3519d0a1-12b5-4a38-bbd5-a5b9d518cb53,0c96a57e-6cc1-400f-bf3a-5740b699ac21,manager,{CLOSER},2026-04-16 11:06:21.84+00,2026-04-16 11:06:21.84+00,f,f,f,f
d996aa0b-0f2b-426f-aebd-f2b17814cce3,642b0596-7431-4f50-acff-1eb4199fab76,493aecc1-6791-4d62-bc63-f4f55c78e44e,manager,"{SDR,CLOSER}",2026-01-28 01:39:32.00214+00,2026-01-28 01:39:32.00214+00,f,f,f,f
df242ef9-7d7a-45c4-93ad-77f189051782,3519d0a1-12b5-4a38-bbd5-a5b9d518cb53,37377abe-4302-4683-b26a-6277e0ee3fcc,operator,{SDR},2026-05-23 19:14:09.973+00,2026-05-23 19:14:09.973+00,f,f,f,f
df9df821-569c-4832-9f39-2f11c4cc6e8d,9703eb88-bcb7-4c08-952e-158f9c404728,8474aaf6-e7d1-4165-9bef-bf76bc701038,manager,"{SDR,CLOSER}",2026-05-06 04:31:13.212+00,2026-05-06 04:31:13.212+00,f,f,f,f
04870cfc-79d2-4b17-9e71-407855ec2972,a94fc469-4603-487f-ab7f-e2712197d510,a73a0ad8-7266-4a0a-9a0b-bb2eda57ddaf,manager,{CLOSER},2026-05-11 20:25:17.23+00,2026-05-11 20:25:17.23+00,f,f,f,f
0499efe8-9015-4538-9ed2-75199e4092bf,760fc14a-229e-4212-9aa9-f90de968af69,1ed74e00-4a16-47cb-84fc-8021943b5fa3,manager,{CLOSER},2026-05-12 18:13:07.789+00,2026-05-12 18:13:07.789+00,f,t,t,f
088ad81c-4254-4db1-939f-6260db81d615,28f7b9e8-9516-4a08-864c-9ff3e085ba87,8db234c2-f38d-4783-aca0-c9e566a4cd53,operator,{SDR},2026-03-06 12:23:54.16+00,2026-03-06 12:23:54.16+00,f,f,f,f
12332861-8fdd-4ee5-a4dc-4418df90c1c3,bdef184d-6217-4cdf-a59f-dc37008d13fd,0c96a57e-6cc1-400f-bf3a-5740b699ac21,manager,{CLOSER},2026-04-14 14:10:38.156+00,2026-04-14 14:10:38.156+00,f,f,f,f
17c13e88-6e04-45a8-ab1f-27738a6ddfbe,3519d0a1-12b5-4a38-bbd5-a5b9d518cb53,213d38b5-131f-4f69-a847-04bf5a759782,manager,{CLOSER},2026-05-12 02:18:22.594+00,2026-05-12 02:18:22.594+00,f,f,f,f
194c24cd-d0d3-4544-90d3-b94c6ee02606,6d3f8a2c-1a05-4e2a-b57e-d969b668049b,0c96a57e-6cc1-400f-bf3a-5740b699ac21,manager,{CLOSER},2026-05-07 14:49:16.65+00,2026-05-07 14:49:16.65+00,f,f,f,f
1aa6dce4-7bd9-4312-9e75-80b2a6bae6bb,6322884e-9b4c-49a0-bded-d7d5f488426d,aaa2c2dd-7389-4ddc-8bd7-bb01f9ea4cdd,manager,"{SDR,CLOSER}",2026-05-04 17:15:26.648+00,2026-05-04 17:15:26.648+00,f,t,t,f
1e56614a-29b3-4170-9e43-9fd2b2650fb5,a1b2c3d4-0001-4000-8000-000000000001,a3983ca7-5f03-4e34-a252-34966166750b,manager,{CLOSER},2026-05-20 18:55:24.694+00,2026-05-20 18:55:24.694+00,f,t,f,f
20d9ca40-bc27-4b66-ab3b-2112e1ce73ce,27edf455-e61a-48a9-a846-e2c6f42999b5,2a72272f-56f2-4104-9952-5d3d8b19ff1d,manager,"{CLOSER,SDR}",2026-02-03 23:13:41.147+00,2026-02-03 23:13:41.147+00,f,f,f,f
235ce757-4c63-485c-b6f6-56cb6492b89d,3519d0a1-12b5-4a38-bbd5-a5b9d518cb53,c2a61703-bb90-4f67-939d-e89a7d3b68f9,manager,{CLOSER},2026-04-16 11:07:52.366+00,2026-04-16 11:07:52.366+00,f,t,f,f
2ea13a3e-c907-43a9-9a9d-2a03f0bc5fed,5d7214cd-c7d1-42ac-b859-b9e84dee9fab,b16b90c0-67c9-46c5-ac6f-2ccb8f3b2a08,manager,{CLOSER},2026-03-20 19:46:27.448+00,2026-03-20 19:46:27.448+00,f,f,f,f
94a5a83b-2d26-4f38-ad1b-813d8d7794ff,3258f102-8146-4986-964f-8c8f53441300,1faaf4ba-2cc1-4969-be76-d8e765fc95ba,operator,{SDR},2026-06-11 15:37:15.335445+00,2026-06-12 16:12:58.689325+00,f,f,f,f
39d81678-ea4d-41ab-9ff2-4287532cd63e,decc7faa-b202-42f1-9a04-fe15fe97a892,c7f0a528-e58d-4c76-b533-7be9b1d02cb4,operator,{SDR},2026-03-25 11:34:03.557+00,2026-03-25 11:34:03.557+00,f,f,f,f
3a5cd039-c9e3-4160-851d-6823d582be03,decc7faa-b202-42f1-9a04-fe15fe97a892,e5d764dd-a78b-480a-8227-7d63a4ead6bf,manager,{CLOSER},2026-02-12 13:41:59.066+00,2026-02-12 13:41:59.066+00,f,f,f,f
f2e49388-9269-49c7-bc66-8151b69b1d48,3258f102-8146-4986-964f-8c8f53441300,46ac4762-5316-4504-992b-c35fb6ce5a7b,operator,{SDR},2026-06-11 15:37:15.335445+00,2026-06-12 16:12:58.689325+00,f,f,f,f
4846c892-58ae-46d1-81b4-3fad69657e4b,9bd5cccc-e18f-432e-ae67-dc33103d5791,4c1d6869-b323-4864-80a4-fe459ed57fe7,manager,{CLOSER},2026-03-10 17:57:32.198+00,2026-03-10 17:57:32.198+00,f,f,f,f
4950da87-ee5e-4d72-94fc-8c2e26af3c3b,a94fc469-4603-487f-ab7f-e2712197d510,3870aadb-8625-4184-ac60-c6e20be4cdc5,manager,{CLOSER},2026-05-11 20:22:42.603+00,2026-05-11 20:22:42.603+00,f,f,f,f
4b95918d-efbc-4746-bf4e-1e86fbe6a779,a3c5b629-15d3-48a7-b5ab-694e63dc8b63,04b00ab5-856d-4f95-962b-e9d97b33f207,manager,{CLOSER},2026-03-09 18:30:50.197+00,2026-03-09 18:30:50.197+00,f,f,f,f
86641e80-53e9-4687-b42e-e4190e2ef037,13bbd043-efcc-4c8a-9edd-f34941547546,13c72ac4-202c-48e1-b9b0-e4ed7e6ee7c5,operator,{SDR},2026-06-11 15:37:15.335445+00,2026-06-12 16:12:58.689325+00,f,f,f,f
4e8006c3-073e-4f1a-9baf-283464ceb36e,bdef184d-6217-4cdf-a59f-dc37008d13fd,72aeb445-484f-4979-8c2a-d34ec40b22b0,manager,{CLOSER},2026-04-14 14:13:59.944+00,2026-05-20 14:16:41.937+00,f,f,f,f
501a37b3-2aa1-440f-905c-a2cfab80ee40,a551e29d-b3c3-4625-9de1-cc2c4c315a0e,98e2449f-aab7-48a8-8793-9f669f53ac5e,manager,{CLOSER},2026-05-04 15:15:15.742+00,2026-05-04 15:15:15.742+00,f,f,f,f
5483c12d-b96d-4628-aa5e-a01010259542,a9c81e05-8b1a-47ad-a80d-dbc45603f068,493aecc1-6791-4d62-bc63-f4f55c78e44e,manager,"{SDR,CLOSER}",2026-02-27 01:47:21.945+00,2026-02-27 01:47:21.945+00,f,f,f,f
5aa4fd88-55ce-4019-a458-b57c839dafe6,3258f102-8146-4986-964f-8c8f53441300,01aedc7c-706c-4f37-bcc6-5de2d45b356b,manager,{CLOSER},2026-03-24 00:38:50.231+00,2026-03-24 00:38:50.231+00,f,f,f,f
de253418-c43d-4757-8eec-5ac081513fd3,13bbd043-efcc-4c8a-9edd-f34941547546,1faaf4ba-2cc1-4969-be76-d8e765fc95ba,operator,{SDR},2026-06-11 15:37:15.335445+00,2026-06-12 16:12:58.689325+00,f,f,f,f
c13699ab-79cd-4d53-9fa5-7b16c294e065,13bbd043-efcc-4c8a-9edd-f34941547546,46ac4762-5316-4504-992b-c35fb6ce5a7b,operator,{SDR},2026-06-11 15:37:15.335445+00,2026-06-12 16:12:58.689325+00,f,f,f,f
634ad424-d5fd-485c-975a-9567e0051e89,c6754833-e150-4c12-9149-45a6dfcd6eec,0c96a57e-6cc1-400f-bf3a-5740b699ac21,manager,{CLOSER},2026-04-14 19:39:13.011+00,2026-04-14 19:39:13.011+00,f,f,f,f
662f20dc-b1c5-4e07-85fd-4772742126af,8f4abfd3-b0bd-4a0c-991a-d553d92f915a,0c96a57e-6cc1-400f-bf3a-5740b699ac21,manager,{CLOSER},2026-05-06 12:42:45.459+00,2026-05-06 12:42:45.459+00,f,f,f,f
67143d6e-25b0-4abd-afdc-3ca020bc6189,968fc8e6-f918-4579-b0d1-26570ce5e94b,9066ac12-d1c6-4a15-ad74-4932bf8dd987,manager,{CLOSER},2026-04-07 20:08:16.356+00,2026-04-07 20:08:16.356+00,f,f,f,f
a8fcf6e9-7675-4ccb-8024-b7c34d23197c,ebe67fdd-2e23-43c0-8e9b-8abec2682d09,13c72ac4-202c-48e1-b9b0-e4ed7e6ee7c5,operator,{SDR},2026-06-11 15:37:15.335445+00,2026-06-12 16:12:58.689325+00,f,f,f,f
b65cd39e-5c6a-43d4-ab4c-7d74fdd95979,ebe67fdd-2e23-43c0-8e9b-8abec2682d09,1faaf4ba-2cc1-4969-be76-d8e765fc95ba,operator,{SDR},2026-06-11 15:37:15.335445+00,2026-06-12 16:12:58.689325+00,f,f,f,f
727eb2a7-5110-43f0-ba02-eef1d7796ed9,a9c81e05-8b1a-47ad-a80d-dbc45603f068,13c72ac4-202c-48e1-b9b0-e4ed7e6ee7c5,operator,{SDR},2026-05-01 10:44:20.901+00,2026-05-01 10:44:20.901+00,f,f,f,f
74cd2ed6-19e3-407a-98f8-a03dd53e2fa4,3258f102-8146-4986-964f-8c8f53441300,3e2c5e7d-9304-4700-98a6-5f41eadfc3b5,manager,{CLOSER},2026-03-24 00:39:17.973+00,2026-03-24 00:39:17.973+00,f,f,f,f
75cf87f0-d82b-47bd-b278-3654f079ae40,3cbe0dd1-c806-4171-8fdf-002c7fe52d74,0e2a45ad-2133-4d3e-822a-b61d069d1e56,manager,{CLOSER},2026-03-25 11:37:42.943+00,2026-03-25 11:37:42.943+00,f,f,f,f
5bbf1c87-5ceb-4f28-8fed-4778f3f5c769,bdef184d-6217-4cdf-a59f-dc37008d13fd,1faaf4ba-2cc1-4969-be76-d8e765fc95ba,operator,{SDR},2026-06-11 15:37:15.335445+00,2026-06-12 16:12:58.689325+00,f,f,f,f
c08fe48f-f714-47d9-a40b-f8276229eb7a,bdef184d-6217-4cdf-a59f-dc37008d13fd,46ac4762-5316-4504-992b-c35fb6ce5a7b,operator,{SDR},2026-06-11 15:37:15.335445+00,2026-06-12 16:12:58.689325+00,f,f,f,f
2c540d5e-938d-4195-9ccb-20e97faeb57e,decc7faa-b202-42f1-9a04-fe15fe97a892,62a2569e-4be2-4326-bddd-3c6116ed18b0,manager,"{SDR,CLOSER}",2026-05-20 18:22:12.218555+00,2026-06-11 12:56:22.109+00,t,t,t,f
77e1c4a8-d853-41f0-9ca5-d878d72a435f,6d3f8a2c-1a05-4e2a-b57e-d969b668049b,62a2569e-4be2-4326-bddd-3c6116ed18b0,manager,"{SDR,CLOSER}",2026-05-07 14:49:56.351+00,2026-06-11 12:56:22.109+00,t,t,t,f
b4a841bd-09d2-485b-bbcd-de58927530ca,27edf455-e61a-48a9-a846-e2c6f42999b5,ac3cd1ce-a5ec-45bb-a3a9-d7c5b93db2f6,manager,"{SDR,CLOSER}",2026-02-03 23:14:45.353+00,2026-02-03 23:14:45.353+00,f,f,f,f
b6c9bce4-5f11-46a5-9549-a010cdb69ddf,8f4abfd3-b0bd-4a0c-991a-d553d92f915a,b85e7fb2-5e76-433b-9bc6-8c5d1faacacc,manager,{CLOSER},2026-05-06 12:43:54.164+00,2026-05-06 12:43:54.164+00,f,f,f,f
c0828b35-5776-48f8-a3b6-e181e192b5fc,760fc14a-229e-4212-9aa9-f90de968af69,2b693dc7-4ed1-41ec-8c1e-2ba37cc6ce45,manager,{CLOSER},2026-05-12 18:13:45.477+00,2026-05-12 18:13:45.477+00,f,t,t,f
c2e991af-5594-432d-9d89-d1330546c30f,9bd5cccc-e18f-432e-ae67-dc33103d5791,05f3ac3e-28bf-4cfe-9d89-1c01c8e6c03b,manager,{CLOSER},2026-03-10 17:58:25.652+00,2026-03-10 17:58:25.652+00,f,f,f,f
c4b44c71-9818-4744-bf67-1140f2ad13ab,2a266637-be4e-4088-9918-a51576912f5c,3b5afa2c-25d7-4c8b-9c26-ea0b2d4139d7,operator,{SDR},2026-03-26 11:32:31.251+00,2026-03-26 11:32:31.251+00,f,f,f,f
cbdeb24f-a390-40e4-9762-d61889397a3f,3cbe0dd1-c806-4171-8fdf-002c7fe52d74,722da291-da15-4858-a74a-169c50dcc3b7,operator,{SDR},2026-04-14 01:27:07.339+00,2026-04-14 01:27:07.339+00,f,f,f,f
ce251962-c638-4dab-8fec-91918a2f2d4a,3258f102-8146-4986-964f-8c8f53441300,678c949f-b372-4aba-9d9b-26d422134531,manager,"{CLOSER,SDR}",2026-02-10 03:27:20.495+00,2026-02-10 03:27:20.495+00,f,f,f,f
87fdf1bb-ea8e-44da-96f3-71562555328f,a94fc469-4603-487f-ab7f-e2712197d510,62a2569e-4be2-4326-bddd-3c6116ed18b0,manager,"{SDR,CLOSER}",2026-05-20 18:22:12.218555+00,2026-06-11 12:56:22.109+00,t,t,t,f
881acc4c-58be-4d2a-a43f-4fdf17a27d1b,c6754833-e150-4c12-9149-45a6dfcd6eec,62a2569e-4be2-4326-bddd-3c6116ed18b0,manager,"{SDR,CLOSER}",2026-05-20 18:22:12.218555+00,2026-06-11 12:56:22.109+00,t,t,t,f
89e76ef4-b14a-415e-8aed-0bff8a9b3648,3519d0a1-12b5-4a38-bbd5-a5b9d518cb53,62a2569e-4be2-4326-bddd-3c6116ed18b0,manager,"{SDR,CLOSER}",2026-05-20 18:22:12.218555+00,2026-06-11 12:56:22.109+00,t,t,t,f
95e22657-8121-4899-97a0-d92ff182657b,6237fa09-ec4a-46ca-a99b-4f8afb3bf259,d11dca3a-5828-47a7-a993-59fe383e36ba,manager,"{CLOSER,SDR}",2026-03-27 19:00:21.206+00,2026-06-04 12:46:07.052+00,f,f,f,f
8eded839-4d02-47c9-8de2-0668e82a84e0,90bb1d12-5855-4f3e-aecb-e92f597e650c,8474aaf6-e7d1-4165-9bef-bf76bc701038,manager,"{SDR,CLOSER}",2026-02-07 19:47:44.006+00,2026-06-08 18:23:28.778+00,f,f,f,f
8f08eefa-4edc-45b6-a9fa-fd4cf1a1d7b3,a94fc469-4603-487f-ab7f-e2712197d510,0c96a57e-6cc1-400f-bf3a-5740b699ac21,manager,{CLOSER},2026-05-11 20:20:52.567+00,2026-06-17 04:09:57.78619+00,f,f,f,f
9182e5d7-95b8-4679-92ef-63c088465641,6f58e5f8-b85c-4f92-89b7-1cf3ca9f22b6,0c96a57e-6cc1-400f-bf3a-5740b699ac21,manager,{CLOSER},2026-03-16 12:46:22.222+00,2026-06-17 04:09:57.78619+00,f,f,f,f
93de893d-5548-4667-89ad-f98eaf56035b,3258f102-8146-4986-964f-8c8f53441300,0c96a57e-6cc1-400f-bf3a-5740b699ac21,manager,{CLOSER},2026-02-10 03:26:07.708+00,2026-06-17 04:09:57.78619+00,f,f,f,f
9a441f04-c363-4de4-8624-dc887278782f,9bd5cccc-e18f-432e-ae67-dc33103d5791,0c96a57e-6cc1-400f-bf3a-5740b699ac21,manager,{CLOSER},2026-03-10 17:56:09.582+00,2026-06-17 04:09:57.78619+00,f,f,f,f
9afa8532-a779-40bd-a5ee-84787ccf3abe,760fc14a-229e-4212-9aa9-f90de968af69,0c96a57e-6cc1-400f-bf3a-5740b699ac21,manager,{CLOSER},2026-05-12 18:11:22.633+00,2026-06-17 04:09:57.78619+00,f,f,f,f
9b455305-b40e-4aa5-84b4-330df6412cc9,658a0146-2d8a-4b2e-81e5-aa16fa9d0a30,0c96a57e-6cc1-400f-bf3a-5740b699ac21,manager,{CLOSER},2026-03-25 11:34:43.321+00,2026-06-17 04:09:57.78619+00,f,f,f,f
ad9ce599-5700-472d-932b-0a754d8dcee5,27edf455-e61a-48a9-a846-e2c6f42999b5,0c96a57e-6cc1-400f-bf3a-5740b699ac21,manager,{CLOSER},2026-02-03 22:57:34.5+00,2026-06-17 04:09:57.78619+00,f,f,f,f
b1dc47c3-4b91-4e3b-a83a-ad7784196148,3cbe0dd1-c806-4171-8fdf-002c7fe52d74,0c96a57e-6cc1-400f-bf3a-5740b699ac21,manager,{CLOSER},2026-03-25 11:37:13.343+00,2026-06-17 04:09:57.78619+00,f,f,f,f
b2f3a92b-967a-4f91-87aa-467d9ad709ba,9cea04a2-b538-4f25-b48b-a2a94f030a8f,0c96a57e-6cc1-400f-bf3a-5740b699ac21,manager,{CLOSER},2026-02-20 11:38:51.665+00,2026-06-17 04:09:57.78619+00,f,f,f,f
b57c1ef4-5de0-4cfe-91f4-d92dced634dd,fc42b3f9-c8c5-41e5-bd4e-06b8b9c0109a,0c96a57e-6cc1-400f-bf3a-5740b699ac21,manager,{CLOSER},2026-03-26 11:48:04.657+00,2026-06-17 04:09:57.78619+00,f,f,f,f
cb6abd2b-fb13-4703-bf0b-4ca5b6d1c5a2,decc7faa-b202-42f1-9a04-fe15fe97a892,c1f13659-b28c-4d50-8375-5bf200294992,manager,"{CLOSER,SDR}",2026-04-30 11:51:14.01+00,2026-06-17 13:52:35.48+00,f,f,f,f
ba9e7469-f31b-4761-bd3c-5154b04dcea5,d8eb23c1-2c90-4dfe-872a-aa3e3dcd6478,7504c493-05cc-4d16-bf7a-13777e771ef2,operator,{SDR},2026-04-30 12:00:20.481+00,2026-06-17 18:25:21.853+00,f,f,f,f
e5ecf702-98b1-43c3-96aa-424343efb0c8,3519d0a1-12b5-4a38-bbd5-a5b9d518cb53,2528e875-ab7b-4905-a98b-998a318b883e,manager,{CLOSER},2026-05-12 02:19:44.337+00,2026-05-12 02:19:44.337+00,f,f,f,f
eb4ce7fd-fe6e-461a-8f2c-63d713b91c45,eefbf327-b160-438c-a6ca-d5e0179c4a38,1ed74e00-4a16-47cb-84fc-8021943b5fa3,manager,{CLOSER},2026-05-12 18:15:31.082+00,2026-05-12 18:15:31.082+00,f,t,t,f
ef44c754-5cbf-4fe7-a40f-9b13282c1d6b,cc3889a5-e47f-4d9b-8768-0fe9a3076a64,8474aaf6-e7d1-4165-9bef-bf76bc701038,manager,"{SDR,CLOSER}",2026-04-30 19:53:34.77+00,2026-04-30 19:53:34.77+00,f,f,f,f
f6caffaf-bad4-43c2-b344-39736257c4f5,e51c5c55-1e13-45da-8a37-ed0f36f3d16c,bcd8d8ed-7d85-4ef1-b232-2d78f1fd9636,manager,{CLOSER},2026-04-06 16:09:27.457+00,2026-04-06 16:09:27.457+00,f,f,f,f
fb7d691e-14d9-4f59-ab8a-d45b62e6135d,a3c5b629-15d3-48a7-b5ab-694e63dc8b63,1c4f6bd2-f0ad-4912-bb21-ec50ef781a39,manager,{CLOSER},2026-03-18 16:14:36.586+00,2026-03-18 16:14:36.586+00,f,f,f,f
e3f1a2d5-e5a0-4ad3-bec8-116e335c95a3,bba56676-4fb0-47a3-a05f-92f2094ef129,3fb23c6f-974e-4e22-8f42-09b2004fb5d4,manager,"{SDR,CLOSER}",2026-02-24 23:44:06.809+00,2026-05-26 18:03:18.491131+00,f,f,f,f
ab6645cf-0421-448c-8730-fd64ecbb75b6,4b9ebe89-5b11-4995-966f-5a0eae492839,4ad3299c-00b4-4007-b979-c5e65113f551,manager,"{SDR,CLOSER}",2026-05-27 22:07:33.22+00,2026-05-27 22:07:33.22+00,f,t,t,f
17207450-5eb4-42d9-adf7-bc600e3fd593,b874694b-f463-4dbd-bb6f-b04f121a8802,3701fb6b-3cc7-42bb-b8b0-e4e3a48ea9dd,operator,{SDR},2026-06-02 19:05:04.893+00,2026-06-02 19:05:04.893+00,f,f,f,f
d63f445e-0589-4c95-a66e-5abd5b43575b,bf5e273c-bb38-4ceb-81f8-cc63d36f22fe,ad6441cb-f477-404c-8dc4-400fcc9e3a7e,manager,"{SDR,CLOSER}",2026-06-09 19:50:47.374+00,2026-06-09 19:50:47.374+00,f,t,t,f
d0bf7655-2685-4faf-8992-6f6ae8a9629a,3cbe0dd1-c806-4171-8fdf-002c7fe52d74,62a2569e-4be2-4326-bddd-3c6116ed18b0,manager,"{SDR,CLOSER}",2026-05-20 18:22:12.218555+00,2026-06-11 12:56:22.109+00,t,t,t,f
d1686973-01e2-41b5-b7c9-9c2485729cba,d8eb23c1-2c90-4dfe-872a-aa3e3dcd6478,62a2569e-4be2-4326-bddd-3c6116ed18b0,manager,"{SDR,CLOSER}",2026-05-20 18:22:12.218555+00,2026-06-11 12:56:22.109+00,t,t,t,f
da790346-4793-4fa7-b59f-779de2feb885,a1b2c3d4-0002-4000-8000-000000000002,62a2569e-4be2-4326-bddd-3c6116ed18b0,manager,"{SDR,CLOSER}",2026-05-20 18:22:12.218555+00,2026-06-11 12:56:22.109+00,t,t,t,f
ef6da92f-7a59-4704-85ed-19a895a435bd,8f4abfd3-b0bd-4a0c-991a-d553d92f915a,62a2569e-4be2-4326-bddd-3c6116ed18b0,manager,"{SDR,CLOSER}",2026-05-20 18:22:12.218555+00,2026-06-11 12:56:22.109+00,t,t,t,f
060f21b3-6fb4-4162-96d8-1e13925aa8f5,ebe67fdd-2e23-43c0-8e9b-8abec2682d09,46ac4762-5316-4504-992b-c35fb6ce5a7b,operator,{SDR},2026-06-11 15:37:15.335445+00,2026-06-12 16:12:58.689325+00,f,f,f,f
bcd40478-2867-4eff-bf9f-f0c115c8a2a0,bdef184d-6217-4cdf-a59f-dc37008d13fd,13c72ac4-202c-48e1-b9b0-e4ed7e6ee7c5,operator,{SDR},2026-06-11 15:37:15.335445+00,2026-06-12 16:12:58.689325+00,f,f,f,f
d818bccb-ff4e-4d03-9eb7-e77136cad652,968fc8e6-f918-4579-b0d1-26570ce5e94b,0c96a57e-6cc1-400f-bf3a-5740b699ac21,manager,{CLOSER},2026-04-07 20:07:32.521+00,2026-06-17 04:09:57.78619+00,f,f,f,f
db5cf464-c3a9-4fb2-a394-1250eec7e483,a3c5b629-15d3-48a7-b5ab-694e63dc8b63,0c96a57e-6cc1-400f-bf3a-5740b699ac21,manager,{CLOSER},2026-03-09 18:29:54.79+00,2026-06-17 04:09:57.78619+00,f,f,f,f
ddfa45c2-59df-493f-952b-e5c6d23625b4,a1b2c3d4-0002-4000-8000-000000000002,0c96a57e-6cc1-400f-bf3a-5740b699ac21,manager,{CLOSER},2026-05-20 18:20:08.454398+00,2026-06-17 04:09:57.78619+00,f,f,f,f
b5010ee0-9548-43e0-ba8b-83eb3d38f8ce,32ccdbe1-627f-4fe3-a506-056b997ed89b,b0737bfd-7bea-493b-8cfc-14946fcea8cd,manager,"{SDR,CLOSER}",2026-04-30 13:45:45.688+00,2026-06-22 13:53:29.766+00,t,t,t,f
860037ef-60da-493e-b502-2f5dcea1b396,a1b2c3d4-0002-4000-8000-000000000002,d97f16a7-e2f6-4194-9425-f82d793e73ce,manager,{},2026-05-20 18:20:08.454398+00,2026-06-24 11:42:56.889+00,t,f,t,f
d7a08b45-ecc1-47b4-9ce9-586e86777bb7,e51c5c55-1e13-45da-8a37-ed0f36f3d16c,d97f16a7-e2f6-4194-9425-f82d793e73ce,manager,{},2026-05-20 18:19:17.74996+00,2026-06-24 11:42:56.889+00,t,f,t,f
9a2ee9b4-69c7-47a9-aa44-304ffaa36c13,32ccdbe1-627f-4fe3-a506-056b997ed89b,a204e374-ff36-435a-9c05-b1b51c28b638,operator,"{CLOSER,SDR}",2026-05-13 18:43:05.721+00,2026-07-08 14:49:26.288+00,f,f,f,f
ee545a2f-5ca5-4748-801c-004c9128857e,a1b2c3d4-0001-4000-8000-000000000001,0c96a57e-6cc1-400f-bf3a-5740b699ac21,manager,{CLOSER},2026-05-20 18:20:08.454398+00,2026-06-17 04:09:57.78619+00,f,f,f,f
ef6d5dfc-8a5c-4c46-b4f7-f6561e684ebd,ebe67fdd-2e23-43c0-8e9b-8abec2682d09,0c96a57e-6cc1-400f-bf3a-5740b699ac21,manager,{CLOSER},2026-02-11 13:49:40.01+00,2026-06-17 04:09:57.78619+00,f,f,f,f
f5225d16-e76e-4d3b-9865-93495a4222a4,8cab859b-a1e1-4edb-af95-4e847e1c93e4,0c96a57e-6cc1-400f-bf3a-5740b699ac21,manager,{CLOSER},2026-03-18 02:36:40.177+00,2026-06-17 04:09:57.78619+00,f,f,f,f
fa09e770-ea18-4cbd-b194-7cd058431eaa,54fd3322-4510-4b44-bfbc-52e1c44b4969,0c96a57e-6cc1-400f-bf3a-5740b699ac21,manager,{CLOSER},2026-02-20 11:37:41.694+00,2026-06-17 04:09:57.78619+00,f,f,f,f
fa6d7507-8a2a-40d3-bfc8-40d4d135e7f8,5d7214cd-c7d1-42ac-b859-b9e84dee9fab,0c96a57e-6cc1-400f-bf3a-5740b699ac21,manager,{CLOSER},2026-03-20 19:45:39.715+00,2026-06-17 04:09:57.78619+00,f,f,f,f
fb0a8c08-0643-4fa2-a3f7-47ee6ae0162a,b386d537-7a79-43af-ab63-105b681ebac2,0c96a57e-6cc1-400f-bf3a-5740b699ac21,manager,{CLOSER},2026-02-13 05:10:37.679+00,2026-06-17 04:09:57.78619+00,f,f,f,f
f61e65d4-7c8e-4d21-8934-b5ebc5f2eeec,28f7b9e8-9516-4a08-864c-9ff3e085ba87,c1f13659-b28c-4d50-8375-5bf200294992,manager,"{CLOSER,SDR}",2026-05-20 20:08:03.501816+00,2026-06-17 13:52:35.48+00,f,f,f,f
da98ae14-f250-4e60-a46f-2d6046eb68f3,7b577c22-5513-42cc-ab19-2bf867e14ebc,a2fa8109-8c36-41fa-83f3-4ee730cb5491,operator,{SDR},2026-06-18 23:14:54.221053+00,2026-06-18 23:14:54.221053+00,f,f,f,f
9b2cf31d-ef9e-4924-b265-285f8762cad6,642b0596-7431-4f50-acff-1eb4199fab76,df8fcd4f-bee1-4b30-931c-08fff3420337,operator,"{SDR,CLOSER}",2026-06-18 23:14:54.221053+00,2026-06-18 23:14:54.221053+00,f,f,f,f
942ba1a2-4da1-46fd-af00-e6b99b2b75fe,3519d0a1-12b5-4a38-bbd5-a5b9d518cb53,f18fd9f8-f0fe-4d2f-9ffa-53391dc40bb9,operator,{SDR},2026-06-18 23:14:54.221053+00,2026-06-18 23:14:54.221053+00,f,f,f,f
489908db-2b5d-46eb-a8b9-b43f48e4378b,a3c5b629-15d3-48a7-b5ab-694e63dc8b63,f7df3e7d-044a-4fff-aca1-22193f57e05f,operator,{SDR},2026-06-18 23:14:54.221053+00,2026-06-18 23:14:54.221053+00,f,f,f,f
41a4eeb4-814b-4bc7-b5e8-0d1feda34128,7b577c22-5513-42cc-ab19-2bf867e14ebc,2ebea10f-6e5e-4321-af2b-3779c21e9af0,operator,{SDR},2026-06-18 23:14:54.221053+00,2026-06-18 23:14:54.221053+00,f,f,f,f
342cb588-8d65-4bdf-88db-fb51f7c05caf,7b577c22-5513-42cc-ab19-2bf867e14ebc,370c04f0-93d4-4e58-92b3-59476107331a,operator,{SDR},2026-06-18 23:14:54.221053+00,2026-06-18 23:14:54.221053+00,f,f,f,f
fa407574-59ed-4db2-b10c-6d46842d35ae,642b0596-7431-4f50-acff-1eb4199fab76,3abc1068-5ff0-4038-9531-9c5e8fe79892,manager,"{SDR,CLOSER}",2026-06-18 23:14:54.221053+00,2026-06-18 23:14:54.221053+00,f,f,f,f
863356cf-0b47-4c04-9ae2-f3dede64d362,a9c81e05-8b1a-47ad-a80d-dbc45603f068,44e615a5-bda5-4320-8342-bd49a021c568,operator,{SDR},2026-06-18 23:14:54.221053+00,2026-06-18 23:14:54.221053+00,f,f,f,f
5d5f6a34-a57f-4a82-a24c-7a5279fd7cb4,7b577c22-5513-42cc-ab19-2bf867e14ebc,487feb84-3d22-4727-961f-c1ad7db8ab90,operator,{SDR},2026-06-18 23:14:54.221053+00,2026-06-18 23:14:54.221053+00,f,f,f,f
9b5b7ad4-c453-4f52-89e2-f2eecea44243,decc7faa-b202-42f1-9a04-fe15fe97a892,c95cdab9-a915-4df8-97b3-1a78e0dfd2c8,operator,{SDR},2026-06-18 23:14:54.221053+00,2026-06-18 23:14:54.221053+00,f,f,f,f
47803817-47c9-45e0-a249-567d5e51aa25,bdef184d-6217-4cdf-a59f-dc37008d13fd,568689c3-fc8c-4e40-8d51-aa258d6e4cb7,operator,{SDR},2026-06-18 23:14:54.221053+00,2026-06-18 23:14:54.221053+00,f,f,f,f
4adb787c-0c22-470c-ba6c-8562b4e43a38,3cbe0dd1-c806-4171-8fdf-002c7fe52d74,85bc2ffd-1d14-46ca-b165-0d3421dfe821,operator,{SDR},2026-06-18 23:14:54.221053+00,2026-06-18 23:14:54.221053+00,f,f,f,f
997482f8-0004-4ff4-be54-5f506da11ff2,a3c5b629-15d3-48a7-b5ab-694e63dc8b63,c3d45b33-11c7-49bc-abfa-62a13f1f957a,operator,{SDR},2026-06-18 23:14:54.221053+00,2026-06-18 23:14:54.221053+00,f,f,f,f
f206a89f-f594-41f4-9fe9-ee047319ee51,9cea04a2-b538-4f25-b48b-a2a94f030a8f,f0fd1560-4654-444c-8328-b6746451b6ab,operator,{SDR},2026-06-18 23:14:54.221053+00,2026-06-18 23:14:54.221053+00,f,f,f,f
e418f4db-3bf2-4768-a0a0-0829383a2c59,7d175d9a-62ed-4c39-9eba-c381d0ddfaf7,05750ae8-e9bd-4635-8988-b042b3b83c40,operator,"{SDR,CLOSER}",2026-06-18 23:14:54.221053+00,2026-06-18 23:14:54.221053+00,f,f,f,f
81b0f8ec-9131-4861-a24b-340b9d30d6dc,7d175d9a-62ed-4c39-9eba-c381d0ddfaf7,26b6c2d6-6377-45ac-a760-9705984ac6f8,manager,"{SDR,CLOSER}",2026-06-18 23:14:54.221053+00,2026-06-18 23:14:54.221053+00,f,f,f,f
73422802-0e0f-4b06-9f6f-5206533c98c0,7d175d9a-62ed-4c39-9eba-c381d0ddfaf7,35df9767-5413-4ddb-b360-4f3d585db38f,operator,"{SDR,CLOSER}",2026-06-18 23:14:54.221053+00,2026-06-18 23:14:54.221053+00,f,f,f,f
203d9217-b276-493f-8a2b-730601053a9d,7d175d9a-62ed-4c39-9eba-c381d0ddfaf7,7d20b50d-819e-4f41-82bf-898511aab581,manager,"{SDR,CLOSER}",2026-06-18 23:14:54.221053+00,2026-06-18 23:14:54.221053+00,f,f,f,f
0a57e435-e129-4765-bcf5-feca0a4b4490,7d175d9a-62ed-4c39-9eba-c381d0ddfaf7,84183a6a-71f1-48b5-a6a7-4b3ccbc7e16b,operator,"{SDR,CLOSER}",2026-06-18 23:14:54.221053+00,2026-06-18 23:14:54.221053+00,f,f,f,f
82a0ee92-33d6-4ddb-9c68-7ace30d81c25,7d175d9a-62ed-4c39-9eba-c381d0ddfaf7,87daaaca-41f4-475e-9304-d23bb7f0085c,operator,"{SDR,CLOSER}",2026-06-18 23:14:54.221053+00,2026-06-18 23:14:54.221053+00,f,f,f,f
71d89496-03e5-4b59-b439-a24f6ebd4998,7d175d9a-62ed-4c39-9eba-c381d0ddfaf7,c31d51be-0ced-418c-b353-026cb667a864,manager,"{SDR,CLOSER}",2026-06-18 23:14:54.221053+00,2026-06-18 23:14:54.221053+00,f,f,f,f
8e558c9c-0ee7-4745-bfe0-a55e33a0295b,1eaf82ac-5504-4600-969c-98bcf877d6ba,ffd767a5-8f34-4ccf-b35e-a12c01c0a4ce,manager,"{SDR,CLOSER}",2026-06-22 19:26:36.684+00,2026-06-22 19:26:36.684+00,f,t,t,f
f73adfa3-1d43-4e62-952a-f197822f3e8b,a1b2c3d4-0001-4000-8000-000000000001,981d4f6d-28e7-465a-b912-5fdaca15470b,operator,{SDR},2026-06-24 16:42:46.248+00,2026-06-24 16:42:46.248+00,f,f,f,f
baa7e1c7-f8e9-4184-8c93-1719bc8a3072,7b577c22-5513-42cc-ab19-2bf867e14ebc,0ae36a43-2ef0-4a7d-b95a-edcc7d9ac3f2,manager,"{CLOSER,SDR}",2026-06-18 23:14:54.221053+00,2026-06-30 16:32:55.514+00,t,t,t,f
268b2c6f-1a03-4b29-bc61-ab52fb4ede9e,e5ac1df2-3c5e-478d-bc6d-441323c60f87,b0737bfd-7bea-493b-8cfc-14946fcea8cd,manager,"{SDR,CLOSER}",2026-07-06 16:59:10.157+00,2026-07-06 16:59:10.157+00,f,f,f,f
9c62d32c-4880-4619-904d-7cb74fb6558c,3519d0a1-12b5-4a38-bbd5-a5b9d518cb53,9b3c4373-ce1a-4af2-8c44-d38219caeaf5,operator,{SDR},2026-07-10 15:33:39.583+00,2026-07-10 15:33:39.583+00,f,f,f,f
a3936f85-0dc2-4011-850a-a060c363004d,a3c5b629-15d3-48a7-b5ab-694e63dc8b63,e667a43d-c03d-4aa3-8917-d746a0582759,operator,{SDR},2026-07-16 13:26:49.699+00,2026-07-16 13:26:49.699+00,f,f,f,f
456c1ee4-ad30-4c03-a9e0-0cf20abcc3a8,37b33c82-1c55-4384-85e0-e5622d57b553,687c435a-65db-4384-9def-f04e812ed0af,manager,"{SDR,CLOSER}",2026-07-20 18:54:02.343+00,2026-07-20 18:54:02.343+00,f,t,t,f
05d1827c-058c-4653-aa61-f8201fb0a6ff,5dc02d36-9639-4752-867f-d48e30cb68b5,bd0aea32-60eb-469d-b99a-de3eccf6a60a,operator,{SDR},2026-07-24 13:25:45.916+00,2026-07-24 13:25:45.916+00,f,f,f,f
c68c1c33-122f-4c81-92f3-ae81e611fed4,32ccdbe1-627f-4fe3-a506-056b997ed89b,9efb7e82-4300-4c02-91ab-8765c59b04e6,manager,"{SDR,CLOSER}",2026-07-27 17:25:21.351+00,2026-07-27 17:25:21.351+00,t,t,t,t
