id,templateId,teamId,actorProfileId,eventType,description,metadata,createdAt
6ebdc516-ef6e-4870-9044-1857e59ef6e1,67f5b5d8-786a-44a0-ab0a-22e88f66c47f,32ccdbe1-627f-4fe3-a506-056b997ed89b,b0737bfd-7bea-493b-8cfc-14946fcea8cd,created,Template criado,"{""versionNumber"": 1}",2026-06-24 12:51:27.798+00
bd18babb-cf80-4742-8540-658a1a8260cd,edf2fadc-e5f3-48dc-838b-0fea612ce4cd,32ccdbe1-627f-4fe3-a506-056b997ed89b,b0737bfd-7bea-493b-8cfc-14946fcea8cd,created,Template criado,"{""versionNumber"": 1}",2026-06-24 13:18:11.012+00
65c6577d-133e-4dd0-b556-fcc122a54587,edf2fadc-e5f3-48dc-838b-0fea612ce4cd,32ccdbe1-627f-4fe3-a506-056b997ed89b,b0737bfd-7bea-493b-8cfc-14946fcea8cd,draft_saved,Rascunho salvo,"{""versionNumber"": 1}",2026-06-24 13:18:27.27+00
3780c0d8-a812-4b7c-a665-cebb9a400e11,edf2fadc-e5f3-48dc-838b-0fea612ce4cd,32ccdbe1-627f-4fe3-a506-056b997ed89b,b0737bfd-7bea-493b-8cfc-14946fcea8cd,published,Template publicado,"{""versionNumber"": 1}",2026-06-24 13:18:31.922+00
69bf3fa1-3f0a-4a8d-ab1f-d0839b95f89c,52ae5ce9-aa3d-4ced-acdc-3b47d28a0084,32ccdbe1-627f-4fe3-a506-056b997ed89b,b0737bfd-7bea-493b-8cfc-14946fcea8cd,version_created,Versão 2.0 criada a partir da versão 1.0,"{""versionNumber"": 2, ""sourceTemplateId"": ""edf2fadc-e5f3-48dc-838b-0fea612ce4cd""}",2026-07-01 16:39:04.13+00
b5a2edb8-5e7a-4fd4-aaf7-d834a5a60872,52ae5ce9-aa3d-4ced-acdc-3b47d28a0084,32ccdbe1-627f-4fe3-a506-056b997ed89b,b0737bfd-7bea-493b-8cfc-14946fcea8cd,draft_saved,Rascunho salvo,"{""versionNumber"": 2}",2026-07-01 16:39:18.071+00
b597577f-3e49-478c-92ee-6207f1273b58,52ae5ce9-aa3d-4ced-acdc-3b47d28a0084,32ccdbe1-627f-4fe3-a506-056b997ed89b,b0737bfd-7bea-493b-8cfc-14946fcea8cd,published,Template publicado,"{""versionNumber"": 2}",2026-07-01 16:39:24.313+00
4c84af10-1dc8-4607-8550-1a082d24fccb,7579f320-50b6-42a5-9a99-5a772b317403,32ccdbe1-627f-4fe3-a506-056b997ed89b,b0737bfd-7bea-493b-8cfc-14946fcea8cd,version_created,Versão 3.0 criada a partir da versão 2.0,"{""versionNumber"": 3, ""sourceTemplateId"": ""52ae5ce9-aa3d-4ced-acdc-3b47d28a0084""}",2026-07-01 16:39:34.188+00
9f7a1089-e098-4eb6-8b39-17b289e7cf0f,7579f320-50b6-42a5-9a99-5a772b317403,32ccdbe1-627f-4fe3-a506-056b997ed89b,b0737bfd-7bea-493b-8cfc-14946fcea8cd,draft_saved,Rascunho salvo,"{""versionNumber"": 3}",2026-07-01 16:39:53.907+00
52382ee7-14ef-4462-8783-4227598944ab,7579f320-50b6-42a5-9a99-5a772b317403,32ccdbe1-627f-4fe3-a506-056b997ed89b,b0737bfd-7bea-493b-8cfc-14946fcea8cd,published,Template publicado,"{""versionNumber"": 3}",2026-07-01 16:39:59.082+00
717041b4-464b-416a-9d04-81d0aa44594a,a429b619-0c46-4bb3-bb06-982152845b5a,32ccdbe1-627f-4fe3-a506-056b997ed89b,b0737bfd-7bea-493b-8cfc-14946fcea8cd,version_created,Versão 4.0 criada a partir da versão 3.0,"{""versionNumber"": 4, ""sourceTemplateId"": ""7579f320-50b6-42a5-9a99-5a772b317403""}",2026-07-01 16:41:34.208+00
8492f0c3-dc23-42aa-ac54-a61cc6502ebf,a429b619-0c46-4bb3-bb06-982152845b5a,32ccdbe1-627f-4fe3-a506-056b997ed89b,b0737bfd-7bea-493b-8cfc-14946fcea8cd,draft_saved,Rascunho salvo,"{""versionNumber"": 4}",2026-07-01 16:42:57.608+00
50f75507-bcc3-4da4-bedf-3e07f130fcd8,a429b619-0c46-4bb3-bb06-982152845b5a,32ccdbe1-627f-4fe3-a506-056b997ed89b,b0737bfd-7bea-493b-8cfc-14946fcea8cd,draft_saved,Rascunho salvo,"{""versionNumber"": 4}",2026-07-01 17:10:24.454+00
85140b9c-b97b-40ab-a431-5115950dd979,a429b619-0c46-4bb3-bb06-982152845b5a,32ccdbe1-627f-4fe3-a506-056b997ed89b,b0737bfd-7bea-493b-8cfc-14946fcea8cd,published,Template publicado,"{""versionNumber"": 4}",2026-07-01 17:10:29.918+00
eca824cd-7aa9-4ded-8c3c-9c042f54bd59,676da27c-647a-4377-8532-1d1d568e74af,32ccdbe1-627f-4fe3-a506-056b997ed89b,8474aaf6-e7d1-4165-9bef-bf76bc701038,version_created,Versão 5.0 criada a partir da versão 4.0,"{""versionNumber"": 5, ""sourceTemplateId"": ""a429b619-0c46-4bb3-bb06-982152845b5a""}",2026-07-01 19:41:12.228+00
f06ccf78-b152-49b0-8069-dc938ae10e4d,676da27c-647a-4377-8532-1d1d568e74af,32ccdbe1-627f-4fe3-a506-056b997ed89b,8474aaf6-e7d1-4165-9bef-bf76bc701038,draft_saved,Rascunho salvo,"{""versionNumber"": 5}",2026-07-01 19:42:55.51+00
96eae373-5803-484b-86d3-e5356a3d0d93,676da27c-647a-4377-8532-1d1d568e74af,32ccdbe1-627f-4fe3-a506-056b997ed89b,8474aaf6-e7d1-4165-9bef-bf76bc701038,published,Template publicado,"{""versionNumber"": 5}",2026-07-01 19:43:02.821+00
6a9d52d6-5d1a-4df7-a91b-a3772a3cbf5d,84d51ec8-3d96-491e-a6d4-ae4b1c0198f7,32ccdbe1-627f-4fe3-a506-056b997ed89b,8474aaf6-e7d1-4165-9bef-bf76bc701038,version_created,Versão 6.0 criada a partir da versão 5.0,"{""versionNumber"": 6, ""sourceTemplateId"": ""676da27c-647a-4377-8532-1d1d568e74af""}",2026-07-02 11:55:59.446+00
1fcb1fa5-60ca-47ba-a908-48ed882ddea7,84d51ec8-3d96-491e-a6d4-ae4b1c0198f7,32ccdbe1-627f-4fe3-a506-056b997ed89b,8474aaf6-e7d1-4165-9bef-bf76bc701038,draft_saved,Rascunho salvo,"{""versionNumber"": 6}",2026-07-02 11:59:12.724+00
658ad5aa-3a40-4ac4-88a7-b16756caef68,84d51ec8-3d96-491e-a6d4-ae4b1c0198f7,32ccdbe1-627f-4fe3-a506-056b997ed89b,8474aaf6-e7d1-4165-9bef-bf76bc701038,draft_saved,Rascunho salvo,"{""versionNumber"": 6}",2026-07-02 12:01:25.25+00
6b259972-eed5-4463-902e-1731ae006728,84d51ec8-3d96-491e-a6d4-ae4b1c0198f7,32ccdbe1-627f-4fe3-a506-056b997ed89b,8474aaf6-e7d1-4165-9bef-bf76bc701038,draft_saved,Rascunho salvo,"{""versionNumber"": 6}",2026-07-02 12:01:35.124+00
913a00aa-6fcd-4ed0-850a-f2c14680c6a7,84d51ec8-3d96-491e-a6d4-ae4b1c0198f7,32ccdbe1-627f-4fe3-a506-056b997ed89b,8474aaf6-e7d1-4165-9bef-bf76bc701038,published,Template publicado,"{""versionNumber"": 6}",2026-07-02 12:01:41.023+00
290d542a-4e87-421f-9657-fd491886f854,db25be91-be20-4f75-a85d-d274fa97531e,32ccdbe1-627f-4fe3-a506-056b997ed89b,8474aaf6-e7d1-4165-9bef-bf76bc701038,version_created,Versão 7.0 criada a partir da versão 6.0,"{""versionNumber"": 7, ""sourceTemplateId"": ""84d51ec8-3d96-491e-a6d4-ae4b1c0198f7""}",2026-07-02 12:09:34.669+00
c0110ac0-e0e5-465a-82e5-9635dc8705f6,db25be91-be20-4f75-a85d-d274fa97531e,32ccdbe1-627f-4fe3-a506-056b997ed89b,8474aaf6-e7d1-4165-9bef-bf76bc701038,draft_saved,Rascunho salvo,"{""versionNumber"": 7}",2026-07-02 12:09:56.991+00
894a9015-f5eb-4acc-ae7b-c608e4ad5c4f,db25be91-be20-4f75-a85d-d274fa97531e,32ccdbe1-627f-4fe3-a506-056b997ed89b,8474aaf6-e7d1-4165-9bef-bf76bc701038,published,Template publicado,"{""versionNumber"": 7}",2026-07-02 12:10:03.137+00
7a26e988-1bc9-491f-9ad3-ab8c4f2c1f8d,df701050-efba-4007-8f44-c28c808f787f,a9c81e05-8b1a-47ad-a80d-dbc45603f068,0c96a57e-6cc1-400f-bf3a-5740b699ac21,created,Template criado,"{""versionNumber"": 1}",2026-07-02 13:11:28.715+00
5014c744-e15e-4d50-9584-c6520861db6e,67f5b5d8-786a-44a0-ab0a-22e88f66c47f,32ccdbe1-627f-4fe3-a506-056b997ed89b,b0737bfd-7bea-493b-8cfc-14946fcea8cd,submitted_for_approval,Template enviado para aprovação,"{""versionNumber"": 1}",2026-07-03 17:58:56.518+00
02ced724-250a-4e25-b255-a9190f08922b,6d616d42-1b03-43f5-a71e-d8445f13c5b0,32ccdbe1-627f-4fe3-a506-056b997ed89b,b0737bfd-7bea-493b-8cfc-14946fcea8cd,version_created,Versão 8.0 criada a partir da versão 6.0,"{""versionNumber"": 8, ""sourceTemplateId"": ""84d51ec8-3d96-491e-a6d4-ae4b1c0198f7""}",2026-07-04 17:28:10.887+00
95c554bc-3c11-41e1-8546-ef3a7582d65e,6d616d42-1b03-43f5-a71e-d8445f13c5b0,32ccdbe1-627f-4fe3-a506-056b997ed89b,b0737bfd-7bea-493b-8cfc-14946fcea8cd,draft_saved,Rascunho salvo,"{""versionNumber"": 8}",2026-07-04 17:32:13.911+00
2c4d1f5c-84c3-4138-b505-79f58aba072d,6d616d42-1b03-43f5-a71e-d8445f13c5b0,32ccdbe1-627f-4fe3-a506-056b997ed89b,b0737bfd-7bea-493b-8cfc-14946fcea8cd,draft_saved,Rascunho salvo,"{""versionNumber"": 8}",2026-07-04 18:39:29.943+00
9d20b541-adda-4a26-b7f9-d84d887cb1e2,6d616d42-1b03-43f5-a71e-d8445f13c5b0,32ccdbe1-627f-4fe3-a506-056b997ed89b,b0737bfd-7bea-493b-8cfc-14946fcea8cd,draft_saved,Rascunho salvo,"{""versionNumber"": 8}",2026-07-04 18:43:46.708+00
9ab6cefb-e8fe-420f-8998-474f1608a66b,6d616d42-1b03-43f5-a71e-d8445f13c5b0,32ccdbe1-627f-4fe3-a506-056b997ed89b,b0737bfd-7bea-493b-8cfc-14946fcea8cd,draft_saved,Rascunho salvo,"{""versionNumber"": 8}",2026-07-04 18:44:47.892+00
72e5d034-1a97-49ef-88ea-45b9812aa6b0,6d616d42-1b03-43f5-a71e-d8445f13c5b0,32ccdbe1-627f-4fe3-a506-056b997ed89b,b0737bfd-7bea-493b-8cfc-14946fcea8cd,published,Template publicado,"{""versionNumber"": 8}",2026-07-04 18:44:48.33+00
99ce5bc6-de33-4e30-b20d-131a9305cd43,c809175c-5275-4eec-905a-375dab911372,32ccdbe1-627f-4fe3-a506-056b997ed89b,b0737bfd-7bea-493b-8cfc-14946fcea8cd,version_created,Versão 9.0 criada a partir da versão 8.0,"{""versionNumber"": 9, ""sourceTemplateId"": ""6d616d42-1b03-43f5-a71e-d8445f13c5b0""}",2026-07-04 18:47:38.678+00
673f3dd3-6cdb-486c-ab20-0f799334b07c,c809175c-5275-4eec-905a-375dab911372,32ccdbe1-627f-4fe3-a506-056b997ed89b,b0737bfd-7bea-493b-8cfc-14946fcea8cd,draft_saved,Rascunho salvo,"{""versionNumber"": 9}",2026-07-04 18:47:40.655+00
b6034c20-6aed-4cfd-9fff-a44eacd7123f,c809175c-5275-4eec-905a-375dab911372,32ccdbe1-627f-4fe3-a506-056b997ed89b,b0737bfd-7bea-493b-8cfc-14946fcea8cd,published,Template publicado,"{""versionNumber"": 9}",2026-07-04 18:47:40.939+00
b7ec56cf-4ebe-4d6b-a706-97474fc8309d,da4b072b-2946-48bf-bd3b-7ce25d210c3d,32ccdbe1-627f-4fe3-a506-056b997ed89b,b0737bfd-7bea-493b-8cfc-14946fcea8cd,created,Template criado,"{""versionNumber"": 1}",2026-07-04 18:59:54.079+00
36dbc7d4-d5f5-41ad-bccd-7a8139edf0e1,da4b072b-2946-48bf-bd3b-7ce25d210c3d,32ccdbe1-627f-4fe3-a506-056b997ed89b,b0737bfd-7bea-493b-8cfc-14946fcea8cd,draft_saved,Rascunho salvo,"{""versionNumber"": 1}",2026-07-04 19:01:36.166+00
92f9d796-0419-48cb-8a67-fd10e09e8295,da4b072b-2946-48bf-bd3b-7ce25d210c3d,32ccdbe1-627f-4fe3-a506-056b997ed89b,b0737bfd-7bea-493b-8cfc-14946fcea8cd,submitted_for_approval,Template enviado para aprovação,"{""versionNumber"": 1}",2026-07-04 19:03:51.852+00
49b67db2-5611-45d1-99b9-259ac48d8394,da4b072b-2946-48bf-bd3b-7ce25d210c3d,32ccdbe1-627f-4fe3-a506-056b997ed89b,b0737bfd-7bea-493b-8cfc-14946fcea8cd,approved,Template aprovado,"{""versionNumber"": 1}",2026-07-04 19:03:59.016+00
f5798d47-6630-44fd-9d0a-5c147c0e1fd9,da4b072b-2946-48bf-bd3b-7ce25d210c3d,32ccdbe1-627f-4fe3-a506-056b997ed89b,b0737bfd-7bea-493b-8cfc-14946fcea8cd,submitted_for_approval,Template enviado para aprovação,"{""versionNumber"": 1}",2026-07-04 19:07:06.539+00
ca30d4cd-0fd4-4c45-9b09-4273aa2bb526,da4b072b-2946-48bf-bd3b-7ce25d210c3d,32ccdbe1-627f-4fe3-a506-056b997ed89b,b0737bfd-7bea-493b-8cfc-14946fcea8cd,approved,Template aprovado,"{""versionNumber"": 1}",2026-07-04 19:07:14.349+00
aa65c0ed-a170-4a52-bf1a-91e746d39327,da4b072b-2946-48bf-bd3b-7ce25d210c3d,32ccdbe1-627f-4fe3-a506-056b997ed89b,b0737bfd-7bea-493b-8cfc-14946fcea8cd,draft_saved,Rascunho salvo,"{""versionNumber"": 1}",2026-07-04 19:07:16.597+00
d6ba3a22-4a1a-4e5e-bc4a-d658983ef175,da4b072b-2946-48bf-bd3b-7ce25d210c3d,32ccdbe1-627f-4fe3-a506-056b997ed89b,b0737bfd-7bea-493b-8cfc-14946fcea8cd,published,Template publicado,"{""versionNumber"": 1}",2026-07-04 19:07:16.977+00
4078f466-7cfe-4602-8083-3b9f5c0281eb,551fb25c-df51-46ef-ac5b-43cdfb60d3ec,32ccdbe1-627f-4fe3-a506-056b997ed89b,b0737bfd-7bea-493b-8cfc-14946fcea8cd,created,Template criado,"{""versionNumber"": 1}",2026-07-04 19:13:48.257+00
037fcf26-038a-474f-b2d0-9a7e710e43d0,551fb25c-df51-46ef-ac5b-43cdfb60d3ec,32ccdbe1-627f-4fe3-a506-056b997ed89b,b0737bfd-7bea-493b-8cfc-14946fcea8cd,draft_saved,Rascunho salvo,"{""versionNumber"": 1}",2026-07-04 19:15:39.204+00
f783ae97-703c-4472-b41b-2404fd5cc85d,551fb25c-df51-46ef-ac5b-43cdfb60d3ec,32ccdbe1-627f-4fe3-a506-056b997ed89b,b0737bfd-7bea-493b-8cfc-14946fcea8cd,draft_saved,Rascunho salvo,"{""versionNumber"": 1}",2026-07-04 19:23:36.104+00
d0be8aa4-e974-4be7-b24f-8dc6488a1d45,551fb25c-df51-46ef-ac5b-43cdfb60d3ec,32ccdbe1-627f-4fe3-a506-056b997ed89b,b0737bfd-7bea-493b-8cfc-14946fcea8cd,published,Template publicado,"{""versionNumber"": 1}",2026-07-04 19:23:36.527+00
4ba24feb-8096-468e-bed6-de005fed9ad9,d5f3c28d-7072-4d35-89c6-934355b06698,32ccdbe1-627f-4fe3-a506-056b997ed89b,b0737bfd-7bea-493b-8cfc-14946fcea8cd,created,Template criado,"{""versionNumber"": 1}",2026-07-04 19:26:52.574+00
1b5eca7b-07a2-490a-af9c-db41fc9d7541,d5f3c28d-7072-4d35-89c6-934355b06698,32ccdbe1-627f-4fe3-a506-056b997ed89b,b0737bfd-7bea-493b-8cfc-14946fcea8cd,draft_saved,Rascunho salvo,"{""versionNumber"": 1}",2026-07-04 19:32:19.287+00
ed923960-77dd-43ea-ba38-62607ef65376,d5f3c28d-7072-4d35-89c6-934355b06698,32ccdbe1-627f-4fe3-a506-056b997ed89b,b0737bfd-7bea-493b-8cfc-14946fcea8cd,draft_saved,Rascunho salvo,"{""versionNumber"": 1}",2026-07-04 19:35:28.271+00
5c780d86-7a87-4724-85df-d18088ea035e,d5f3c28d-7072-4d35-89c6-934355b06698,32ccdbe1-627f-4fe3-a506-056b997ed89b,b0737bfd-7bea-493b-8cfc-14946fcea8cd,draft_saved,Rascunho salvo,"{""versionNumber"": 1}",2026-07-04 19:36:18.182+00
363e9bc8-f21b-4933-a50a-ba99d0b1f038,d5f3c28d-7072-4d35-89c6-934355b06698,32ccdbe1-627f-4fe3-a506-056b997ed89b,b0737bfd-7bea-493b-8cfc-14946fcea8cd,draft_saved,Rascunho salvo,"{""versionNumber"": 1}",2026-07-04 19:37:02.544+00
a782e752-1ca1-41c5-8a8d-d8bfe6ba61b7,d5f3c28d-7072-4d35-89c6-934355b06698,32ccdbe1-627f-4fe3-a506-056b997ed89b,b0737bfd-7bea-493b-8cfc-14946fcea8cd,draft_saved,Rascunho salvo,"{""versionNumber"": 1}",2026-07-04 19:38:27.974+00
e08116e5-5570-403d-ae43-860d197b7cc7,d5f3c28d-7072-4d35-89c6-934355b06698,32ccdbe1-627f-4fe3-a506-056b997ed89b,b0737bfd-7bea-493b-8cfc-14946fcea8cd,draft_saved,Rascunho salvo,"{""versionNumber"": 1}",2026-07-04 19:41:18.742+00
cac3de64-0307-4a6c-ae22-fc781eeb7293,d5f3c28d-7072-4d35-89c6-934355b06698,32ccdbe1-627f-4fe3-a506-056b997ed89b,b0737bfd-7bea-493b-8cfc-14946fcea8cd,draft_saved,Rascunho salvo,"{""versionNumber"": 1}",2026-07-04 19:43:56.828+00
287a6d38-1c5b-4ccf-9086-164aa26e4390,d5f3c28d-7072-4d35-89c6-934355b06698,32ccdbe1-627f-4fe3-a506-056b997ed89b,b0737bfd-7bea-493b-8cfc-14946fcea8cd,published,Template publicado,"{""versionNumber"": 1}",2026-07-04 19:43:57.199+00
e3de546b-5d6d-45d8-90d7-723222e88f98,95223f9d-4a02-4ff8-8fe0-f8f0052a46a7,32ccdbe1-627f-4fe3-a506-056b997ed89b,b0737bfd-7bea-493b-8cfc-14946fcea8cd,created,Template criado,"{""versionNumber"": 1}",2026-07-04 20:08:49.225+00
aca367f9-8a54-458b-b3a2-5a36caa9b025,95223f9d-4a02-4ff8-8fe0-f8f0052a46a7,32ccdbe1-627f-4fe3-a506-056b997ed89b,b0737bfd-7bea-493b-8cfc-14946fcea8cd,draft_saved,Rascunho salvo,"{""versionNumber"": 1}",2026-07-04 20:09:39.654+00
edf1e34f-ea4a-42c9-bb31-34259ac55cba,95223f9d-4a02-4ff8-8fe0-f8f0052a46a7,32ccdbe1-627f-4fe3-a506-056b997ed89b,b0737bfd-7bea-493b-8cfc-14946fcea8cd,published,Template publicado,"{""versionNumber"": 1}",2026-07-04 20:09:39.973+00
1a6d90e7-24de-49a4-9a95-eb2850aab260,fd2f0c02-508b-44b3-8a8f-acf4ff802ac5,32ccdbe1-627f-4fe3-a506-056b997ed89b,b0737bfd-7bea-493b-8cfc-14946fcea8cd,created,Template criado,"{""versionNumber"": 1}",2026-07-04 20:11:00.581+00
e6e8ae60-976e-4718-b7d4-683daea545ce,fd2f0c02-508b-44b3-8a8f-acf4ff802ac5,32ccdbe1-627f-4fe3-a506-056b997ed89b,b0737bfd-7bea-493b-8cfc-14946fcea8cd,draft_saved,Rascunho salvo,"{""versionNumber"": 1}",2026-07-04 20:11:36.254+00
25ce4806-dd5a-47c8-9eca-b5691de72838,fd2f0c02-508b-44b3-8a8f-acf4ff802ac5,32ccdbe1-627f-4fe3-a506-056b997ed89b,b0737bfd-7bea-493b-8cfc-14946fcea8cd,published,Template publicado,"{""versionNumber"": 1}",2026-07-04 20:11:36.618+00
50813cab-0067-4163-92b3-5ad2496638e4,72131db2-2c67-4f60-a565-33de09cbcef9,32ccdbe1-627f-4fe3-a506-056b997ed89b,b0737bfd-7bea-493b-8cfc-14946fcea8cd,version_created,Versão 2.0 criada a partir da versão 1.0,"{""versionNumber"": 2, ""sourceTemplateId"": ""95223f9d-4a02-4ff8-8fe0-f8f0052a46a7""}",2026-07-04 20:46:08.522+00
eb873fbf-7f64-4e88-835b-fe6f21f6503b,72131db2-2c67-4f60-a565-33de09cbcef9,32ccdbe1-627f-4fe3-a506-056b997ed89b,b0737bfd-7bea-493b-8cfc-14946fcea8cd,draft_saved,Rascunho salvo,"{""versionNumber"": 2}",2026-07-04 20:47:27.678+00
4ffec39e-fe46-473f-9206-dfde738198ba,72131db2-2c67-4f60-a565-33de09cbcef9,32ccdbe1-627f-4fe3-a506-056b997ed89b,b0737bfd-7bea-493b-8cfc-14946fcea8cd,draft_saved,Rascunho salvo,"{""versionNumber"": 2}",2026-07-04 20:47:49.421+00
4a111957-6113-4216-9962-9c3c8cfc1d19,72131db2-2c67-4f60-a565-33de09cbcef9,32ccdbe1-627f-4fe3-a506-056b997ed89b,b0737bfd-7bea-493b-8cfc-14946fcea8cd,published,Template publicado,"{""versionNumber"": 2}",2026-07-04 20:47:49.849+00
27e3f9ba-51bd-4c6c-acd4-036d46cb054b,3ba24f17-c2bc-410e-b297-4539d9355ea7,32ccdbe1-627f-4fe3-a506-056b997ed89b,b0737bfd-7bea-493b-8cfc-14946fcea8cd,created,Template criado,"{""versionNumber"": 1}",2026-07-06 15:37:04.23+00
2d40a5ec-088a-494b-a9ed-88eb8e65bc41,3ba24f17-c2bc-410e-b297-4539d9355ea7,32ccdbe1-627f-4fe3-a506-056b997ed89b,b0737bfd-7bea-493b-8cfc-14946fcea8cd,draft_saved,Rascunho salvo,"{""versionNumber"": 1}",2026-07-06 15:37:35.486+00
e1ad92af-c35f-4aa7-a3e7-17bfc8d03c0c,3ba24f17-c2bc-410e-b297-4539d9355ea7,32ccdbe1-627f-4fe3-a506-056b997ed89b,b0737bfd-7bea-493b-8cfc-14946fcea8cd,draft_saved,Rascunho salvo,"{""versionNumber"": 1}",2026-07-06 15:37:56.408+00
f4e3b1cb-54d3-49c4-a352-c868d76334c1,1623d125-ad1f-4b0e-be59-aa131169f344,32ccdbe1-627f-4fe3-a506-056b997ed89b,8474aaf6-e7d1-4165-9bef-bf76bc701038,created,Template criado,"{""versionNumber"": 1}",2026-07-06 22:41:07.711+00
cbda303a-fee9-4632-847f-e73aa328dade,1623d125-ad1f-4b0e-be59-aa131169f344,32ccdbe1-627f-4fe3-a506-056b997ed89b,8474aaf6-e7d1-4165-9bef-bf76bc701038,draft_saved,Rascunho salvo,"{""versionNumber"": 1}",2026-07-06 22:41:11.608+00
5220b6c6-303a-4a98-91b3-abb405e59ad8,1623d125-ad1f-4b0e-be59-aa131169f344,32ccdbe1-627f-4fe3-a506-056b997ed89b,8474aaf6-e7d1-4165-9bef-bf76bc701038,published,Template publicado,"{""versionNumber"": 1}",2026-07-06 22:41:11.962+00
d07bec07-7103-46ff-9fd1-0e96f9eb0264,3ba24f17-c2bc-410e-b297-4539d9355ea7,32ccdbe1-627f-4fe3-a506-056b997ed89b,b0737bfd-7bea-493b-8cfc-14946fcea8cd,draft_saved,Rascunho salvo,"{""versionNumber"": 1}",2026-07-07 00:26:53.04+00
f6ccc0e6-0658-4c73-b6c1-0af5758c02e2,3ba24f17-c2bc-410e-b297-4539d9355ea7,32ccdbe1-627f-4fe3-a506-056b997ed89b,b0737bfd-7bea-493b-8cfc-14946fcea8cd,draft_saved,Rascunho salvo,"{""versionNumber"": 1}",2026-07-07 00:29:15.504+00
04974b32-95d1-424b-a89e-b4c153547284,3ba24f17-c2bc-410e-b297-4539d9355ea7,32ccdbe1-627f-4fe3-a506-056b997ed89b,b0737bfd-7bea-493b-8cfc-14946fcea8cd,draft_saved,Rascunho salvo,"{""versionNumber"": 1}",2026-07-07 00:29:18.449+00
96889ada-ada0-44fb-95cf-07ce4a6846e6,3ba24f17-c2bc-410e-b297-4539d9355ea7,32ccdbe1-627f-4fe3-a506-056b997ed89b,b0737bfd-7bea-493b-8cfc-14946fcea8cd,published,Template publicado,"{""versionNumber"": 1}",2026-07-07 00:29:18.935+00
7c250f7a-1d15-45b3-8d5f-f4d8ed47916f,21f52cbc-bade-450a-a5a5-0f649625cecf,32ccdbe1-627f-4fe3-a506-056b997ed89b,b0737bfd-7bea-493b-8cfc-14946fcea8cd,version_created,Versão 2.0 criada a partir da versão 1.0,"{""versionNumber"": 2, ""sourceTemplateId"": ""3ba24f17-c2bc-410e-b297-4539d9355ea7""}",2026-07-07 14:50:43.738+00
79cbe1b7-72ff-44c6-9965-7d40f6be77e9,21f52cbc-bade-450a-a5a5-0f649625cecf,32ccdbe1-627f-4fe3-a506-056b997ed89b,b0737bfd-7bea-493b-8cfc-14946fcea8cd,draft_saved,Rascunho salvo,"{""versionNumber"": 2}",2026-07-07 14:51:06.227+00
2ee7c7f1-943c-4a3c-ba55-f10cfa42d652,21f52cbc-bade-450a-a5a5-0f649625cecf,32ccdbe1-627f-4fe3-a506-056b997ed89b,b0737bfd-7bea-493b-8cfc-14946fcea8cd,draft_saved,Rascunho salvo,"{""versionNumber"": 2}",2026-07-07 14:51:38.67+00
790623a7-beb7-4ff2-b252-8b5f2bd2e4b1,21f52cbc-bade-450a-a5a5-0f649625cecf,32ccdbe1-627f-4fe3-a506-056b997ed89b,b0737bfd-7bea-493b-8cfc-14946fcea8cd,published,Template publicado,"{""versionNumber"": 2}",2026-07-07 14:51:39.112+00
2a65f8ae-5199-49ac-807b-1fa92c00b07d,b584e88d-4c9d-492e-8b6d-2eefc3a12b37,32ccdbe1-627f-4fe3-a506-056b997ed89b,b0737bfd-7bea-493b-8cfc-14946fcea8cd,created,Template criado,"{""versionNumber"": 1}",2026-07-07 15:38:39.75+00
10d601d3-8789-4b38-9376-06d7523bde71,b584e88d-4c9d-492e-8b6d-2eefc3a12b37,32ccdbe1-627f-4fe3-a506-056b997ed89b,b0737bfd-7bea-493b-8cfc-14946fcea8cd,draft_saved,Rascunho salvo,"{""versionNumber"": 1}",2026-07-07 20:25:31.68+00
ee17fb8b-763a-460b-b769-d3fa2b7f6b56,b584e88d-4c9d-492e-8b6d-2eefc3a12b37,32ccdbe1-627f-4fe3-a506-056b997ed89b,b0737bfd-7bea-493b-8cfc-14946fcea8cd,draft_saved,Rascunho salvo,"{""versionNumber"": 1}",2026-07-07 20:25:33.87+00
2d479add-c2ac-4006-a1c3-1bf0bc3646c5,b584e88d-4c9d-492e-8b6d-2eefc3a12b37,32ccdbe1-627f-4fe3-a506-056b997ed89b,b0737bfd-7bea-493b-8cfc-14946fcea8cd,published,Template publicado,"{""versionNumber"": 1}",2026-07-07 20:25:34.18+00
5d0a09c6-6daf-4a07-9990-5db72cc2d393,c2a2b68c-c9be-4316-be26-278065c82e5d,f12782b1-df3b-4ed4-9efb-f915874bf83c,b0737bfd-7bea-493b-8cfc-14946fcea8cd,created,Template criado,"{""versionNumber"": 1}",2026-07-10 17:04:58.631+00
b7ff86ca-7fe2-44e0-a856-7fdcd5534bb5,c2a2b68c-c9be-4316-be26-278065c82e5d,f12782b1-df3b-4ed4-9efb-f915874bf83c,b0737bfd-7bea-493b-8cfc-14946fcea8cd,draft_saved,Rascunho salvo,"{""versionNumber"": 1}",2026-07-10 17:18:37.598+00
16e41674-fbee-4a8d-b18e-5ca32389f263,c2a2b68c-c9be-4316-be26-278065c82e5d,f12782b1-df3b-4ed4-9efb-f915874bf83c,b0737bfd-7bea-493b-8cfc-14946fcea8cd,draft_saved,Rascunho salvo,"{""versionNumber"": 1}",2026-07-10 17:26:46.66+00
26754316-1160-496f-bfb9-6b53439060a5,c2a2b68c-c9be-4316-be26-278065c82e5d,f12782b1-df3b-4ed4-9efb-f915874bf83c,b0737bfd-7bea-493b-8cfc-14946fcea8cd,draft_saved,Rascunho salvo,"{""versionNumber"": 1}",2026-07-10 17:26:49.848+00
3fe6baa3-e504-4622-8902-4a1a6c69b03b,c2a2b68c-c9be-4316-be26-278065c82e5d,f12782b1-df3b-4ed4-9efb-f915874bf83c,b0737bfd-7bea-493b-8cfc-14946fcea8cd,published,Template publicado,"{""versionNumber"": 1}",2026-07-10 17:26:50.311+00
9e6132b0-dd30-4390-a504-8fad6388986d,4ff1a2c4-57ac-4488-83f5-e3daf37bee54,f12782b1-df3b-4ed4-9efb-f915874bf83c,b0737bfd-7bea-493b-8cfc-14946fcea8cd,version_created,Versão 2.0 criada a partir da versão 1.0,"{""versionNumber"": 2, ""sourceTemplateId"": ""c2a2b68c-c9be-4316-be26-278065c82e5d""}",2026-07-10 17:33:50.142+00
bc3018c2-e880-4041-aeeb-2e24b79cc4d0,4ff1a2c4-57ac-4488-83f5-e3daf37bee54,f12782b1-df3b-4ed4-9efb-f915874bf83c,b0737bfd-7bea-493b-8cfc-14946fcea8cd,draft_saved,Rascunho salvo,"{""versionNumber"": 2}",2026-07-10 17:34:00.152+00
3d92951f-e944-4696-9a79-797aae02426a,4ff1a2c4-57ac-4488-83f5-e3daf37bee54,f12782b1-df3b-4ed4-9efb-f915874bf83c,b0737bfd-7bea-493b-8cfc-14946fcea8cd,published,Template publicado,"{""versionNumber"": 2}",2026-07-10 17:34:00.613+00
b8a58135-d245-4961-8d96-8923a1b6c63e,8eef912d-2687-4464-b051-138c0e1ffd32,32ccdbe1-627f-4fe3-a506-056b997ed89b,b0737bfd-7bea-493b-8cfc-14946fcea8cd,created,Template criado,"{""versionNumber"": 1}",2026-07-10 17:37:20.434+00
a6ea4aa4-e3e9-4313-bf26-2f3f69cba536,8eef912d-2687-4464-b051-138c0e1ffd32,32ccdbe1-627f-4fe3-a506-056b997ed89b,b0737bfd-7bea-493b-8cfc-14946fcea8cd,draft_saved,Rascunho salvo,"{""versionNumber"": 1}",2026-07-10 17:37:23.585+00
2cdabaf2-3b19-4e6f-9f08-87c724f8202e,8eef912d-2687-4464-b051-138c0e1ffd32,32ccdbe1-627f-4fe3-a506-056b997ed89b,b0737bfd-7bea-493b-8cfc-14946fcea8cd,published,Template publicado,"{""versionNumber"": 1}",2026-07-10 17:37:23.83+00
11ad9a39-1f62-4c5a-9e67-875396d1dcf5,9d737160-0855-45aa-aae4-79abdce434f2,32ccdbe1-627f-4fe3-a506-056b997ed89b,b0737bfd-7bea-493b-8cfc-14946fcea8cd,version_created,Versão 2.0 criada a partir da versão 1.0,"{""versionNumber"": 2, ""sourceTemplateId"": ""8eef912d-2687-4464-b051-138c0e1ffd32""}",2026-07-12 20:42:52.389+00
87b25956-9f82-4711-96f6-cc03dd9a0b80,9d737160-0855-45aa-aae4-79abdce434f2,32ccdbe1-627f-4fe3-a506-056b997ed89b,b0737bfd-7bea-493b-8cfc-14946fcea8cd,draft_saved,Rascunho salvo,"{""versionNumber"": 2}",2026-07-12 20:44:29.057+00
5db7ce2e-b84e-46ff-95b6-261e089942ce,9d737160-0855-45aa-aae4-79abdce434f2,32ccdbe1-627f-4fe3-a506-056b997ed89b,b0737bfd-7bea-493b-8cfc-14946fcea8cd,published,Template publicado,"{""versionNumber"": 2}",2026-07-12 20:44:29.365+00
ea2a00e7-844b-4bae-88be-ea550b742aff,95bb2fbd-6ce4-4000-b2b8-987888648726,32ccdbe1-627f-4fe3-a506-056b997ed89b,b0737bfd-7bea-493b-8cfc-14946fcea8cd,created,Template criado,"{""versionNumber"": 1}",2026-07-15 15:16:22.358+00
c93ffc99-f2d8-43bd-a5cc-41d928780c35,49666355-3ac8-484c-b183-35312ed0a9b5,32ccdbe1-627f-4fe3-a506-056b997ed89b,b0737bfd-7bea-493b-8cfc-14946fcea8cd,created,Template criado,"{""versionNumber"": 1}",2026-07-15 15:17:20.574+00
f3345d82-b23c-4246-bf49-0374561bdb75,49666355-3ac8-484c-b183-35312ed0a9b5,32ccdbe1-627f-4fe3-a506-056b997ed89b,b0737bfd-7bea-493b-8cfc-14946fcea8cd,draft_saved,Rascunho salvo,"{""versionNumber"": 1}",2026-07-15 15:18:48.104+00
fd92e769-22d1-4437-9685-b4c903667cfc,49666355-3ac8-484c-b183-35312ed0a9b5,32ccdbe1-627f-4fe3-a506-056b997ed89b,b0737bfd-7bea-493b-8cfc-14946fcea8cd,draft_saved,Rascunho salvo,"{""versionNumber"": 1}",2026-07-15 15:19:08.09+00
f79bba61-acfb-46f2-9cad-85ffbd38a34d,49666355-3ac8-484c-b183-35312ed0a9b5,32ccdbe1-627f-4fe3-a506-056b997ed89b,b0737bfd-7bea-493b-8cfc-14946fcea8cd,published,Template publicado,"{""versionNumber"": 1}",2026-07-15 15:19:08.555+00
27f1f36b-302f-4df6-9400-5ac53bfff758,f7f28128-a38f-4945-a9c0-3a385750e2f9,32ccdbe1-627f-4fe3-a506-056b997ed89b,b0737bfd-7bea-493b-8cfc-14946fcea8cd,created,Template criado,"{""versionNumber"": 1}",2026-07-16 11:56:35.073+00
f4f7c1f9-5c23-45dd-8943-76163800454f,f7f28128-a38f-4945-a9c0-3a385750e2f9,32ccdbe1-627f-4fe3-a506-056b997ed89b,b0737bfd-7bea-493b-8cfc-14946fcea8cd,draft_saved,Rascunho salvo,"{""versionNumber"": 1}",2026-07-16 11:59:18.376+00
c2c9b369-66d0-4160-8751-a948b992dc0c,f7f28128-a38f-4945-a9c0-3a385750e2f9,32ccdbe1-627f-4fe3-a506-056b997ed89b,b0737bfd-7bea-493b-8cfc-14946fcea8cd,draft_saved,Rascunho salvo,"{""versionNumber"": 1}",2026-07-16 11:59:19.674+00
a0885fbc-31c7-4f52-a531-8bcf31c9008a,f7f28128-a38f-4945-a9c0-3a385750e2f9,32ccdbe1-627f-4fe3-a506-056b997ed89b,b0737bfd-7bea-493b-8cfc-14946fcea8cd,published,Template publicado,"{""versionNumber"": 1}",2026-07-16 11:59:20.173+00
46095125-e1ae-44ed-aae5-6098ca058a5e,45aca8f3-5e79-4bfa-a19f-e007dcfb173c,7b577c22-5513-42cc-ab19-2bf867e14ebc,0c96a57e-6cc1-400f-bf3a-5740b699ac21,draft_saved,Rascunho salvo,"{""versionNumber"": 1}",2026-07-17 12:36:27.552+00
785df3c1-2e1f-48bc-999d-55486079db38,45aca8f3-5e79-4bfa-a19f-e007dcfb173c,7b577c22-5513-42cc-ab19-2bf867e14ebc,0c96a57e-6cc1-400f-bf3a-5740b699ac21,published,Template publicado,"{""versionNumber"": 1}",2026-07-17 12:36:28.052+00
6c51139b-b33b-49ac-afa9-3f6ec5e1467c,19672c79-3bde-43b6-a661-c58f72b3ffe6,32ccdbe1-627f-4fe3-a506-056b997ed89b,b0737bfd-7bea-493b-8cfc-14946fcea8cd,created,Template criado,"{""versionNumber"": 1}",2026-07-17 15:11:45.022+00
190f05ff-9018-4005-b668-04639e84c533,19672c79-3bde-43b6-a661-c58f72b3ffe6,32ccdbe1-627f-4fe3-a506-056b997ed89b,b0737bfd-7bea-493b-8cfc-14946fcea8cd,draft_saved,Rascunho salvo,"{""versionNumber"": 1}",2026-07-17 15:13:41.396+00
b7f4ba67-31b0-4f98-a84b-a7125110dc11,19672c79-3bde-43b6-a661-c58f72b3ffe6,32ccdbe1-627f-4fe3-a506-056b997ed89b,b0737bfd-7bea-493b-8cfc-14946fcea8cd,published,Template publicado,"{""versionNumber"": 1}",2026-07-17 15:13:41.694+00
41c850c0-8c30-434b-9071-cf46e8c87b71,14e2e195-5b0e-4c84-8e5f-8a310800ce85,1c2d5668-5cd9-49a7-a138-3ccd2bea5cbb,0c96a57e-6cc1-400f-bf3a-5740b699ac21,created,Template criado,"{""versionNumber"": 1}",2026-07-23 03:22:59.531+00
cc45ecd6-6f17-4ce0-b800-d88ac7e9e893,14e2e195-5b0e-4c84-8e5f-8a310800ce85,1c2d5668-5cd9-49a7-a138-3ccd2bea5cbb,0c96a57e-6cc1-400f-bf3a-5740b699ac21,draft_saved,Rascunho salvo,"{""versionNumber"": 1}",2026-07-23 03:23:02.626+00
094ecace-8718-40ee-955f-711f08c781f8,14e2e195-5b0e-4c84-8e5f-8a310800ce85,1c2d5668-5cd9-49a7-a138-3ccd2bea5cbb,0c96a57e-6cc1-400f-bf3a-5740b699ac21,published,Template publicado,"{""versionNumber"": 1}",2026-07-23 03:23:03.005+00
62b331e2-047d-4f52-bf6d-23023bb30ff3,d933fed9-51bf-44bd-8e65-3b504e974a10,1c2d5668-5cd9-49a7-a138-3ccd2bea5cbb,0c96a57e-6cc1-400f-bf3a-5740b699ac21,created,Template criado,"{""versionNumber"": 1}",2026-07-23 03:41:56.811+00
758acfc3-0bd0-4087-b153-00d4eee91a5c,d933fed9-51bf-44bd-8e65-3b504e974a10,1c2d5668-5cd9-49a7-a138-3ccd2bea5cbb,0c96a57e-6cc1-400f-bf3a-5740b699ac21,draft_saved,Rascunho salvo,"{""versionNumber"": 1}",2026-07-23 03:41:59.359+00
9196fa56-7d70-4dab-baf8-9e57f8c50c34,d933fed9-51bf-44bd-8e65-3b504e974a10,1c2d5668-5cd9-49a7-a138-3ccd2bea5cbb,0c96a57e-6cc1-400f-bf3a-5740b699ac21,published,Template publicado,"{""versionNumber"": 1}",2026-07-23 03:42:00.065+00
59406572-595a-45e4-aef7-59c9a2b551c0,869a2676-d298-41cf-ace7-e020ed758ef5,a9c81e05-8b1a-47ad-a80d-dbc45603f068,0c96a57e-6cc1-400f-bf3a-5740b699ac21,created,Template criado,"{""versionNumber"": 1}",2026-07-24 15:31:19.42+00
b4886819-2631-4cf6-a953-14974259a724,869a2676-d298-41cf-ace7-e020ed758ef5,a9c81e05-8b1a-47ad-a80d-dbc45603f068,0c96a57e-6cc1-400f-bf3a-5740b699ac21,draft_saved,Rascunho salvo,"{""versionNumber"": 1}",2026-07-24 15:31:24.768+00
0c92dfd0-53dd-4361-bc13-4a18dda79270,869a2676-d298-41cf-ace7-e020ed758ef5,a9c81e05-8b1a-47ad-a80d-dbc45603f068,0c96a57e-6cc1-400f-bf3a-5740b699ac21,published,Template publicado,"{""versionNumber"": 1}",2026-07-24 15:31:25.211+00
8170baf7-ed8f-4ff1-83fa-b35db7b465d3,18f1e181-1451-481a-9b46-45f274af4cf9,a9c81e05-8b1a-47ad-a80d-dbc45603f068,0c96a57e-6cc1-400f-bf3a-5740b699ac21,created,Template criado,"{""versionNumber"": 1}",2026-07-24 15:42:59.499+00
7f1d0aaa-6be5-495e-b3a9-eca391743f86,18f1e181-1451-481a-9b46-45f274af4cf9,a9c81e05-8b1a-47ad-a80d-dbc45603f068,0c96a57e-6cc1-400f-bf3a-5740b699ac21,draft_saved,Rascunho salvo,"{""versionNumber"": 1}",2026-07-24 15:43:01.938+00
f2588a58-a16e-44e0-92e9-8968c24a7199,18f1e181-1451-481a-9b46-45f274af4cf9,a9c81e05-8b1a-47ad-a80d-dbc45603f068,0c96a57e-6cc1-400f-bf3a-5740b699ac21,published,Template publicado,"{""versionNumber"": 1}",2026-07-24 15:43:02.352+00
c3a4d6f9-46be-48a5-abb4-6bfab0348049,771c9803-1503-49cd-87b5-711571f0d7fb,a9c81e05-8b1a-47ad-a80d-dbc45603f068,0c96a57e-6cc1-400f-bf3a-5740b699ac21,created,Template criado,"{""versionNumber"": 1}",2026-07-24 15:54:37.543+00
199b0469-bd44-412d-825d-0d4e443bbbbd,771c9803-1503-49cd-87b5-711571f0d7fb,a9c81e05-8b1a-47ad-a80d-dbc45603f068,0c96a57e-6cc1-400f-bf3a-5740b699ac21,draft_saved,Rascunho salvo,"{""versionNumber"": 1}",2026-07-24 15:57:26.035+00
e91c6445-ae32-46b1-bba4-dd0743378c1f,771c9803-1503-49cd-87b5-711571f0d7fb,a9c81e05-8b1a-47ad-a80d-dbc45603f068,0c96a57e-6cc1-400f-bf3a-5740b699ac21,published,Template publicado,"{""versionNumber"": 1}",2026-07-24 15:57:26.707+00
d64cf4b0-249f-400f-89b7-1978837d09ea,27026022-1bd6-41cc-bff1-2a05fd767f5e,32ccdbe1-627f-4fe3-a506-056b997ed89b,b0737bfd-7bea-493b-8cfc-14946fcea8cd,created,Template criado,"{""versionNumber"": 1}",2026-07-27 19:10:15.323+00
0d157093-b086-4389-be8a-587a05e6a72e,27026022-1bd6-41cc-bff1-2a05fd767f5e,32ccdbe1-627f-4fe3-a506-056b997ed89b,b0737bfd-7bea-493b-8cfc-14946fcea8cd,draft_saved,Rascunho salvo,"{""versionNumber"": 1}",2026-07-27 19:11:33.728+00
4963906c-f520-460a-a65c-891ea1e7e9ef,27026022-1bd6-41cc-bff1-2a05fd767f5e,32ccdbe1-627f-4fe3-a506-056b997ed89b,b0737bfd-7bea-493b-8cfc-14946fcea8cd,draft_saved,Rascunho salvo,"{""versionNumber"": 1}",2026-07-27 19:19:52.015+00
4fa07921-bdb6-42dd-924f-5bd91f7dd012,27026022-1bd6-41cc-bff1-2a05fd767f5e,32ccdbe1-627f-4fe3-a506-056b997ed89b,b0737bfd-7bea-493b-8cfc-14946fcea8cd,draft_saved,Rascunho salvo,"{""versionNumber"": 1}",2026-07-27 19:20:14.97+00
0015252c-4972-46ab-949f-1cd7177a36d9,27026022-1bd6-41cc-bff1-2a05fd767f5e,32ccdbe1-627f-4fe3-a506-056b997ed89b,b0737bfd-7bea-493b-8cfc-14946fcea8cd,draft_saved,Rascunho salvo,"{""versionNumber"": 1}",2026-07-27 19:20:16.033+00
76e6a6f5-cc46-47c1-ab0d-d59049a45a52,27026022-1bd6-41cc-bff1-2a05fd767f5e,32ccdbe1-627f-4fe3-a506-056b997ed89b,b0737bfd-7bea-493b-8cfc-14946fcea8cd,published,Template publicado,"{""versionNumber"": 1}",2026-07-27 19:20:16.435+00
