id,leadId,finalizedDateAt,startDateAt,duration,amount,notes,closerId,operadora,productName,contractFileUrl,contractStoragePath,createdAt,updatedAt,contractType
175db032-eafd-46cf-901c-2a17926023f0,c2bfd600-a4a4-474f-8c54-87046a3e6e7b,2026-04-10 03:00:00+00,2026-03-04 03:00:00+00,16,2045.00,,,,,,,2026-04-14 13:33:22.163+00,2026-04-14 13:33:22.163+00,individual
17b8f3a2-1f21-4252-82f5-cc20113b66e6,8adeb95e-e290-42b8-bac9-3f81d36bb9a1,2026-04-28 00:25:36.57+00,2026-04-28 00:25:36.57+00,25,1000.00,Venda finalizada. Valor: R$ 1000,,,,,,2026-04-28 00:25:36.572+00,2026-04-28 00:25:36.572+00,individual
1ef46ba0-5cb6-4df4-9b74-2a4713762be0,f58c988b-7ed1-4c90-8557-95e9110465ba,2026-05-15 03:00:00+00,2026-05-15 03:00:00+00,10,1566.11,,2528e875-ab7b-4905-a98b-998a318b883e,Amil,Amil S750 R1,,,2026-05-17 14:08:46.593+00,2026-05-17 14:08:46.593+00,individual
33909457-d68e-4f93-aad3-a8e7747140ad,cf6085ca-0bee-47b1-9447-b51077d2c6d3,2026-01-16 20:28:18.304+00,2026-01-16 20:28:18.304+00,0,1800.00,Venda finalizada. Valor: R$ 1800,,,,,,2026-01-16 20:28:18.305+00,2026-01-16 20:28:18.305+00,individual
3517675c-1eb3-4cb1-b73b-d7247241a2d3,523d88b3-891f-4659-ab7f-f6a704228ea2,2026-05-08 15:44:27.945+00,2026-05-08 15:44:27.945+00,2,329.84,Venda finalizada. Valor: R$ 329.84,,,,,,2026-05-08 15:44:27.947+00,2026-05-08 15:44:27.947+00,individual
35895b9c-60a5-49c0-921a-354aa64a3fcf,411c2047-a740-4885-9649-ffa4d6d8e561,2027-04-24 03:00:00+00,2026-04-24 03:00:00+00,389,2677.84,,,,,,,2026-04-27 11:31:14.232+00,2026-04-27 11:31:14.232+00,individual
41842e69-9b90-48be-aebf-64da9b308b46,7fd8561b-06a5-4fcd-9e76-f2070499acb9,2026-01-16 20:17:01.752+00,2026-01-16 20:17:01.752+00,0,0.00,Venda finalizada. Valor: R$ 0,,,,,,2026-01-16 20:17:01.753+00,2026-01-16 20:17:01.753+00,individual
4e54ef08-b6b1-45a4-b668-c6535140b858,7028bd00-e70d-4fbe-a8ae-63e9a15e9968,2026-01-16 20:48:58.327+00,2026-01-16 20:48:58.327+00,0,640.00,Venda finalizada. Valor: R$ 640,,,,,,2026-01-16 20:48:58.329+00,2026-01-16 20:48:58.329+00,individual
50bc5084-7f3d-40f7-a13f-31f80e5475cb,9980abc8-220e-4662-b33c-dfcd60089876,2026-04-24 13:23:15.336+00,2026-04-24 13:23:15.336+00,30,0.00,Venda finalizada. Valor: R$ 0,,,,,,2026-04-24 13:23:15.338+00,2026-04-24 13:23:15.338+00,individual
53e4e132-ed3c-4bb9-8c91-7b4e0e61ef26,5404aae2-5982-43da-a98d-45da0e559c0b,2026-04-27 23:37:40.783+00,2026-04-27 23:37:40.783+00,0,0.00,Venda finalizada. Valor: R$ 0,,,,,,2026-04-27 23:37:40.785+00,2026-04-27 23:37:40.785+00,individual
6a9191df-3f7f-4bc4-b556-ba5cf5704062,28200428-5dea-4126-aecd-1a1bf4634826,2026-03-04 19:26:45.859+00,2026-03-04 19:26:45.859+00,47,1150.00,Venda finalizada. Valor: R$ 1150,,,,,,2026-03-04 19:26:45.861+00,2026-03-04 19:26:45.861+00,individual
74e9797c-f2d3-4f11-b2d4-c63afbf46870,c2bfd600-a4a4-474f-8c54-87046a3e6e7b,2026-04-14 13:32:26.991+00,2026-04-14 13:32:26.991+00,20,2000.00,Venda finalizada. Valor: R$ 2000,,,,,,2026-04-14 13:32:26.992+00,2026-04-14 13:32:26.992+00,individual
7bb07f5c-af50-4928-be42-4e26aabd2b01,f034f8fa-7085-4743-af48-8fd6b239ee5b,2026-01-16 18:54:33.916+00,2026-01-16 18:54:33.916+00,2,2170.00,Venda finalizada. Valor: R$ 2170,,,,,,2026-01-16 18:54:33.917+00,2026-01-16 18:54:33.917+00,individual
7d0e5a58-364f-493d-a0ca-942a62a2c7dd,411c2047-a740-4885-9649-ffa4d6d8e561,2027-04-27 03:00:00+00,2026-04-27 03:00:00+00,392,2660.00,,493aecc1-6791-4d62-bc63-f4f55c78e44e,Porto Seguro,,,,2026-05-13 16:20:47.079+00,2026-05-13 16:20:47.079+00,individual
841e9158-50a9-43a4-9fc3-0b2a593891a4,0967d3df-812c-405b-ac48-ab6a99061a2a,2026-04-05 03:46:34.002+00,2026-04-05 03:46:34.002+00,3,0.00,Venda finalizada. Valor: R$ 0,,,,,,2026-04-05 03:46:34.005+00,2026-04-05 03:46:34.005+00,individual
8c3beeb1-caea-42fe-8d88-4948b60be795,6a831150-feee-4496-b9ec-fa6dc4d10422,2027-05-07 03:00:00+00,2026-05-07 03:00:00+00,366,10000.00,Contrato de teste,,Bradesco,,,,2026-05-07 20:22:59.63+00,2026-05-22 18:02:07.61+00,individual
97ac9893-1c17-4ca5-97bf-ec27deb63eab,f334f71b-900c-4e8e-a847-be52e15f68a7,2026-04-27 23:34:32.698+00,2026-04-27 23:34:32.698+00,23,0.00,Venda finalizada. Valor: R$ 0,,,,,,2026-04-27 23:34:32.7+00,2026-04-27 23:34:32.7+00,individual
9d162e83-ff54-461b-a25d-70c10341facc,4c3e0638-a6fd-4996-809e-93d0655464bd,2026-01-16 21:07:20.298+00,2026-01-16 21:07:20.298+00,0,3748.00,Venda finalizada. Valor: R$ 3748,,,,,,2026-01-16 21:07:20.3+00,2026-01-16 21:07:20.3+00,individual
a3c6f5c9-b5f0-4c6b-9256-6a5ccf3373be,dfce96fa-35a8-4d24-a58c-b8f5e503f8fb,2026-01-16 19:08:13.81+00,2026-01-16 19:08:13.81+00,0,0.00,Venda finalizada. Valor: R$ 0,,,,,,2026-01-16 19:08:13.811+00,2026-01-16 19:08:13.811+00,individual
c3e27813-cb97-494e-b8c7-f0f30fda13d6,a307c83d-9026-4ab5-b813-e6d93019c873,2026-04-24 13:26:10.54+00,2026-04-24 13:26:10.54+00,30,0.00,Venda finalizada. Valor: R$ 0,,,,,,2026-04-24 13:26:10.541+00,2026-04-24 13:26:10.541+00,individual
ce480bf2-3381-43c9-b954-851bd7ec0738,8b2844a5-7ce9-4b0b-be60-e1851cd95dba,2027-05-20 03:00:00+00,2026-05-20 03:00:00+00,397,784.64,,493aecc1-6791-4d62-bc63-f4f55c78e44e,Alice,Conforto,,,2026-05-22 14:55:11.741+00,2026-05-22 14:55:11.741+00,individual
ddee8e54-9c30-40cb-9898-a8db7c482c75,0b8c981d-da40-4947-b002-39a0a898e784,2026-05-12 19:21:53.338+00,2026-05-12 19:21:53.338+00,43,1300.00,Venda finalizada. Valor: R$ 1300,,,,,,2026-05-12 19:21:53.339+00,2026-05-12 19:21:53.339+00,individual
eb939ab8-383a-4d4c-8acf-2011da0d7b44,3e3a0a75-5187-4cca-8c58-21eb894c68df,2026-02-21 15:20:18.436+00,2026-02-21 15:20:18.436+00,31,100.00,Venda finalizada. Valor: R$ 100,,,,,,2026-02-21 15:20:18.438+00,2026-02-21 15:20:18.438+00,individual
ece39396-8c3b-4f3c-9244-004caa12b78f,ebd0fe0a-dbb2-4548-8343-f5745111fa37,2026-10-08 03:00:00+00,2026-05-11 03:00:00+00,155,10000.00,,,,,,,2026-05-11 23:50:33.861+00,2026-05-11 23:50:33.861+00,individual
ede8662f-6da0-416c-8969-f5d3923f89e2,700c8230-11af-49bb-812c-d1d42acebd69,2026-04-24 13:25:39.045+00,2026-04-24 13:25:39.045+00,30,0.00,Venda finalizada. Valor: R$ 0,,,,,,2026-04-24 13:25:39.046+00,2026-04-24 13:25:39.046+00,individual
ef290fec-32e6-4101-87b2-c230d1027de2,22eb9d43-29e7-49ce-bd17-087b6123d1ca,2027-05-07 03:00:00+00,2026-05-07 03:00:00+00,366,10000.00,,,Unimed,,,,2026-05-07 20:23:38.284+00,2026-05-22 18:00:00.879+00,individual
180d6eb0-05aa-4998-b34c-6ac095acf01c,354ebf1f-4754-400a-8a07-5edcdde139a9,2027-08-18 03:00:00+00,2026-08-18 03:00:00+00,389,1780.13,,e50fcb28-10bf-4ad0-809a-1785d438b3c1,Porto Seguro,p320 Q copar,,,2026-07-24 20:19:00.896+00,2026-07-24 20:19:00.896+00,corporate
2a13ad0d-aa2c-4ca4-ac7a-0f535eeb5071,ebd0fe0a-dbb2-4548-8343-f5745111fa37,2026-05-13 19:48:57.951+00,2026-05-13 03:00:00+00,7,10000.00,Venda finalizada. Valor: R$ 10000,,Amil,Nova Adesão,,,2026-05-13 19:48:57.954+00,2026-05-22 18:01:11.143+00,individual
167fb09f-74b8-46a3-8054-fd5a5c307a34,8443f631-713d-4ef9-b91c-cf9ee51fda2b,2028-06-15 03:00:00+00,2026-06-15 03:00:00+00,754,1300.00,,493aecc1-6791-4d62-bc63-f4f55c78e44e,Porto Seguro,,,,2026-06-01 13:32:16.355+00,2026-06-01 13:32:16.355+00,individual
d4e72b2b-34ec-4815-8257-d47ad2b8bf83,944fbc93-ed72-4048-a86f-b341e89faba9,2027-06-02 03:00:00+00,2026-06-02 03:00:00+00,365,1.00,,b0737bfd-7bea-493b-8cfc-14946fcea8cd,Plena,,,,2026-06-02 16:16:28.403+00,2026-06-10 22:17:27.934+00,individual
d1a31313-32d5-4c5a-98af-cb05c0193c65,bb599071-cacf-4f51-acab-bc2d5c266f5f,2027-07-07 03:00:00+00,2026-07-07 03:00:00+00,418,3113.18,,87a43e47-33e7-4623-90d0-260dfdf5c5bf,Amil,S750,,,2026-07-16 14:44:22.829+00,2026-07-16 14:44:22.829+00,corporate
79200792-e8e4-4ae7-8215-b302ed0c1d3e,18d49464-a9f5-49fd-b830-e9cf435e5acc,2027-05-23 03:00:00+00,2026-05-22 03:00:00+00,365,10000.00,,b0737bfd-7bea-493b-8cfc-14946fcea8cd,Hapvida,,,,2026-05-22 17:58:26.697+00,2026-06-10 22:37:34.711+00,individual
6f9ebd30-7a32-4af6-b35a-529505888bac,aef74462-f40d-4584-8b25-df58301fce0a,2026-06-30 03:00:00+00,2026-06-18 03:00:00+00,66,471.88,,c1f13659-b28c-4d50-8375-5bf200294992,Outros,Select Vitória 100,,,2026-06-18 13:06:27.772+00,2026-06-18 13:06:27.772+00,corporate
13485e97-d9f0-47a9-9c63-e185238a0dcc,eeab7f9d-764a-484e-8a77-07df27ded95b,2027-06-17 03:00:00+00,2026-06-18 03:00:00+00,429,5600.00,,678c949f-b372-4aba-9d9b-26d422134531,Alice,Exclusivo,,,2026-06-18 14:12:02.636+00,2026-06-18 14:12:02.636+00,corporate
7ca376db-ea8c-4647-9daf-735a0ea9bb71,a3894c1e-72c8-4389-9e78-f4033b87df8a,2027-06-12 03:00:00+00,2026-06-12 03:00:00+00,352,1195.06,,ad6441cb-f477-404c-8dc4-400fcc9e3a7e,Prevent Senior,PREVENT 1025,https://wcnxwdcoambpfwxwubka.supabase.co/storage/v1/object/public/lead-attachments/a3894c1e-72c8-4389-9e78-f4033b87df8a/1782328774245-qcxi1v-Joseane_contrato_Prevent.pdf,a3894c1e-72c8-4389-9e78-f4033b87df8a/1782328774245-qcxi1v-Joseane_contrato_Prevent.pdf,2026-06-24 19:19:39.362+00,2026-06-24 19:19:39.362+00,corporate
77f0952c-489f-4d94-b31c-9b7c38151e79,b9098f4d-a24a-4211-8278-87b9ea3876d7,2026-06-26 03:00:00+00,2026-06-25 03:00:00+00,0,1080.00,,76e33705-980f-4c41-a0b3-3c25511b66cb,Amil,bronze mais,,,2026-06-26 00:20:31.507+00,2026-06-26 00:20:31.507+00,corporate
08121e4e-2686-4c38-abd7-c4896ca4aa1e,d00300ff-b513-4214-a4dd-3a59626dfb6e,2027-06-22 03:00:00+00,2026-06-22 03:00:00+00,397,986.25,Comissão de 300% já recebida.,493aecc1-6791-4d62-bc63-f4f55c78e44e,Alice,Equilíbrio,,,2026-06-26 18:58:11.533+00,2026-06-26 18:58:11.533+00,corporate
9e67b810-259c-4724-99f7-697caaaac96f,3e5c4b51-e012-4838-baa1-f3000db3660a,2026-06-30 03:00:00+00,2026-06-30 03:00:00+00,60,2602.87,,fd63bafa-9a78-43fb-9311-f78b8cbfb667,Amil,S7501,https://wcnxwdcoambpfwxwubka.supabase.co/storage/v1/object/public/lead-attachments/3e5c4b51-e012-4838-baa1-f3000db3660a/1782769635584-edj93u-ROZE_BULHO_ES_-_Proposta_assinada.pdf,3e5c4b51-e012-4838-baa1-f3000db3660a/1782769635584-edj93u-ROZE_BULHO_ES_-_Proposta_assinada.pdf,2026-06-29 21:47:21.862+00,2026-06-29 21:47:21.862+00,corporate
08d3ddb2-412e-47a5-b78a-2437f8655a79,18303ac2-a7eb-4e2e-be8c-ef985361ea4a,2028-04-28 03:00:00+00,2026-04-30 03:00:00+00,728,624.91,,fd63bafa-9a78-43fb-9311-f78b8cbfb667,Hapvida,,,,2026-07-01 17:30:55.563+00,2026-07-01 17:30:55.563+00,individual
82559a3b-09a4-43d7-adb4-85f26521c481,693e7f6f-4483-49a4-a733-d79a326c8631,2026-04-30 03:00:00+00,2026-04-30 03:00:00+00,-1,271.66,,fd63bafa-9a78-43fb-9311-f78b8cbfb667,Hapvida,,,,2026-07-01 17:44:25.372+00,2026-07-01 17:44:25.372+00,corporate
64ac13e1-008f-4f48-a8ac-0133596d90e1,d1e0fa28-1d65-48be-810a-25d3444d7b0a,2026-06-16 03:00:00+00,2026-06-05 03:00:00+00,20,749.61,,fd63bafa-9a78-43fb-9311-f78b8cbfb667,NotreDame Intermédica (GNDI),Anderson Abraços,,,2026-07-02 00:54:51.568+00,2026-07-02 00:54:51.568+00,corporate
b2250a39-8e69-41b9-a7c2-c662ce98d6a1,0e3bd98f-f50e-434c-84e0-e5f41beaa638,2028-07-04 03:00:00+00,2026-07-05 03:00:00+00,741,950.00,,8396bd66-e3ed-4593-b985-3e380cd308eb,Porto Seguro,,,,2026-07-13 13:54:56.274+00,2026-07-13 13:54:56.274+00,individual
258e17f2-a230-4543-a30c-c65c569bb508,401c4b6b-7635-470c-a1dd-48e0c3023755,2026-10-18 03:00:00+00,2025-10-18 03:00:00+00,88,2242.36,,e50fcb28-10bf-4ad0-809a-1785d438b3c1,Porto Seguro,P470 SEM COPAR,,,2026-07-21 15:35:05.49+00,2026-07-21 15:35:05.49+00,corporate
25876c59-81fc-4271-8434-0afdcec5f4a5,ed301b84-d68b-4c41-9000-6225bfa18446,2028-05-21 03:00:00+00,2026-07-21 03:00:00+00,669,3011.50,,e50fcb28-10bf-4ad0-809a-1785d438b3c1,SulAmérica,Especial 100,,,2026-07-21 18:26:36.766+00,2026-07-21 18:26:36.766+00,corporate
eac6e125-01b3-4ebd-9b62-7284a6753da9,e5f728eb-e996-4f6e-b97f-880ea6d7382c,2027-05-10 03:00:00+00,2026-05-10 03:00:00+00,292,738.08,,e50fcb28-10bf-4ad0-809a-1785d438b3c1,Amil,Bronze SP,,,2026-07-21 18:36:08.689+00,2026-07-21 18:36:08.689+00,corporate
7e4133a3-a25e-4790-8aed-71d0f11d3f10,51d66f6a-03bf-46ad-b7e1-c6d6dbe06744,2027-07-18 03:00:00+00,2025-07-18 03:00:00+00,361,1385.00,,e50fcb28-10bf-4ad0-809a-1785d438b3c1,Porto Seguro,P320 enf,,,2026-07-21 18:47:30.496+00,2026-07-21 18:47:30.496+00,corporate
63fad96c-0448-42f8-9daa-ff18515cd2c2,f3b1ab5e-0e8d-4ca5-9b48-c79cd008956c,2027-08-10 03:00:00+00,2025-08-10 03:00:00+00,384,1943.48,,e50fcb28-10bf-4ad0-809a-1785d438b3c1,Amil,platinum r2,,,2026-07-21 18:57:11.38+00,2026-07-21 18:57:11.38+00,corporate
325a93fd-77a1-4645-9a20-3f26b36db4f6,9cb05655-ddcd-437f-8069-4318001f6208,2027-11-27 03:00:00+00,2025-09-19 03:00:00+00,493,2502.99,,e50fcb28-10bf-4ad0-809a-1785d438b3c1,Bradesco,nacional II TRQN,,,2026-07-21 19:07:15.935+00,2026-07-21 19:07:15.935+00,corporate
ecc050be-2890-4d8b-9f1a-4cea70a6fe97,a3badfc2-9952-4947-b4c9-439f93e57ff7,2027-07-25 03:00:00+00,2025-07-25 03:00:00+00,368,2692.00,,e50fcb28-10bf-4ad0-809a-1785d438b3c1,Porto Seguro,PRATA MAIS RC APTO SEM COPAR,,,2026-07-21 19:18:41.214+00,2026-07-21 19:18:41.214+00,corporate
20c1766f-efd9-474a-b57a-3c864c87ca3c,d30049b2-9fc5-40d6-a004-57e0adf8483e,2026-12-19 03:00:00+00,2025-12-19 03:00:00+00,149,1200.00,,e50fcb28-10bf-4ad0-809a-1785d438b3c1,Amil,,,,2026-07-22 13:07:37.622+00,2026-07-22 13:07:37.622+00,corporate
9e6aaae9-425d-4b7b-9472-6079dccf1d5e,1fcb30d6-98ac-477c-87e6-b6be8928acb6,2027-06-06 03:00:00+00,2026-06-06 03:00:00+00,313,1833.00,,e50fcb28-10bf-4ad0-809a-1785d438b3c1,Porto Seguro,,,,2026-07-27 13:57:47.04+00,2026-07-27 13:57:47.04+00,corporate
b17cc725-c7f1-4acf-a40b-8a56478869c9,3784a2fa-0086-4ed8-b74f-2fc0f8a3352e,2027-08-22 03:00:00+00,2025-08-22 03:00:00+00,390,1740.79,,e50fcb28-10bf-4ad0-809a-1785d438b3c1,Porto Seguro,P320 Q COPAR,,,2026-07-27 14:18:14.621+00,2026-07-27 14:18:14.621+00,corporate
b7cca640-fb3c-4fdd-bab6-3ef3ebd90c8e,52c983ac-92a1-461a-9757-b1c197585b5a,2026-11-09 03:00:00+00,2022-11-09 03:00:00+00,104,1839.00,,e50fcb28-10bf-4ad0-809a-1785d438b3c1,Hapvida,premium 900,,,2026-07-27 14:24:33.58+00,2026-07-27 14:24:33.58+00,corporate
71df628d-6108-425a-b4bd-7c0dd353fc92,0fc8a61f-d27e-4708-88b5-b11b78ae01c0,2026-09-30 03:00:00+00,2022-09-30 03:00:00+00,64,3151.34,,e50fcb28-10bf-4ad0-809a-1785d438b3c1,Hapvida,PREMIUM 900,,,2026-07-27 14:39:15.851+00,2026-07-27 14:39:15.851+00,corporate
f1f2600c-27a7-4d1b-8056-7e2b0733c872,64758c97-ed1d-403e-a247-a936fb40e6cb,2026-10-07 03:00:00+00,2025-10-07 03:00:00+00,71,2419.00,,e50fcb28-10bf-4ad0-809a-1785d438b3c1,Amil,,,,2026-07-27 15:29:06.047+00,2026-07-27 15:29:06.047+00,corporate
796eb184-49a5-45c1-b30b-f153317d3a6e,fa6f8893-d3aa-4609-a463-70e196710682,2027-04-10 03:00:00+00,2024-04-10 03:00:00+00,256,3786.52,,e50fcb28-10bf-4ad0-809a-1785d438b3c1,Bradesco,NACIONAL FLEX Q CE A fcqx,,,2026-07-27 15:38:26.302+00,2026-07-27 15:38:26.302+00,corporate
3d4e7e94-f674-4eae-9c78-855e1ba6cd54,c59a1fba-3270-470d-a2bd-d939945054ae,2026-10-17 03:00:00+00,2023-10-17 03:00:00+00,81,2002.81,,e50fcb28-10bf-4ad0-809a-1785d438b3c1,Porto Seguro,BRONZE BRASIL Q APTO,,,2026-07-27 16:57:42.016+00,2026-07-27 16:57:42.016+00,corporate
3f773f08-55b4-45b9-bf1e-a3d5658bbb1c,7c17787b-d31a-480b-bff1-40284ca982c1,2027-07-27 03:00:00+00,2024-07-22 03:00:00+00,364,829.53,,e50fcb28-10bf-4ad0-809a-1785d438b3c1,Amil,AMIL FACIL 110,,,2026-07-27 17:06:06.8+00,2026-07-27 17:06:06.8+00,corporate
486b66a8-f5dc-4168-9294-4b16d7c603f1,94b8f3e2-98e8-4589-88be-d87c83689ee7,2026-11-20 03:00:00+00,2020-11-20 03:00:00+00,115,2003.00,,e50fcb28-10bf-4ad0-809a-1785d438b3c1,SulAmérica,Exato Enfermaria,,,2026-07-27 19:09:21.714+00,2026-07-27 19:09:21.714+00,corporate
485da922-22a5-44a8-a535-c148f9d2ecd5,48372b13-10eb-412b-aebe-3ceaa8ac01d9,2027-06-10 03:00:00+00,2026-06-10 03:00:00+00,317,571.32,,e50fcb28-10bf-4ad0-809a-1785d438b3c1,Amil,BRONZE SP MAIS COPAR,,,2026-07-27 19:15:59.982+00,2026-07-27 19:15:59.982+00,corporate
e2312d27-6441-48b1-ba38-8909ad695813,35dc90cc-e218-4a2a-918c-ec9396730114,2027-04-16 03:00:00+00,2025-04-16 03:00:00+00,262,3976.28,,e50fcb28-10bf-4ad0-809a-1785d438b3c1,Amil,PLATINUM R1,,,2026-07-27 19:25:12.425+00,2026-07-27 19:25:12.425+00,corporate
ccfd7b2f-01ca-49b5-a929-d34964f31467,4210b6f1-c238-4498-8d7c-20bff95258d0,2027-04-10 03:00:00+00,2026-04-10 03:00:00+00,256,10000.00,,e50fcb28-10bf-4ad0-809a-1785d438b3c1,Bradesco,NACIONAL PLUS (THAMIRES)  NACIONAL III (ANDRE),,,2026-07-27 19:39:40.638+00,2026-07-27 19:39:40.638+00,corporate
45c4c3a4-5cd0-4b4f-867c-4c825c11f1f4,e2366911-c111-49a2-bb42-566eccc205d9,2027-07-05 03:00:00+00,2025-07-05 03:00:00+00,342,2661.09,,e50fcb28-10bf-4ad0-809a-1785d438b3c1,Amil,S750 R3 COPAR,,,2026-07-27 19:45:14.261+00,2026-07-27 19:45:14.261+00,corporate
931e79aa-d25d-4896-9f6c-5fed8ac74926,bedf0a8c-4659-4f24-97b5-a50d749e9d65,2027-04-01 03:00:00+00,2026-04-01 03:00:00+00,247,4731.95,,e50fcb28-10bf-4ad0-809a-1785d438b3c1,Porto Seguro,OURO MAX COPAR,,,2026-07-27 19:53:44.877+00,2026-07-27 19:53:44.877+00,corporate
3fd3c5c1-58c2-49fe-915d-00c43a173642,a0e41b59-ae77-499e-a281-f434f9722564,2027-08-05 03:00:00+00,2026-08-05 03:00:00+00,389,2452.00,SULAMERICA SEM PAGAR DOIS MESES (MAIO E JUNHO 26),e50fcb28-10bf-4ad0-809a-1785d438b3c1,Porto Seguro,OURO MAIS COPAR,,,2026-07-27 19:56:50.671+00,2026-07-27 19:56:50.671+00,corporate
