id,teamId,createdBy,name,description,csvStoragePath,totalContacts,isArchived,createdAt,updatedAt,isSystemDefault,isBlocklist,managedByBackofficeUserId
d9dfd041-02b2-422b-997b-b283870a5fe5,a9c81e05-8b1a-47ad-a80d-dbc45603f068,0c96a57e-6cc1-400f-bf3a-5740b699ac21,Teste,,,0,f,2026-04-16 00:47:54.853+00,2026-04-16 00:47:54.853+00,f,f,
b7d90ec9-cd35-4f40-b1b4-404ec6214db8,32ccdbe1-627f-4fe3-a506-056b997ed89b,8474aaf6-e7d1-4165-9bef-bf76bc701038,02/07,,,376,f,2026-07-01 19:10:02.292+00,2026-07-21 16:52:33.65+00,f,f,
08bd2e3a-ac78-456c-b85c-cacc382d4ada,32ccdbe1-627f-4fe3-a506-056b997ed89b,b0737bfd-7bea-493b-8cfc-14946fcea8cd,teste,,,0,t,2026-05-26 14:33:41.089+00,2026-06-02 02:42:58.722+00,f,f,
ee41120d-575c-47fb-875e-a6cad6d2dcdc,32ccdbe1-627f-4fe3-a506-056b997ed89b,b0737bfd-7bea-493b-8cfc-14946fcea8cd,Ainda não contratou,,,439,f,2026-07-15 22:02:33.875+00,2026-07-21 16:52:33.686+00,f,f,
9af04567-12a8-4f2e-bb45-e090a481c99d,a9c81e05-8b1a-47ad-a80d-dbc45603f068,0c96a57e-6cc1-400f-bf3a-5740b699ac21,Teste,,,0,f,2026-06-17 11:07:15.42+00,2026-06-17 11:07:15.42+00,f,f,
f24152aa-b2ac-4b3c-b9de-a6c506f94c18,b3db042c-4932-4f66-8aff-3136ed50db97,0c96a57e-6cc1-400f-bf3a-5740b699ac21,Todos contatos,,,0,f,2026-07-24 18:27:14.981+00,2026-07-24 18:27:14.981+00,t,f,
5f78e977-5060-4d3d-a0ae-5a827623d5e1,f12782b1-df3b-4ed4-9efb-f915874bf83c,b0737bfd-7bea-493b-8cfc-14946fcea8cd,Contratou mas não acessou,Campanha para acessar e usar a plataforma,,1,f,2026-07-10 17:28:04.855+00,2026-07-10 17:28:20.053+00,f,f,
596d4c97-bf5a-4a8d-89ca-024af700cbf2,1c2d5668-5cd9-49a7-a138-3ccd2bea5cbb,0c96a57e-6cc1-400f-bf3a-5740b699ac21,Bloqueados,,,3,f,2026-07-23 03:23:07.696+00,2026-07-24 09:34:55.219+00,f,t,
ce4b987a-7bbe-4e35-be61-68e155855172,3519d0a1-12b5-4a38-bbd5-a5b9d518cb53,0c96a57e-6cc1-400f-bf3a-5740b699ac21,Todos contatos,,,0,f,2026-06-19 12:37:23.908+00,2026-06-19 12:37:23.908+00,t,f,
ff188aec-c698-47df-87fa-05977a7e20f4,3519d0a1-12b5-4a38-bbd5-a5b9d518cb53,0c96a57e-6cc1-400f-bf3a-5740b699ac21,Engenheiros-200,,,0,f,2026-06-19 12:40:02.773+00,2026-06-19 12:40:02.773+00,f,f,
047e8042-c239-4877-b7da-908e60df48f6,862835fd-54ad-4ebd-986a-b5392f1bb227,c0daec83-b339-449f-9255-98985fbb7b60,Todos contatos,,,0,f,2026-06-19 12:40:17.278+00,2026-06-19 12:40:17.278+00,t,f,
0679cc38-a51b-41a4-9a8d-8e8edffc8d83,862835fd-54ad-4ebd-986a-b5392f1bb227,c0daec83-b339-449f-9255-98985fbb7b60,Engenheiros 200,,,0,f,2026-06-19 12:40:51.225+00,2026-06-19 12:40:51.225+00,f,f,
521624d2-e8fe-40e3-bb60-b1037133eab9,6237fa09-ec4a-46ca-a99b-4f8afb3bf259,d11dca3a-5828-47a7-a993-59fe383e36ba,Todos contatos,,,0,f,2026-06-19 12:49:46.288+00,2026-06-19 12:49:46.288+00,t,f,
18b0d0d5-d3a7-4418-84f8-3e4abf3d1ce2,a94fc469-4603-487f-ab7f-e2712197d510,3870aadb-8625-4184-ac60-c6e20be4cdc5,Todos contatos,,,0,f,2026-06-19 12:50:02.543+00,2026-06-19 12:50:02.543+00,t,f,
4e68b373-f26b-47d3-91f0-e0a60785f203,f12782b1-df3b-4ed4-9efb-f915874bf83c,b0737bfd-7bea-493b-8cfc-14946fcea8cd,Todos contatos,,,1,f,2026-07-10 17:27:15.476+00,2026-07-10 17:28:20.092+00,t,f,
3eb8abb9-baf0-45dd-b2e5-b31af82bb6ca,a9c81e05-8b1a-47ad-a80d-dbc45603f068,0c96a57e-6cc1-400f-bf3a-5740b699ac21,Advogados 004,,,1999,f,2026-07-24 15:35:44.135+00,2026-07-27 12:21:31.012+00,f,f,
737ceaa9-ff43-4c9a-bddd-f6701ddbeb69,1d042f02-7b4a-49cb-a79c-f513dc11b892,b0737bfd-7bea-493b-8cfc-14946fcea8cd,Todos contatos,,,0,f,2026-07-10 17:44:48.687+00,2026-07-10 17:44:48.687+00,t,f,
7c1f73cb-133a-495d-af1c-f4a11f2ba014,32ccdbe1-627f-4fe3-a506-056b997ed89b,b0737bfd-7bea-493b-8cfc-14946fcea8cd,Sem 1º acesso,,,27,f,2026-07-12 20:37:49.072+00,2026-07-12 20:40:33.686+00,f,f,
3bf4a4e7-bf87-44ce-b966-d8e03c90ff5c,32ccdbe1-627f-4fe3-a506-056b997ed89b,b0737bfd-7bea-493b-8cfc-14946fcea8cd,teste e-mail,,,4,f,2026-06-02 02:42:49.602+00,2026-06-24 12:44:23.994+00,f,f,
41789f8c-2e51-4541-9b6f-afbf68c995b1,a9c81e05-8b1a-47ad-a80d-dbc45603f068,0c96a57e-6cc1-400f-bf3a-5740b699ac21,Todos contatos,,,11990,f,2026-06-17 11:07:09.013+00,2026-07-27 18:30:57.266+00,t,f,
cc45cdff-fd8f-4591-a425-f02a89687111,9e39aa76-bf9c-4630-afb4-5ea10a9cb738,40e83a63-14e3-4b21-bf74-fdd96b791fc9,Todos contatos,,,0,f,2026-07-03 17:01:50.4+00,2026-07-03 17:01:50.4+00,t,f,
80e20a2c-463f-4b10-aa53-bddcfb8675d9,32ccdbe1-627f-4fe3-a506-056b997ed89b,b0737bfd-7bea-493b-8cfc-14946fcea8cd,16/07,,,16,f,2026-07-14 15:35:21.46+00,2026-07-15 15:35:50.175+00,f,f,
4e4d4c5b-5c10-4b28-8c69-edd3f76874d8,b3db042c-4932-4f66-8aff-3136ed50db97,0c96a57e-6cc1-400f-bf3a-5740b699ac21,Bloqueados,,,0,f,2026-07-24 18:27:15.039+00,2026-07-24 18:27:15.039+00,f,t,
e1c30e37-2730-4793-b73b-c7a0401c26f4,a9c81e05-8b1a-47ad-a80d-dbc45603f068,0c96a57e-6cc1-400f-bf3a-5740b699ac21,Advogados 006,,,2000,f,2026-07-24 15:36:27.967+00,2026-07-24 16:00:05.41+00,f,f,
ebe8a380-0937-4501-a02f-736d0756c1eb,a9c81e05-8b1a-47ad-a80d-dbc45603f068,0c96a57e-6cc1-400f-bf3a-5740b699ac21,Advogados 002,,,1997,f,2026-07-24 15:34:52.877+00,2026-07-27 18:30:57.452+00,f,f,
0ac203f4-5fe1-4c3b-bd3c-daabdb7b1648,b874694b-f463-4dbd-bb6f-b04f121a8802,2f940451-4cf3-44e3-9040-07942e4146c1,Todos contatos,,,0,f,2026-07-16 19:22:21.305+00,2026-07-16 19:22:21.305+00,t,f,
179a8080-d19a-4358-ae7c-0b7ddb434ab1,28f7b9e8-9516-4a08-864c-9ff3e085ba87,3dd22c56-67d0-4ce5-abfe-d8d784d2d709,Todos contatos,,,0,f,2026-07-22 15:08:47.088+00,2026-07-22 15:08:47.088+00,t,f,
ec5236c3-6985-4b62-a46c-0e2a907d4986,28f7b9e8-9516-4a08-864c-9ff3e085ba87,3dd22c56-67d0-4ce5-abfe-d8d784d2d709,Bloqueados,,,0,f,2026-07-22 15:08:47.156+00,2026-07-22 15:08:47.156+00,f,t,
c9d133a1-07e9-4838-972f-29ae9351471a,32ccdbe1-627f-4fe3-a506-056b997ed89b,8474aaf6-e7d1-4165-9bef-bf76bc701038,lista 1,,,2,f,2026-06-17 11:30:26.27+00,2026-07-04 20:51:21.364+00,f,f,
c193661c-2876-47cf-bbae-851a0e9fd99c,8f4abfd3-b0bd-4a0c-991a-d553d92f915a,b85e7fb2-5e76-433b-9bc6-8c5d1faacacc,Todos contatos,,,0,f,2026-07-06 12:31:03.956+00,2026-07-06 12:31:03.956+00,t,f,
58ebb832-73f6-411c-8563-2e0f788b37bd,32ccdbe1-627f-4fe3-a506-056b997ed89b,b0737bfd-7bea-493b-8cfc-14946fcea8cd,Corretoras Leads Bruno,,,22896,f,2026-07-17 21:04:46.38+00,2026-07-27 20:02:50.703+00,f,f,
0f06399d-9ea9-4f06-94f7-6eb3cb9b353d,32ccdbe1-627f-4fe3-a506-056b997ed89b,b0737bfd-7bea-493b-8cfc-14946fcea8cd,Trafego - Meta,,,1,f,2026-07-18 00:09:50.944+00,2026-07-21 19:22:05.467+00,f,f,
076a8d24-aaef-43a1-bf78-07397b4d6d5b,32ccdbe1-627f-4fe3-a506-056b997ed89b,b0737bfd-7bea-493b-8cfc-14946fcea8cd,Trafego - Meta - GERAL,Todos os leads a partir de 07/2026,,28,f,2026-07-18 13:38:42.993+00,2026-07-21 19:22:14.068+00,f,f,
b540040e-5b61-4377-b85f-0376e812bbc4,32ccdbe1-627f-4fe3-a506-056b997ed89b,8474aaf6-e7d1-4165-9bef-bf76bc701038,09/07,,,58,f,2026-07-02 22:04:14.504+00,2026-07-08 21:17:04.681+00,f,f,
2591c243-9493-420c-8137-9982ef920cb3,32ccdbe1-627f-4fe3-a506-056b997ed89b,8474aaf6-e7d1-4165-9bef-bf76bc701038,Todos contatos,,,23334,f,2026-06-17 11:30:12.901+00,2026-07-27 20:02:50.916+00,t,f,
345be9e0-ba1d-414a-ad06-d632861f3f9f,e5ac1df2-3c5e-478d-bc6d-441323c60f87,b0737bfd-7bea-493b-8cfc-14946fcea8cd,Todos contatos,,,0,f,2026-07-06 16:59:34.038+00,2026-07-06 16:59:34.038+00,t,f,
f1ff2555-c9bf-423a-98a5-24db5ed5a544,32ccdbe1-627f-4fe3-a506-056b997ed89b,b0737bfd-7bea-493b-8cfc-14946fcea8cd,SUB CONTATOS - BRUNO,E-MAILS SECUNDARIOS E TERCIARIOS DA LISTA DO BRUNO,,189,f,2026-07-21 18:10:14.025+00,2026-07-21 22:57:11.701427+00,f,f,
44a76a5d-7539-4a68-bcb5-15264e3853b9,f12782b1-df3b-4ed4-9efb-f915874bf83c,b0737bfd-7bea-493b-8cfc-14946fcea8cd,Bloqueados,,,0,f,2026-07-21 13:56:14.434+00,2026-07-21 13:56:14.434+00,f,t,
756a782b-a24d-4c1e-8cca-24685ee6f4a8,a9c81e05-8b1a-47ad-a80d-dbc45603f068,0c96a57e-6cc1-400f-bf3a-5740b699ac21,Advogados 001,,,1994,f,2026-07-24 15:34:26.314+00,2026-07-27 12:08:21.286+00,f,f,
7d52843a-0c19-4045-b820-4b0fd05a8cc5,32ccdbe1-627f-4fe3-a506-056b997ed89b,b0737bfd-7bea-493b-8cfc-14946fcea8cd,Bloqueados,,,17,f,2026-07-18 13:35:40.419+00,2026-07-27 20:02:50.97+00,f,t,
085f8255-5c93-4ed9-9dc8-297cdac73bd6,7b577c22-5513-42cc-ab19-2bf867e14ebc,0c96a57e-6cc1-400f-bf3a-5740b699ac21,SHIFTDATA | BRADESCO,,,3647,f,2026-07-17 12:17:51.479+00,2026-07-24 16:22:58.4+00,f,f,
294fcc52-0343-41f7-bc8a-b7f5ab228cfa,1c2d5668-5cd9-49a7-a138-3ccd2bea5cbb,0c96a57e-6cc1-400f-bf3a-5740b699ac21,Todos contatos,,,1141,f,2026-07-23 03:23:07.649+00,2026-07-24 09:34:55.096+00,t,f,
8bbdbf06-99a7-4cf5-b117-9495362093a0,862835fd-54ad-4ebd-986a-b5392f1bb227,c0daec83-b339-449f-9255-98985fbb7b60,Bloqueados,,,0,f,2026-07-19 14:06:29.178+00,2026-07-19 14:06:29.178+00,f,t,
8fba3ea1-9bab-4cb2-a561-b0b7a4b5ec4b,7b577c22-5513-42cc-ab19-2bf867e14ebc,0c96a57e-6cc1-400f-bf3a-5740b699ac21,Todos contatos,,,3647,f,2026-07-08 15:34:20.786+00,2026-07-24 16:22:58.438+00,t,f,
cc3410c5-7a6f-4b69-b93b-b2278e56b413,7b577c22-5513-42cc-ab19-2bf867e14ebc,0c96a57e-6cc1-400f-bf3a-5740b699ac21,Bloqueados,,,4,f,2026-07-20 12:58:10.59+00,2026-07-24 16:22:58.493+00,f,t,
908c2dc3-0b2f-437c-84f9-6995824f27db,32ccdbe1-627f-4fe3-a506-056b997ed89b,b0737bfd-7bea-493b-8cfc-14946fcea8cd,NOVA CAMPANHA,,,0,f,2026-07-17 15:07:57.538+00,2026-07-21 18:25:39.449+00,f,f,
f8697d1a-d52a-4ffc-b196-0b2400867dce,32ccdbe1-627f-4fe3-a506-056b997ed89b,8474aaf6-e7d1-4165-9bef-bf76bc701038,teste de erro,,,0,f,2026-07-21 23:42:33.782+00,2026-07-21 23:42:33.782+00,f,f,
6d629f57-f6eb-4516-8cfb-8e39ce0d0743,1c2d5668-5cd9-49a7-a138-3ccd2bea5cbb,0c96a57e-6cc1-400f-bf3a-5740b699ac21,Clickup,,,1140,f,2026-07-23 03:25:11.298+00,2026-07-24 13:16:47.936+00,f,f,
644ae059-8672-464b-946a-1c856fa919e5,a9c81e05-8b1a-47ad-a80d-dbc45603f068,0c96a57e-6cc1-400f-bf3a-5740b699ac21,Advogados 005,,,2000,f,2026-07-24 15:36:05.262+00,2026-07-24 15:55:03.368+00,f,f,
b4e632e3-bd44-43f8-81d0-4dc4c0f41fea,ebe67fdd-2e23-43c0-8e9b-8abec2682d09,8794ad67-aa37-4f98-b1d3-bfd19ceaebf5,Todos contatos,,,0,f,2026-07-24 19:40:48.588+00,2026-07-24 19:40:48.588+00,t,f,
a1ff1830-f053-4cd2-a63e-7273910ce338,ebe67fdd-2e23-43c0-8e9b-8abec2682d09,8794ad67-aa37-4f98-b1d3-bfd19ceaebf5,Bloqueados,,,0,f,2026-07-24 19:40:48.703+00,2026-07-24 19:40:48.703+00,f,t,
596e3ff2-0d99-4ed7-9ae3-40c0109ea9f2,a9c81e05-8b1a-47ad-a80d-dbc45603f068,0c96a57e-6cc1-400f-bf3a-5740b699ac21,Advogados 003,,,1996,f,2026-07-24 15:35:19.706+00,2026-07-27 13:39:37.594+00,f,f,
634f3474-5783-4af2-96b8-31a88ebc8aae,a9c81e05-8b1a-47ad-a80d-dbc45603f068,0c96a57e-6cc1-400f-bf3a-5740b699ac21,Bloqueados,,,11,f,2026-07-22 16:55:23.597+00,2026-07-27 18:30:57.497+00,f,t,
