id,leadId,fromTeamId,toTeamId,transferredByProfileId,receivedByProfileId,fromManagerId,toManagerId,transferTagUsed,preScheduledAt,scheduledAtTransfer,createdAt
a3bfc1dc-9e59-4e50-a81c-11328060d547,7c5c885a-b85d-4972-bf0a-d677fa9125e9,32ccdbe1-627f-4fe3-a506-056b997ed89b,90bb1d12-5855-4f3e-aecb-e92f597e650c,8474aaf6-e7d1-4165-9bef-bf76bc701038,8474aaf6-e7d1-4165-9bef-bf76bc701038,8474aaf6-e7d1-4165-9bef-bf76bc701038,8474aaf6-e7d1-4165-9bef-bf76bc701038,t,2026-06-17 15:00:00+00,t,2026-06-17 13:46:22.437+00
1bc9aa81-5098-4105-8808-458cc66bbb56,05bf1dc1-a36c-423d-992d-c950348668d8,7b577c22-5513-42cc-ab19-2bf867e14ebc,3258f102-8146-4986-964f-8c8f53441300,62a2569e-4be2-4326-bddd-3c6116ed18b0,678c949f-b372-4aba-9d9b-26d422134531,0c96a57e-6cc1-400f-bf3a-5740b699ac21,0c96a57e-6cc1-400f-bf3a-5740b699ac21,t,,t,2026-06-17 15:12:33.83+00
2bc529f2-96df-47e0-b48a-5deaea2813ed,b3d5133e-4fd0-4746-a4ed-90c5aad4897a,7b577c22-5513-42cc-ab19-2bf867e14ebc,bdef184d-6217-4cdf-a59f-dc37008d13fd,62a2569e-4be2-4326-bddd-3c6116ed18b0,72aeb445-484f-4979-8c2a-d34ec40b22b0,0c96a57e-6cc1-400f-bf3a-5740b699ac21,0c96a57e-6cc1-400f-bf3a-5740b699ac21,t,,t,2026-06-17 15:23:26.637+00
b9f00f11-bc15-4bfa-8924-3b2b203ce54b,16a48a3f-35ec-486a-8934-73c125394ae3,7b577c22-5513-42cc-ab19-2bf867e14ebc,13bbd043-efcc-4c8a-9edd-f34941547546,62a2569e-4be2-4326-bddd-3c6116ed18b0,2528e875-ab7b-4905-a98b-998a318b883e,0c96a57e-6cc1-400f-bf3a-5740b699ac21,0c96a57e-6cc1-400f-bf3a-5740b699ac21,t,,t,2026-06-17 15:40:56.92+00
99147a7f-41ad-4491-8812-31d29601ec75,6f77e24e-19b5-40c3-92b1-0bf872c67b2e,7b577c22-5513-42cc-ab19-2bf867e14ebc,a9c81e05-8b1a-47ad-a80d-dbc45603f068,62a2569e-4be2-4326-bddd-3c6116ed18b0,493aecc1-6791-4d62-bc63-f4f55c78e44e,0c96a57e-6cc1-400f-bf3a-5740b699ac21,0c96a57e-6cc1-400f-bf3a-5740b699ac21,t,,t,2026-06-17 15:44:15.596+00
0a7eb055-7538-4cfb-9206-16a2fb5b5bf6,2c8e9668-ce8c-4ffb-aed6-659b0b01997a,7b577c22-5513-42cc-ab19-2bf867e14ebc,a9c81e05-8b1a-47ad-a80d-dbc45603f068,62a2569e-4be2-4326-bddd-3c6116ed18b0,493aecc1-6791-4d62-bc63-f4f55c78e44e,0c96a57e-6cc1-400f-bf3a-5740b699ac21,0c96a57e-6cc1-400f-bf3a-5740b699ac21,t,,t,2026-06-18 17:47:40.062+00
6fbc2e5e-fdbc-4d6d-856b-cbca4bb43973,9367821b-7913-45e8-90b7-70969bfe5e65,32ccdbe1-627f-4fe3-a506-056b997ed89b,90bb1d12-5855-4f3e-aecb-e92f597e650c,8474aaf6-e7d1-4165-9bef-bf76bc701038,b0737bfd-7bea-493b-8cfc-14946fcea8cd,8474aaf6-e7d1-4165-9bef-bf76bc701038,8474aaf6-e7d1-4165-9bef-bf76bc701038,t,2026-06-19 13:00:00+00,t,2026-06-19 02:02:04.053+00
32864b16-6930-442d-b394-999ae1aeb280,c5192c3a-6fa6-469c-a50b-4e526f210edb,7b577c22-5513-42cc-ab19-2bf867e14ebc,a9c81e05-8b1a-47ad-a80d-dbc45603f068,62a2569e-4be2-4326-bddd-3c6116ed18b0,493aecc1-6791-4d62-bc63-f4f55c78e44e,0c96a57e-6cc1-400f-bf3a-5740b699ac21,0c96a57e-6cc1-400f-bf3a-5740b699ac21,t,,t,2026-06-19 18:01:08.386+00
b13b0545-f942-4c6d-9d1c-a54a504269b7,96a55096-3cbf-4efd-bb37-c6f5a834267a,7b577c22-5513-42cc-ab19-2bf867e14ebc,3258f102-8146-4986-964f-8c8f53441300,62a2569e-4be2-4326-bddd-3c6116ed18b0,678c949f-b372-4aba-9d9b-26d422134531,0c96a57e-6cc1-400f-bf3a-5740b699ac21,0c96a57e-6cc1-400f-bf3a-5740b699ac21,t,,t,2026-06-19 18:10:55.134+00
188ba20c-bd98-4ec5-b61d-fc0be73389c0,aef0c2bf-6000-436b-8f2d-d8661aa5489b,7b577c22-5513-42cc-ab19-2bf867e14ebc,bdef184d-6217-4cdf-a59f-dc37008d13fd,62a2569e-4be2-4326-bddd-3c6116ed18b0,72aeb445-484f-4979-8c2a-d34ec40b22b0,0c96a57e-6cc1-400f-bf3a-5740b699ac21,0c96a57e-6cc1-400f-bf3a-5740b699ac21,t,,t,2026-06-19 18:25:08.582+00
3cee98db-86f8-423d-a0dd-f8945b09c7c6,89d19d24-6b9d-4860-b6e0-a75ea84ab73a,7b577c22-5513-42cc-ab19-2bf867e14ebc,13bbd043-efcc-4c8a-9edd-f34941547546,62a2569e-4be2-4326-bddd-3c6116ed18b0,2528e875-ab7b-4905-a98b-998a318b883e,0c96a57e-6cc1-400f-bf3a-5740b699ac21,0c96a57e-6cc1-400f-bf3a-5740b699ac21,t,,t,2026-06-19 18:29:52.353+00
d8cf1049-420b-4424-983e-270c2a58b862,4a68ee03-b6ea-4198-a617-133fe715aa37,7b577c22-5513-42cc-ab19-2bf867e14ebc,a9c81e05-8b1a-47ad-a80d-dbc45603f068,62a2569e-4be2-4326-bddd-3c6116ed18b0,493aecc1-6791-4d62-bc63-f4f55c78e44e,0c96a57e-6cc1-400f-bf3a-5740b699ac21,0c96a57e-6cc1-400f-bf3a-5740b699ac21,t,,t,2026-06-22 13:51:11.173+00
2b015912-9729-44b5-a894-8db402f7ba4d,88056430-0e80-4c9e-8dd0-209308d5b6d3,7b577c22-5513-42cc-ab19-2bf867e14ebc,3258f102-8146-4986-964f-8c8f53441300,62a2569e-4be2-4326-bddd-3c6116ed18b0,678c949f-b372-4aba-9d9b-26d422134531,0c96a57e-6cc1-400f-bf3a-5740b699ac21,0c96a57e-6cc1-400f-bf3a-5740b699ac21,t,2026-06-24 19:00:00+00,t,2026-06-22 18:04:21.394+00
da440eac-48da-4f42-b527-f5e83cb0216f,62e81672-fdc8-47d5-9432-f7d612744dfe,7b577c22-5513-42cc-ab19-2bf867e14ebc,760fc14a-229e-4212-9aa9-f90de968af69,62a2569e-4be2-4326-bddd-3c6116ed18b0,1ed74e00-4a16-47cb-84fc-8021943b5fa3,0c96a57e-6cc1-400f-bf3a-5740b699ac21,0c96a57e-6cc1-400f-bf3a-5740b699ac21,t,2026-06-23 20:00:00+00,t,2026-06-23 13:13:48.877+00
7f12d979-e0e6-4b74-8757-fdbbf1517514,dbb54880-6bad-4a1d-915f-84bc1121b480,7b577c22-5513-42cc-ab19-2bf867e14ebc,3258f102-8146-4986-964f-8c8f53441300,62a2569e-4be2-4326-bddd-3c6116ed18b0,678c949f-b372-4aba-9d9b-26d422134531,0c96a57e-6cc1-400f-bf3a-5740b699ac21,0c96a57e-6cc1-400f-bf3a-5740b699ac21,t,2026-06-23 18:00:00+00,t,2026-06-23 13:16:05.807+00
067e88fc-747f-4daa-a101-388271f392f1,2e9d611b-a497-4462-995e-3ed93c051cdf,7b577c22-5513-42cc-ab19-2bf867e14ebc,27edf455-e61a-48a9-a846-e2c6f42999b5,62a2569e-4be2-4326-bddd-3c6116ed18b0,2a72272f-56f2-4104-9952-5d3d8b19ff1d,0c96a57e-6cc1-400f-bf3a-5740b699ac21,0c96a57e-6cc1-400f-bf3a-5740b699ac21,t,2026-06-26 21:00:00+00,t,2026-06-23 16:39:43.763+00
b7d5989b-c343-46cc-b01e-18aaaab0c5e6,b0217d01-80f0-4b55-8ea4-a6638c6a49ac,7b577c22-5513-42cc-ab19-2bf867e14ebc,a9c81e05-8b1a-47ad-a80d-dbc45603f068,62a2569e-4be2-4326-bddd-3c6116ed18b0,493aecc1-6791-4d62-bc63-f4f55c78e44e,0c96a57e-6cc1-400f-bf3a-5740b699ac21,0c96a57e-6cc1-400f-bf3a-5740b699ac21,t,2026-06-23 17:30:00+00,t,2026-06-23 16:42:26.959+00
64901178-c0ef-4ec3-a91b-752efbfbdf77,bf6bce71-caf7-4e6b-b056-8fbb91ea83b0,7b577c22-5513-42cc-ab19-2bf867e14ebc,bdef184d-6217-4cdf-a59f-dc37008d13fd,d97f16a7-e2f6-4194-9425-f82d793e73ce,72aeb445-484f-4979-8c2a-d34ec40b22b0,0c96a57e-6cc1-400f-bf3a-5740b699ac21,0c96a57e-6cc1-400f-bf3a-5740b699ac21,t,2026-06-25 18:00:00+00,t,2026-06-24 13:32:18.873+00
b4d5e4b5-9c26-4c52-9e36-b29a81cb823f,6183f578-8db1-45c6-9788-7c52354fa38b,7b577c22-5513-42cc-ab19-2bf867e14ebc,a9c81e05-8b1a-47ad-a80d-dbc45603f068,d97f16a7-e2f6-4194-9425-f82d793e73ce,493aecc1-6791-4d62-bc63-f4f55c78e44e,0c96a57e-6cc1-400f-bf3a-5740b699ac21,0c96a57e-6cc1-400f-bf3a-5740b699ac21,t,2026-06-25 17:00:00+00,t,2026-06-24 17:37:05.132+00
3f9b937d-4f7c-4b55-9e84-212356c08253,f9077e85-5163-4d29-8f17-1b3f610e719b,7b577c22-5513-42cc-ab19-2bf867e14ebc,13bbd043-efcc-4c8a-9edd-f34941547546,d97f16a7-e2f6-4194-9425-f82d793e73ce,2528e875-ab7b-4905-a98b-998a318b883e,0c96a57e-6cc1-400f-bf3a-5740b699ac21,0c96a57e-6cc1-400f-bf3a-5740b699ac21,t,2026-06-25 20:00:00+00,t,2026-06-24 18:08:51.485+00
ad7c1d83-578c-408d-b284-b814053ea494,d81796f4-4511-4885-8272-c284d4335ff1,7b577c22-5513-42cc-ab19-2bf867e14ebc,27edf455-e61a-48a9-a846-e2c6f42999b5,d97f16a7-e2f6-4194-9425-f82d793e73ce,2a72272f-56f2-4104-9952-5d3d8b19ff1d,0c96a57e-6cc1-400f-bf3a-5740b699ac21,0c96a57e-6cc1-400f-bf3a-5740b699ac21,t,2026-06-25 15:30:00+00,t,2026-06-24 19:43:43.14+00
16347b64-75a9-4f7c-b5b2-e722dca1e087,f76118ca-74b5-4cc1-bf92-6a37fb7094c4,7b577c22-5513-42cc-ab19-2bf867e14ebc,3258f102-8146-4986-964f-8c8f53441300,d97f16a7-e2f6-4194-9425-f82d793e73ce,678c949f-b372-4aba-9d9b-26d422134531,0c96a57e-6cc1-400f-bf3a-5740b699ac21,0c96a57e-6cc1-400f-bf3a-5740b699ac21,t,2026-06-26 12:30:00+00,t,2026-06-25 19:28:44.135+00
6a206e31-5bf8-4fc8-bff2-62577276e501,4e6a1ed2-70ee-40f0-9307-f2394d72f899,7b577c22-5513-42cc-ab19-2bf867e14ebc,27edf455-e61a-48a9-a846-e2c6f42999b5,d97f16a7-e2f6-4194-9425-f82d793e73ce,2a72272f-56f2-4104-9952-5d3d8b19ff1d,0c96a57e-6cc1-400f-bf3a-5740b699ac21,0c96a57e-6cc1-400f-bf3a-5740b699ac21,t,2026-06-26 13:00:00+00,t,2026-06-25 20:52:51.716+00
76b87b90-0788-42de-9cb6-2033e62b917b,472ad7bd-cb79-4eaa-85fd-7faa7de1bf22,7b577c22-5513-42cc-ab19-2bf867e14ebc,27edf455-e61a-48a9-a846-e2c6f42999b5,d97f16a7-e2f6-4194-9425-f82d793e73ce,2a72272f-56f2-4104-9952-5d3d8b19ff1d,0c96a57e-6cc1-400f-bf3a-5740b699ac21,0c96a57e-6cc1-400f-bf3a-5740b699ac21,t,2026-06-29 13:00:00+00,t,2026-06-26 16:10:54.505+00
9201b3ec-16a9-4b9c-b1cb-5877b343d822,cd8a5447-6529-45ad-901f-43bf4ab1e454,7b577c22-5513-42cc-ab19-2bf867e14ebc,27edf455-e61a-48a9-a846-e2c6f42999b5,d97f16a7-e2f6-4194-9425-f82d793e73ce,2a72272f-56f2-4104-9952-5d3d8b19ff1d,0c96a57e-6cc1-400f-bf3a-5740b699ac21,0c96a57e-6cc1-400f-bf3a-5740b699ac21,t,2026-06-29 20:00:00+00,t,2026-06-26 21:26:19.747+00
bff76591-0db1-472a-9790-58dd71813b8f,e74c223f-bb5b-458b-969a-a42ea48e961c,7b577c22-5513-42cc-ab19-2bf867e14ebc,a9c81e05-8b1a-47ad-a80d-dbc45603f068,d97f16a7-e2f6-4194-9425-f82d793e73ce,0c96a57e-6cc1-400f-bf3a-5740b699ac21,0c96a57e-6cc1-400f-bf3a-5740b699ac21,0c96a57e-6cc1-400f-bf3a-5740b699ac21,t,2026-07-01 13:30:00+00,t,2026-06-30 18:59:58.349+00
98626be8-1da5-427c-bdba-f1adeee14085,93614566-b66b-4b5f-8a77-5dd7271b5d66,7b577c22-5513-42cc-ab19-2bf867e14ebc,13bbd043-efcc-4c8a-9edd-f34941547546,d97f16a7-e2f6-4194-9425-f82d793e73ce,2528e875-ab7b-4905-a98b-998a318b883e,0c96a57e-6cc1-400f-bf3a-5740b699ac21,0c96a57e-6cc1-400f-bf3a-5740b699ac21,t,2026-07-02 20:30:00+00,t,2026-07-01 13:22:02.328+00
6aea4d86-d7ae-4faf-8793-7c90741783ec,e02bd93a-c3a3-49bd-8327-c49c0b6874d2,7b577c22-5513-42cc-ab19-2bf867e14ebc,13bbd043-efcc-4c8a-9edd-f34941547546,d97f16a7-e2f6-4194-9425-f82d793e73ce,2528e875-ab7b-4905-a98b-998a318b883e,0c96a57e-6cc1-400f-bf3a-5740b699ac21,0c96a57e-6cc1-400f-bf3a-5740b699ac21,t,2026-07-01 18:00:00+00,t,2026-07-01 14:12:15.018+00
7e46e17d-0e33-46a7-9287-65c9865d8608,89b5bf59-e262-405c-99d7-46ddd6599d90,7b577c22-5513-42cc-ab19-2bf867e14ebc,3258f102-8146-4986-964f-8c8f53441300,d97f16a7-e2f6-4194-9425-f82d793e73ce,678c949f-b372-4aba-9d9b-26d422134531,0c96a57e-6cc1-400f-bf3a-5740b699ac21,0c96a57e-6cc1-400f-bf3a-5740b699ac21,t,2026-07-02 13:00:00+00,t,2026-07-01 14:22:45.638+00
75fda98e-4fc6-43a6-94ef-306d1630472a,1244089b-769d-4b85-bd5e-98ab287af2b0,7b577c22-5513-42cc-ab19-2bf867e14ebc,13bbd043-efcc-4c8a-9edd-f34941547546,d97f16a7-e2f6-4194-9425-f82d793e73ce,2528e875-ab7b-4905-a98b-998a318b883e,0c96a57e-6cc1-400f-bf3a-5740b699ac21,0c96a57e-6cc1-400f-bf3a-5740b699ac21,t,2026-07-02 18:00:00+00,t,2026-07-01 20:38:09.037+00
64c5aec0-fbe5-4fc7-a247-93cdf8d5368c,c2ef8df5-02ef-4a86-ad1a-70b736bc5f75,7b577c22-5513-42cc-ab19-2bf867e14ebc,27edf455-e61a-48a9-a846-e2c6f42999b5,d97f16a7-e2f6-4194-9425-f82d793e73ce,2a72272f-56f2-4104-9952-5d3d8b19ff1d,0c96a57e-6cc1-400f-bf3a-5740b699ac21,0c96a57e-6cc1-400f-bf3a-5740b699ac21,t,2026-07-02 13:00:00+00,t,2026-07-02 11:34:04.37+00
d8c06f1e-06d1-4681-ae38-8f43e4e1a7bb,7e7cd822-47be-4da4-b725-6eed6467ebc8,7b577c22-5513-42cc-ab19-2bf867e14ebc,27edf455-e61a-48a9-a846-e2c6f42999b5,d97f16a7-e2f6-4194-9425-f82d793e73ce,2a72272f-56f2-4104-9952-5d3d8b19ff1d,0c96a57e-6cc1-400f-bf3a-5740b699ac21,0c96a57e-6cc1-400f-bf3a-5740b699ac21,t,2026-07-02 18:00:00+00,t,2026-07-02 17:08:08.115+00
073256a9-a738-4fcf-a874-f9c7cd0642a6,6cf1f596-0dd9-42df-8b34-16bdd7b514f8,7b577c22-5513-42cc-ab19-2bf867e14ebc,760fc14a-229e-4212-9aa9-f90de968af69,d97f16a7-e2f6-4194-9425-f82d793e73ce,1ed74e00-4a16-47cb-84fc-8021943b5fa3,0c96a57e-6cc1-400f-bf3a-5740b699ac21,0c96a57e-6cc1-400f-bf3a-5740b699ac21,t,2026-07-03 19:00:00+00,t,2026-07-02 19:57:21.269+00
6ca17bec-60da-4d59-8ed5-0081fd8c325c,e3b73a64-bb80-4889-9696-4344f55de155,7b577c22-5513-42cc-ab19-2bf867e14ebc,13bbd043-efcc-4c8a-9edd-f34941547546,d97f16a7-e2f6-4194-9425-f82d793e73ce,2528e875-ab7b-4905-a98b-998a318b883e,0c96a57e-6cc1-400f-bf3a-5740b699ac21,0c96a57e-6cc1-400f-bf3a-5740b699ac21,t,2026-07-06 19:00:00+00,t,2026-07-02 19:58:28.467+00
f0e83738-8405-41b1-ad64-c1c44b362d4e,ecc4d2ac-e527-4459-91b7-47043648af00,7b577c22-5513-42cc-ab19-2bf867e14ebc,a9c81e05-8b1a-47ad-a80d-dbc45603f068,d97f16a7-e2f6-4194-9425-f82d793e73ce,236ad193-19a5-4425-a354-f763852904d8,0c96a57e-6cc1-400f-bf3a-5740b699ac21,0c96a57e-6cc1-400f-bf3a-5740b699ac21,t,2026-07-08 14:00:00+00,t,2026-07-07 17:01:55.581+00
dda14c52-ca65-48f6-be24-07b27b051571,57b47077-b972-4e90-99c5-bdae0031068c,7b577c22-5513-42cc-ab19-2bf867e14ebc,3258f102-8146-4986-964f-8c8f53441300,d97f16a7-e2f6-4194-9425-f82d793e73ce,678c949f-b372-4aba-9d9b-26d422134531,0c96a57e-6cc1-400f-bf3a-5740b699ac21,0c96a57e-6cc1-400f-bf3a-5740b699ac21,t,2026-07-08 14:00:00+00,t,2026-07-07 17:04:21.052+00
d9735753-e3e0-4adc-a5fb-989ae40f83fb,c53bc4f1-2f06-442b-ba4a-e4e30ada1af3,7b577c22-5513-42cc-ab19-2bf867e14ebc,a9c81e05-8b1a-47ad-a80d-dbc45603f068,d97f16a7-e2f6-4194-9425-f82d793e73ce,236ad193-19a5-4425-a354-f763852904d8,0c96a57e-6cc1-400f-bf3a-5740b699ac21,0c96a57e-6cc1-400f-bf3a-5740b699ac21,t,2026-07-08 16:00:00+00,t,2026-07-07 17:38:12.66+00
ddb38210-aa3c-427e-9a0d-e77b2712f943,526829bf-2574-4ceb-9ddc-2910f9e58aeb,7b577c22-5513-42cc-ab19-2bf867e14ebc,27edf455-e61a-48a9-a846-e2c6f42999b5,d97f16a7-e2f6-4194-9425-f82d793e73ce,2a72272f-56f2-4104-9952-5d3d8b19ff1d,0c96a57e-6cc1-400f-bf3a-5740b699ac21,0c96a57e-6cc1-400f-bf3a-5740b699ac21,t,2026-07-08 19:00:00+00,t,2026-07-07 18:39:14.047+00
592bd853-06e0-4928-a4a6-701a3b649289,3fac2013-2246-4f95-8a9c-0f00057bee8b,7b577c22-5513-42cc-ab19-2bf867e14ebc,a9c81e05-8b1a-47ad-a80d-dbc45603f068,d97f16a7-e2f6-4194-9425-f82d793e73ce,236ad193-19a5-4425-a354-f763852904d8,0c96a57e-6cc1-400f-bf3a-5740b699ac21,0c96a57e-6cc1-400f-bf3a-5740b699ac21,t,2026-07-10 18:30:00+00,t,2026-07-07 19:03:47.812+00
f8d32212-fcf6-464e-b29f-efa6d7be183e,466a8c46-8724-4fcb-ab92-18d090aa4e6b,7b577c22-5513-42cc-ab19-2bf867e14ebc,13bbd043-efcc-4c8a-9edd-f34941547546,d97f16a7-e2f6-4194-9425-f82d793e73ce,2528e875-ab7b-4905-a98b-998a318b883e,0c96a57e-6cc1-400f-bf3a-5740b699ac21,0c96a57e-6cc1-400f-bf3a-5740b699ac21,t,2026-07-08 13:30:00+00,t,2026-07-07 19:34:15.897+00
e9ce246e-a901-487e-8334-16ca8494655d,e2f92e1e-fae4-4593-8990-57e98090839a,7b577c22-5513-42cc-ab19-2bf867e14ebc,27edf455-e61a-48a9-a846-e2c6f42999b5,d97f16a7-e2f6-4194-9425-f82d793e73ce,2a72272f-56f2-4104-9952-5d3d8b19ff1d,0c96a57e-6cc1-400f-bf3a-5740b699ac21,0c96a57e-6cc1-400f-bf3a-5740b699ac21,t,2026-07-08 19:30:00+00,t,2026-07-08 17:19:01.183+00
772c0c46-4a4c-488b-943c-fdb60c8d05e7,5c96a208-20f8-45ae-adeb-d883c184d76d,7b577c22-5513-42cc-ab19-2bf867e14ebc,a9c81e05-8b1a-47ad-a80d-dbc45603f068,d97f16a7-e2f6-4194-9425-f82d793e73ce,236ad193-19a5-4425-a354-f763852904d8,0c96a57e-6cc1-400f-bf3a-5740b699ac21,0c96a57e-6cc1-400f-bf3a-5740b699ac21,t,2026-07-08 18:00:00+00,t,2026-07-08 17:21:19.013+00
b724b8c9-491c-4071-9662-e63481dafee9,b7374a80-82a9-4068-9ea8-4b60d18fdb24,7b577c22-5513-42cc-ab19-2bf867e14ebc,27edf455-e61a-48a9-a846-e2c6f42999b5,d97f16a7-e2f6-4194-9425-f82d793e73ce,2a72272f-56f2-4104-9952-5d3d8b19ff1d,0c96a57e-6cc1-400f-bf3a-5740b699ac21,0c96a57e-6cc1-400f-bf3a-5740b699ac21,t,2026-07-10 13:30:00+00,t,2026-07-09 22:25:37.406+00
898637b1-ca87-4410-854d-5fcbeab22b13,d663f53a-7019-4715-aaff-03536cd22e81,7b577c22-5513-42cc-ab19-2bf867e14ebc,a9c81e05-8b1a-47ad-a80d-dbc45603f068,d97f16a7-e2f6-4194-9425-f82d793e73ce,236ad193-19a5-4425-a354-f763852904d8,0c96a57e-6cc1-400f-bf3a-5740b699ac21,0c96a57e-6cc1-400f-bf3a-5740b699ac21,t,2026-07-10 14:00:00+00,t,2026-07-09 22:26:36.887+00
f4653fbb-4b30-4cda-9737-9cfd4911ba79,92a41fd3-3385-4f85-ab62-3dadad2be8b3,7b577c22-5513-42cc-ab19-2bf867e14ebc,a9c81e05-8b1a-47ad-a80d-dbc45603f068,d97f16a7-e2f6-4194-9425-f82d793e73ce,236ad193-19a5-4425-a354-f763852904d8,0c96a57e-6cc1-400f-bf3a-5740b699ac21,0c96a57e-6cc1-400f-bf3a-5740b699ac21,t,2026-07-10 16:30:00+00,t,2026-07-09 22:28:41.352+00
1090d264-6ec4-4e3f-88ad-5b7491d49626,0ed06e81-9d6b-4972-8222-a586a7a271d4,7b577c22-5513-42cc-ab19-2bf867e14ebc,13bbd043-efcc-4c8a-9edd-f34941547546,d97f16a7-e2f6-4194-9425-f82d793e73ce,2528e875-ab7b-4905-a98b-998a318b883e,0c96a57e-6cc1-400f-bf3a-5740b699ac21,0c96a57e-6cc1-400f-bf3a-5740b699ac21,t,2026-07-10 18:30:00+00,t,2026-07-09 22:29:22.703+00
1cd57c41-332c-4e5d-83a1-3d62b51bcf53,74cc04d2-2099-467a-a27f-44b24e08a1df,7b577c22-5513-42cc-ab19-2bf867e14ebc,13bbd043-efcc-4c8a-9edd-f34941547546,d97f16a7-e2f6-4194-9425-f82d793e73ce,2528e875-ab7b-4905-a98b-998a318b883e,0c96a57e-6cc1-400f-bf3a-5740b699ac21,0c96a57e-6cc1-400f-bf3a-5740b699ac21,t,2026-07-14 19:00:00+00,t,2026-07-10 14:19:30.639+00
0421f347-4d3a-4158-b5d2-937ee78f6656,11f82220-b2b9-4fa8-b149-589e5bcb341c,7b577c22-5513-42cc-ab19-2bf867e14ebc,a9c81e05-8b1a-47ad-a80d-dbc45603f068,d97f16a7-e2f6-4194-9425-f82d793e73ce,236ad193-19a5-4425-a354-f763852904d8,0c96a57e-6cc1-400f-bf3a-5740b699ac21,0c96a57e-6cc1-400f-bf3a-5740b699ac21,t,2026-07-13 13:30:00+00,t,2026-07-10 14:29:39.174+00
669d95e4-f17b-4c2e-8172-180652131bd4,2657f69f-15e1-4403-bd43-8a0c9f111ece,7b577c22-5513-42cc-ab19-2bf867e14ebc,13bbd043-efcc-4c8a-9edd-f34941547546,d97f16a7-e2f6-4194-9425-f82d793e73ce,2528e875-ab7b-4905-a98b-998a318b883e,0c96a57e-6cc1-400f-bf3a-5740b699ac21,0c96a57e-6cc1-400f-bf3a-5740b699ac21,t,2026-07-13 13:30:00+00,t,2026-07-10 14:48:01.493+00
5e1ce56f-5189-4137-8e77-2f2ef628c5c9,2abd4a9d-ec29-4ee5-91a4-9f71aabc93b3,7b577c22-5513-42cc-ab19-2bf867e14ebc,a9c81e05-8b1a-47ad-a80d-dbc45603f068,d97f16a7-e2f6-4194-9425-f82d793e73ce,236ad193-19a5-4425-a354-f763852904d8,0c96a57e-6cc1-400f-bf3a-5740b699ac21,0c96a57e-6cc1-400f-bf3a-5740b699ac21,t,2026-07-13 16:30:00+00,t,2026-07-10 19:43:59.047+00
a1a975f9-0462-40bf-a821-e2b699512a62,06660424-e54b-403a-b11a-738169ec7563,7b577c22-5513-42cc-ab19-2bf867e14ebc,a9c81e05-8b1a-47ad-a80d-dbc45603f068,d97f16a7-e2f6-4194-9425-f82d793e73ce,236ad193-19a5-4425-a354-f763852904d8,0c96a57e-6cc1-400f-bf3a-5740b699ac21,0c96a57e-6cc1-400f-bf3a-5740b699ac21,t,2026-07-13 19:00:00+00,t,2026-07-13 14:34:57.204+00
b0a2ae5e-ba40-4815-ba43-1d5be13ce208,f1e5d585-403f-4d43-91cf-5c111c023d33,7b577c22-5513-42cc-ab19-2bf867e14ebc,13bbd043-efcc-4c8a-9edd-f34941547546,d97f16a7-e2f6-4194-9425-f82d793e73ce,2528e875-ab7b-4905-a98b-998a318b883e,0c96a57e-6cc1-400f-bf3a-5740b699ac21,0c96a57e-6cc1-400f-bf3a-5740b699ac21,t,2026-07-14 16:00:00+00,t,2026-07-13 17:21:01.973+00
32da4dbf-193a-4342-99ef-c73a1830df05,6c2e07de-0947-46c3-89e8-bcf23e160379,7b577c22-5513-42cc-ab19-2bf867e14ebc,13bbd043-efcc-4c8a-9edd-f34941547546,d97f16a7-e2f6-4194-9425-f82d793e73ce,2528e875-ab7b-4905-a98b-998a318b883e,0c96a57e-6cc1-400f-bf3a-5740b699ac21,0c96a57e-6cc1-400f-bf3a-5740b699ac21,t,2026-07-15 12:30:00+00,t,2026-07-13 17:23:31.152+00
8874f920-26ff-49eb-8b87-b03d11667a54,c86f65d8-aaf0-4215-84cd-5edad7503b9c,7b577c22-5513-42cc-ab19-2bf867e14ebc,a9c81e05-8b1a-47ad-a80d-dbc45603f068,d97f16a7-e2f6-4194-9425-f82d793e73ce,236ad193-19a5-4425-a354-f763852904d8,0c96a57e-6cc1-400f-bf3a-5740b699ac21,0c96a57e-6cc1-400f-bf3a-5740b699ac21,t,2026-07-14 17:00:00+00,t,2026-07-13 17:25:47.14+00
f2b801b6-3eb4-4f80-a2ef-a97b5866f607,5f4b3ec5-f473-4b60-9d1d-844ca745aeef,7b577c22-5513-42cc-ab19-2bf867e14ebc,a9c81e05-8b1a-47ad-a80d-dbc45603f068,d97f16a7-e2f6-4194-9425-f82d793e73ce,236ad193-19a5-4425-a354-f763852904d8,0c96a57e-6cc1-400f-bf3a-5740b699ac21,0c96a57e-6cc1-400f-bf3a-5740b699ac21,t,2026-07-14 13:00:00+00,t,2026-07-13 17:27:57.889+00
99c59082-d5cb-4aff-b7c2-43e693c4f19c,f7543eba-8b97-4121-86ef-ba75972cae04,7b577c22-5513-42cc-ab19-2bf867e14ebc,27edf455-e61a-48a9-a846-e2c6f42999b5,d97f16a7-e2f6-4194-9425-f82d793e73ce,2a72272f-56f2-4104-9952-5d3d8b19ff1d,0c96a57e-6cc1-400f-bf3a-5740b699ac21,0c96a57e-6cc1-400f-bf3a-5740b699ac21,t,2026-07-14 16:00:00+00,t,2026-07-13 19:10:06.9+00
8101e9da-175f-49d3-aaee-e65ed259f903,dca62680-9c67-4d73-aa7d-b5debb5d5f19,7b577c22-5513-42cc-ab19-2bf867e14ebc,13bbd043-efcc-4c8a-9edd-f34941547546,d97f16a7-e2f6-4194-9425-f82d793e73ce,2528e875-ab7b-4905-a98b-998a318b883e,0c96a57e-6cc1-400f-bf3a-5740b699ac21,0c96a57e-6cc1-400f-bf3a-5740b699ac21,t,2026-07-17 17:00:00+00,t,2026-07-15 11:55:42.626+00
355e16cd-077f-4501-b58c-ff35f5ac971d,1b5355dc-2747-4f2f-a5e9-977a4ab1bb73,7b577c22-5513-42cc-ab19-2bf867e14ebc,13bbd043-efcc-4c8a-9edd-f34941547546,d97f16a7-e2f6-4194-9425-f82d793e73ce,2528e875-ab7b-4905-a98b-998a318b883e,0c96a57e-6cc1-400f-bf3a-5740b699ac21,0c96a57e-6cc1-400f-bf3a-5740b699ac21,t,2026-07-15 17:30:00+00,t,2026-07-15 13:29:40.959+00
14ee6a5c-2ccb-4a50-a0cd-93bb2558861f,84c98922-135c-4dd1-8102-2c88b7d4e360,7b577c22-5513-42cc-ab19-2bf867e14ebc,13bbd043-efcc-4c8a-9edd-f34941547546,d97f16a7-e2f6-4194-9425-f82d793e73ce,2528e875-ab7b-4905-a98b-998a318b883e,0c96a57e-6cc1-400f-bf3a-5740b699ac21,0c96a57e-6cc1-400f-bf3a-5740b699ac21,t,2026-07-15 17:00:00+00,t,2026-07-15 13:33:57.289+00
f47a4493-8786-47dd-92cb-b90eae1cdae3,1783f689-f388-4807-8d99-e837175f4dfa,7b577c22-5513-42cc-ab19-2bf867e14ebc,a9c81e05-8b1a-47ad-a80d-dbc45603f068,d97f16a7-e2f6-4194-9425-f82d793e73ce,236ad193-19a5-4425-a354-f763852904d8,0c96a57e-6cc1-400f-bf3a-5740b699ac21,0c96a57e-6cc1-400f-bf3a-5740b699ac21,t,2026-07-15 18:00:00+00,t,2026-07-15 15:57:34.121+00
d1e272ae-7997-434e-b6a6-0d93e377d114,ddc983ac-3ca1-4722-a195-8b0b3222ea0b,7b577c22-5513-42cc-ab19-2bf867e14ebc,27edf455-e61a-48a9-a846-e2c6f42999b5,d97f16a7-e2f6-4194-9425-f82d793e73ce,2a72272f-56f2-4104-9952-5d3d8b19ff1d,0c96a57e-6cc1-400f-bf3a-5740b699ac21,0c96a57e-6cc1-400f-bf3a-5740b699ac21,t,2026-07-15 19:30:00+00,t,2026-07-15 19:08:21.384+00
282d6d9c-a7f3-43a7-bd12-545238c1ab24,fb7f21c4-4d25-4606-bd01-d3c8b5a9df97,7b577c22-5513-42cc-ab19-2bf867e14ebc,a9c81e05-8b1a-47ad-a80d-dbc45603f068,d97f16a7-e2f6-4194-9425-f82d793e73ce,236ad193-19a5-4425-a354-f763852904d8,0c96a57e-6cc1-400f-bf3a-5740b699ac21,0c96a57e-6cc1-400f-bf3a-5740b699ac21,t,2026-07-17 16:00:00+00,t,2026-07-16 16:48:24.519+00
adb0a665-4660-442b-91c6-76b9eabc153d,35c42209-34bb-489c-b0d4-846aa1332fb1,7b577c22-5513-42cc-ab19-2bf867e14ebc,a9c81e05-8b1a-47ad-a80d-dbc45603f068,d97f16a7-e2f6-4194-9425-f82d793e73ce,236ad193-19a5-4425-a354-f763852904d8,0c96a57e-6cc1-400f-bf3a-5740b699ac21,0c96a57e-6cc1-400f-bf3a-5740b699ac21,t,2026-07-17 17:00:00+00,t,2026-07-16 17:09:36.333+00
1aa6f4bb-7bd3-4708-805b-6b3b39e64882,84c23954-f43a-4db3-8e5d-b2083089072b,7b577c22-5513-42cc-ab19-2bf867e14ebc,27edf455-e61a-48a9-a846-e2c6f42999b5,d97f16a7-e2f6-4194-9425-f82d793e73ce,2a72272f-56f2-4104-9952-5d3d8b19ff1d,0c96a57e-6cc1-400f-bf3a-5740b699ac21,0c96a57e-6cc1-400f-bf3a-5740b699ac21,t,2026-07-17 16:30:00+00,t,2026-07-16 19:36:51.446+00
72f5e670-99cc-4a06-b828-bf5c20747cca,ed8bcbd9-01b8-4c29-8272-26ee45a9fffc,7b577c22-5513-42cc-ab19-2bf867e14ebc,13bbd043-efcc-4c8a-9edd-f34941547546,d97f16a7-e2f6-4194-9425-f82d793e73ce,2528e875-ab7b-4905-a98b-998a318b883e,0c96a57e-6cc1-400f-bf3a-5740b699ac21,0c96a57e-6cc1-400f-bf3a-5740b699ac21,t,2026-07-17 19:00:00+00,t,2026-07-17 12:24:19.647+00
03bd1192-7d70-4d4f-8bd4-e65db3e5fd60,c1e4139b-dc46-4a3c-9b5a-1892950c4e17,7b577c22-5513-42cc-ab19-2bf867e14ebc,27edf455-e61a-48a9-a846-e2c6f42999b5,d97f16a7-e2f6-4194-9425-f82d793e73ce,2a72272f-56f2-4104-9952-5d3d8b19ff1d,0c96a57e-6cc1-400f-bf3a-5740b699ac21,0c96a57e-6cc1-400f-bf3a-5740b699ac21,t,2026-07-20 13:00:00+00,t,2026-07-17 13:41:16.284+00
bff16047-e315-4e95-afc4-f2cb9b51465e,97144a8c-a22d-4a2c-89e6-c2329f0c4625,7b577c22-5513-42cc-ab19-2bf867e14ebc,27edf455-e61a-48a9-a846-e2c6f42999b5,d97f16a7-e2f6-4194-9425-f82d793e73ce,2a72272f-56f2-4104-9952-5d3d8b19ff1d,0c96a57e-6cc1-400f-bf3a-5740b699ac21,0c96a57e-6cc1-400f-bf3a-5740b699ac21,t,2026-07-17 21:00:00+00,t,2026-07-17 16:27:48.078+00
e74027c6-740d-4919-9f7b-15b593b69bfe,a4038e34-e9ae-4e96-8d11-ddafde3e0b1d,7b577c22-5513-42cc-ab19-2bf867e14ebc,760fc14a-229e-4212-9aa9-f90de968af69,d97f16a7-e2f6-4194-9425-f82d793e73ce,1ed74e00-4a16-47cb-84fc-8021943b5fa3,0c96a57e-6cc1-400f-bf3a-5740b699ac21,0c96a57e-6cc1-400f-bf3a-5740b699ac21,t,2026-07-21 11:00:00+00,t,2026-07-20 20:47:44.441+00
a5360240-3f25-4d01-a9fd-b3cef58e6e5e,5bd04c98-d077-4613-bcb7-290433bc54bb,7b577c22-5513-42cc-ab19-2bf867e14ebc,a9c81e05-8b1a-47ad-a80d-dbc45603f068,d97f16a7-e2f6-4194-9425-f82d793e73ce,236ad193-19a5-4425-a354-f763852904d8,0c96a57e-6cc1-400f-bf3a-5740b699ac21,0c96a57e-6cc1-400f-bf3a-5740b699ac21,t,2026-07-21 17:00:00+00,t,2026-07-21 13:11:52.379+00
11f76f53-6a61-4ae8-8d91-2ee31b3f8cff,598702d5-5e68-4228-b6b8-b5a3ba73a88c,7b577c22-5513-42cc-ab19-2bf867e14ebc,27edf455-e61a-48a9-a846-e2c6f42999b5,d97f16a7-e2f6-4194-9425-f82d793e73ce,2a72272f-56f2-4104-9952-5d3d8b19ff1d,0c96a57e-6cc1-400f-bf3a-5740b699ac21,0c96a57e-6cc1-400f-bf3a-5740b699ac21,t,2026-07-24 12:00:00+00,t,2026-07-21 21:32:09.487+00
38ec7e44-ae4b-4be9-8dd5-1320b5047317,821e5a2c-b621-4558-8c90-b34d2ca2838a,7b577c22-5513-42cc-ab19-2bf867e14ebc,a9c81e05-8b1a-47ad-a80d-dbc45603f068,d97f16a7-e2f6-4194-9425-f82d793e73ce,236ad193-19a5-4425-a354-f763852904d8,0c96a57e-6cc1-400f-bf3a-5740b699ac21,0c96a57e-6cc1-400f-bf3a-5740b699ac21,t,2026-07-22 17:00:00+00,t,2026-07-21 21:32:36.355+00
84190468-8c1a-47e2-8913-98e6c0342e17,a52e968a-fee6-4f5f-bb3e-f675a4a9beae,7b577c22-5513-42cc-ab19-2bf867e14ebc,760fc14a-229e-4212-9aa9-f90de968af69,d97f16a7-e2f6-4194-9425-f82d793e73ce,1ed74e00-4a16-47cb-84fc-8021943b5fa3,0c96a57e-6cc1-400f-bf3a-5740b699ac21,0c96a57e-6cc1-400f-bf3a-5740b699ac21,t,2026-07-23 13:00:00+00,t,2026-07-22 13:27:06.259+00
495bce83-849e-4d0a-a079-3ad7d4d4d470,7664a3f5-bf9b-40dd-af42-bbd444c0fd9e,7b577c22-5513-42cc-ab19-2bf867e14ebc,13bbd043-efcc-4c8a-9edd-f34941547546,d97f16a7-e2f6-4194-9425-f82d793e73ce,2528e875-ab7b-4905-a98b-998a318b883e,0c96a57e-6cc1-400f-bf3a-5740b699ac21,0c96a57e-6cc1-400f-bf3a-5740b699ac21,t,2026-07-23 18:00:00+00,t,2026-07-23 17:32:02.211+00
44e7bc00-b7f1-417d-9367-baca24bd8e5c,ccdd915a-2356-4201-a468-91cbd0c28e18,7b577c22-5513-42cc-ab19-2bf867e14ebc,760fc14a-229e-4212-9aa9-f90de968af69,d97f16a7-e2f6-4194-9425-f82d793e73ce,1ed74e00-4a16-47cb-84fc-8021943b5fa3,0c96a57e-6cc1-400f-bf3a-5740b699ac21,0c96a57e-6cc1-400f-bf3a-5740b699ac21,t,2026-07-23 21:00:00+00,t,2026-07-23 18:23:22.915+00
e15c04c8-ac2d-4094-8539-5e0ae967be6f,4e6c63df-7d7c-42df-86f8-ff4fee02ae70,7b577c22-5513-42cc-ab19-2bf867e14ebc,13bbd043-efcc-4c8a-9edd-f34941547546,d97f16a7-e2f6-4194-9425-f82d793e73ce,2528e875-ab7b-4905-a98b-998a318b883e,0c96a57e-6cc1-400f-bf3a-5740b699ac21,0c96a57e-6cc1-400f-bf3a-5740b699ac21,t,2026-07-23 18:30:00+00,t,2026-07-23 18:28:40.567+00
b19c1c2b-055c-420a-9cbb-1c155fc1d8f5,5cc6f6f4-0d3b-4ad9-8d93-c2c815bc7076,7b577c22-5513-42cc-ab19-2bf867e14ebc,760fc14a-229e-4212-9aa9-f90de968af69,d97f16a7-e2f6-4194-9425-f82d793e73ce,1ed74e00-4a16-47cb-84fc-8021943b5fa3,0c96a57e-6cc1-400f-bf3a-5740b699ac21,0c96a57e-6cc1-400f-bf3a-5740b699ac21,t,2026-07-27 13:00:00+00,t,2026-07-24 13:19:04.114+00
70accffc-62d0-4f5a-be07-0d9ac226ce93,9aaf8747-a577-4a51-83af-6a737003d105,7b577c22-5513-42cc-ab19-2bf867e14ebc,ebe67fdd-2e23-43c0-8e9b-8abec2682d09,d97f16a7-e2f6-4194-9425-f82d793e73ce,8794ad67-aa37-4f98-b1d3-bfd19ceaebf5,0c96a57e-6cc1-400f-bf3a-5740b699ac21,0c96a57e-6cc1-400f-bf3a-5740b699ac21,t,2026-07-29 13:30:00+00,t,2026-07-27 13:42:04.901+00
19e9aff5-606a-415f-87e3-405e1f52acec,b4472aeb-8f07-4351-9b84-f19f3db4e08c,7b577c22-5513-42cc-ab19-2bf867e14ebc,13bbd043-efcc-4c8a-9edd-f34941547546,d97f16a7-e2f6-4194-9425-f82d793e73ce,2528e875-ab7b-4905-a98b-998a318b883e,0c96a57e-6cc1-400f-bf3a-5740b699ac21,0c96a57e-6cc1-400f-bf3a-5740b699ac21,t,2026-07-29 14:30:00+00,t,2026-07-27 17:14:55.827+00
