id,profileId,status,consentVersion,consentedAt,declinedAt,dismissedAt,source,createdAt,updatedAt
557daa57-2992-44be-b492-aeef2d6e616e,3701fb6b-3cc7-42bb-b8b0-e4e3a48ea9dd,accepted,1.0,2026-06-29 11:58:43.621+00,,,login_prompt,2026-06-29 11:58:43.622+00,2026-06-29 11:58:43.622+00
03fe6c2a-b68c-4619-a1b1-46085918f2bb,f403ca0e-fcf6-474b-8fd4-29f5c412bb9a,accepted,1.0,2026-06-29 12:07:45.498+00,,,login_prompt,2026-06-29 12:07:45.499+00,2026-06-29 12:07:45.499+00
084da6ce-b400-4de9-b14d-0a3fb3d94a8f,46ac4762-5316-4504-992b-c35fb6ce5a7b,accepted,1.0,2026-06-29 12:12:25.243+00,,,login_prompt,2026-06-29 12:12:25.244+00,2026-06-29 12:12:25.244+00
8891ec2f-82ee-4042-8314-28c9504a550a,0adeb806-da8c-4772-9d50-27683509dd4e,dismissed,1.0,,,2026-07-27 13:42:55.885+00,login_prompt,2026-07-03 17:10:10.492+00,2026-07-27 13:42:55.886+00
d6150487-6583-4dfb-a5ac-72b9a34d5540,51066f77-6157-4002-aff4-877555bbb3ad,accepted,1.0,2026-06-29 12:33:19.998+00,,,login_prompt,2026-06-29 12:33:19.999+00,2026-06-29 12:33:19.999+00
6490f792-1304-4f93-a79d-299198af2884,1faaf4ba-2cc1-4969-be76-d8e765fc95ba,accepted,1.0,2026-06-29 12:43:04.145+00,,,login_prompt,2026-06-29 12:43:04.147+00,2026-06-29 12:43:04.147+00
25456bf8-d511-439f-878e-ecaf55cfce93,2a72272f-56f2-4104-9952-5d3d8b19ff1d,accepted,1.0,2026-06-29 12:53:20.485+00,,,login_prompt,2026-06-29 12:53:20.486+00,2026-06-29 12:53:20.486+00
0fbc1956-f188-4b2f-bbb7-8275c1e0a410,0c96a57e-6cc1-400f-bf3a-5740b699ac21,accepted,1.0,2026-06-29 13:42:43.627+00,,,login_prompt,2026-06-29 13:42:43.628+00,2026-06-29 13:42:43.628+00
fef32d56-a1de-49ca-a841-4082b0c9b4fb,b0737bfd-7bea-493b-8cfc-14946fcea8cd,accepted,1.0,2026-06-29 14:15:18.621+00,,,login_prompt,2026-06-29 14:15:18.624+00,2026-06-29 14:15:18.624+00
06e76ce9-439f-4322-b3ca-5b03042652f1,2528e875-ab7b-4905-a98b-998a318b883e,accepted,1.0,2026-06-29 14:19:42.836+00,,,login_prompt,2026-06-29 14:19:42.838+00,2026-06-29 14:19:42.838+00
8520e47f-45a2-40a8-93f4-90259ab5436b,b6617c09-9b4a-4ebc-bf50-e584b67edaa3,accepted,1.0,2026-06-29 14:41:45.18+00,,,login_prompt,2026-06-29 14:41:45.181+00,2026-06-29 14:41:45.181+00
581f0533-86cf-4d6a-a2d7-21667ec7cd24,fd63bafa-9a78-43fb-9311-f78b8cbfb667,accepted,1.0,2026-06-29 20:31:18.656+00,,,login_prompt,2026-06-29 20:31:18.657+00,2026-06-29 20:31:18.657+00
65f8ed38-4671-4715-bdb5-e007f59ccd2e,fd08f054-017a-4a75-8bd4-0034c582774d,accepted,1.0,2026-06-30 12:49:13.862+00,,,login_prompt,2026-06-30 12:49:13.863+00,2026-06-30 12:49:13.863+00
22946bfe-4eae-45be-96ab-3510a53b2a33,1ed74e00-4a16-47cb-84fc-8021943b5fa3,accepted,1.0,2026-06-30 13:06:17.253+00,,,login_prompt,2026-06-30 13:06:17.254+00,2026-06-30 13:06:17.254+00
29ea8c4b-8caf-4808-bc0c-9605024741f3,3870aadb-8625-4184-ac60-c6e20be4cdc5,accepted,1.0,2026-06-30 13:07:14.84+00,,,login_prompt,2026-06-30 13:07:14.841+00,2026-06-30 13:07:14.841+00
a4447aec-819d-410f-a1f6-8cabe3109c86,28e539ff-294f-4965-abb8-a1abfa17a076,accepted,1.0,2026-06-30 15:48:32.453+00,,,login_prompt,2026-06-30 15:48:32.454+00,2026-06-30 15:48:32.454+00
623c9937-2959-44e6-ac15-84942fa24213,c0daec83-b339-449f-9255-98985fbb7b60,accepted,1.0,2026-06-30 22:23:59.697+00,,,login_prompt,2026-06-30 22:23:59.699+00,2026-06-30 22:23:59.699+00
c2bce7fd-6b7a-41ef-8cc6-3cb200df9b09,2e6f6612-8033-42e0-b84d-b2ea8aded8ac,dismissed,1.0,,,2026-06-30 22:44:39.7+00,login_prompt,2026-06-30 22:44:39.702+00,2026-06-30 22:44:39.702+00
01a9a10a-3aff-4298-b7ef-c978064ea99d,d11dca3a-5828-47a7-a993-59fe383e36ba,accepted,1.0,2026-07-01 13:21:46.205+00,,,login_prompt,2026-07-01 13:21:46.207+00,2026-07-01 13:21:46.207+00
91c6ace3-4685-46c7-a47d-e948c7b4c880,df71451b-bcd2-4602-9b7b-230b32f08b65,accepted,1.0,2026-07-01 14:41:29.133+00,,,login_prompt,2026-07-01 14:41:29.134+00,2026-07-01 14:41:29.134+00
19e33c4d-161f-42fe-a8e9-7f9b6cccb35c,13c72ac4-202c-48e1-b9b0-e4ed7e6ee7c5,accepted,1.0,2026-07-01 15:05:38.5+00,,,login_prompt,2026-07-01 15:05:38.501+00,2026-07-01 15:05:38.501+00
ccc25df0-d03a-4b62-8c90-72adbf7653be,04b00ab5-856d-4f95-962b-e9d97b33f207,accepted,1.0,2026-07-01 19:27:49.376+00,,,login_prompt,2026-07-01 19:27:49.377+00,2026-07-01 19:27:49.377+00
9ce40ad2-2dd8-4fec-aec6-6ed8df6b411a,76e33705-980f-4c41-a0b3-3c25511b66cb,accepted,1.0,2026-07-01 21:27:21.259+00,,,login_prompt,2026-07-01 21:27:21.26+00,2026-07-01 21:27:21.26+00
a7e11f08-1e61-428f-b77c-a358a38eb05f,3f17eb42-de24-43c0-844f-e0f7296fb92c,accepted,1.0,2026-07-02 15:36:47.214+00,,,login_prompt,2026-07-02 15:36:47.215+00,2026-07-02 15:36:47.215+00
fbf9a1df-eeaf-4409-8b86-9ee25e16e9b3,bcf58dd1-b8c1-4e59-a257-4a72f695d7a1,accepted,1.0,2026-07-02 16:37:54.883+00,,,login_prompt,2026-07-02 16:37:54.884+00,2026-07-02 16:37:54.884+00
792f5d63-465e-442e-a23e-e202a9ecd67b,622792ae-2c9c-4456-8018-f733add31b7b,accepted,1.0,2026-07-03 12:19:57.023+00,,,login_prompt,2026-07-03 12:19:57.024+00,2026-07-03 12:19:57.024+00
d78543d0-9acf-4a9c-9239-a7347fbe6187,678b734f-19e2-4622-ab4e-fccd86f4877f,dismissed,1.0,,,2026-07-03 13:00:41.872+00,login_prompt,2026-07-03 13:00:41.873+00,2026-07-03 13:00:41.873+00
dc17a19a-a122-4d69-893f-0f4093d8d45e,c55a28b3-798e-45db-8129-8aeb8046dcd5,accepted,1.0,2026-07-03 15:08:53.03+00,,,login_prompt,2026-07-03 15:08:53.031+00,2026-07-03 15:08:53.031+00
ad03e2d0-0677-4451-abf0-75e66b73a52a,bcd8d8ed-7d85-4ef1-b232-2d78f1fd9636,dismissed,1.0,,,2026-07-03 16:59:23.576+00,login_prompt,2026-07-03 16:59:23.577+00,2026-07-03 16:59:23.577+00
9f39a981-a9b6-4d06-8068-33d6e4dffd18,ad6441cb-f477-404c-8dc4-400fcc9e3a7e,dismissed,1.0,,,2026-07-03 20:51:12.401+00,login_prompt,2026-07-03 20:51:12.403+00,2026-07-03 20:51:12.403+00
fd547bd4-ca3e-4afb-9c70-12de67a72fe9,37377abe-4302-4683-b26a-6277e0ee3fcc,dismissed,1.0,,,2026-07-06 11:36:50.963+00,login_prompt,2026-06-29 11:07:03.646+00,2026-07-06 11:36:50.964+00
2ed09f29-f4d8-425d-a70d-8047c4003c07,62a2569e-4be2-4326-bddd-3c6116ed18b0,declined,1.0,,2026-07-21 13:19:00.752+00,,login_prompt,2026-06-29 11:03:54.278+00,2026-07-21 13:19:00.753+00
6c7556ea-2714-4eb7-a2f0-1cd511aab201,bdcaf0e7-94cb-4745-ae1d-944ab5404b4d,accepted,1.0,2026-07-06 13:00:25.87+00,,,login_prompt,2026-06-29 12:14:53.148+00,2026-07-06 13:00:25.871+00
82fc6430-52ec-464b-9444-6266d599151e,b85e7fb2-5e76-433b-9bc6-8c5d1faacacc,dismissed,1.0,,,2026-07-06 13:41:51.385+00,login_prompt,2026-07-06 13:41:51.387+00,2026-07-06 13:41:51.387+00
123b4d80-6056-4c7f-a08f-c15121c86d6d,722da291-da15-4858-a74a-169c50dcc3b7,declined,1.0,,2026-07-06 13:58:48.474+00,,login_prompt,2026-06-29 12:10:19.735+00,2026-07-06 13:58:48.475+00
6fc9c750-1f05-4c2b-b6e1-9671a8a3be15,acac8fbf-d3b0-4728-8262-7d9eaaac3704,dismissed,1.0,,,2026-07-27 18:14:35.246+00,login_prompt,2026-06-30 18:17:07.795+00,2026-07-27 18:14:35.247+00
04860ad6-4107-468a-9551-434b37ee3d69,c7bf5dd7-bb6b-4135-845a-74e9481616c3,dismissed,1.0,,,2026-07-06 15:19:07.253+00,login_prompt,2026-06-29 12:16:53.155+00,2026-07-06 15:19:07.255+00
f0a248da-10b7-4100-8494-50cda7726573,d97f16a7-e2f6-4194-9425-f82d793e73ce,accepted,1.0,2026-07-06 15:20:44.169+00,,,login_prompt,2026-06-29 12:01:47.34+00,2026-07-06 15:20:44.171+00
1a00ab43-2c8b-45a2-9411-af54eac4fa9d,213d38b5-131f-4f69-a847-04bf5a759782,dismissed,1.0,,,2026-07-06 15:37:35.239+00,login_prompt,2026-07-06 15:37:35.24+00,2026-07-06 15:37:35.24+00
cbd57bcf-d93d-4670-871f-927c9f228640,bcfd95e5-293e-46d0-a33b-406bf7824b07,accepted,1.0,2026-07-06 16:48:35.245+00,,,login_prompt,2026-07-06 16:48:35.246+00,2026-07-06 16:48:35.246+00
b9646438-ff73-4f9f-bf5d-d6d1a9636be8,c1f13659-b28c-4d50-8375-5bf200294992,dismissed,1.0,,,2026-07-21 20:57:59.302+00,login_prompt,2026-06-29 20:55:14.247+00,2026-07-21 20:57:59.304+00
99450293-1c6b-43fb-b4b9-8847c80f35cc,9647402f-c830-48fb-92a7-e1e0f719045f,accepted,1.0,2026-07-06 20:40:14.448+00,,,login_prompt,2026-07-06 20:40:14.449+00,2026-07-06 20:40:14.449+00
d70564e4-577b-406c-9396-7d036fc183fd,ea9a61b8-1405-46fd-b640-6e2a9d4db8cb,accepted,1.0,2026-07-22 13:06:52.911+00,,,login_prompt,2026-07-07 15:28:55.188+00,2026-07-22 13:06:52.912+00
d4779759-384b-4472-abe2-183bb177f3b3,ffd767a5-8f34-4ccf-b35e-a12c01c0a4ce,dismissed,1.0,,,2026-07-07 12:07:01.348+00,login_prompt,2026-07-07 12:07:01.35+00,2026-07-07 12:07:01.35+00
3157485f-6888-4115-9581-dd3e58ad864c,1342b17d-f465-4fa8-a88f-2d4c62282bdc,dismissed,1.0,,,2026-07-07 13:14:06.036+00,login_prompt,2026-06-30 11:57:45.696+00,2026-07-07 13:14:06.037+00
7a59fb17-8ecc-48a1-85d3-2e89ca1f1f8c,493aecc1-6791-4d62-bc63-f4f55c78e44e,dismissed,1.0,,,2026-07-07 13:58:14.232+00,login_prompt,2026-06-29 10:54:50.015+00,2026-07-07 13:58:14.233+00
c997aa35-02e6-455c-9276-1fd03b3d4c43,72aeb445-484f-4979-8c2a-d34ec40b22b0,dismissed,1.0,,,2026-07-22 13:58:34.396+00,login_prompt,2026-07-02 17:07:02.596+00,2026-07-22 13:58:34.397+00
047a9edd-f660-4318-bf5d-1fab253a8dc0,d9fa9d1e-a215-4c32-955d-45e90512c6a2,dismissed,1.0,,,2026-07-22 16:45:50.386+00,login_prompt,2026-07-07 15:10:33.824+00,2026-07-22 16:45:50.387+00
e239de3c-4822-43bd-b7f1-c65d2d05bfe0,236ad193-19a5-4425-a354-f763852904d8,dismissed,1.0,,,2026-07-17 12:33:00.722+00,login_prompt,2026-07-08 17:26:35.216+00,2026-07-17 12:33:00.723+00
b5e1f79a-3640-4fc0-ae89-42f504b434fc,ed586056-17ca-4287-936a-c16e642c63a6,dismissed,1.0,,,2026-07-09 14:02:56.562+00,login_prompt,2026-07-09 14:02:56.564+00,2026-07-09 14:02:56.564+00
dd56acad-7b5a-47a7-b122-5d94e1e1b132,5eaffc5c-1b1d-4609-9901-7e0c3a63caa8,dismissed,1.0,,,2026-07-17 20:05:17.882+00,login_prompt,2026-06-29 13:20:00.767+00,2026-07-17 20:05:17.883+00
cfe5fa83-305b-4a29-8d36-4fc487532d40,40e83a63-14e3-4b21-bf74-fdd96b791fc9,dismissed,1.0,,,2026-07-21 20:01:57.08+00,login_prompt,2026-06-29 18:03:22.88+00,2026-07-21 20:01:57.081+00
27739b53-bb94-42a5-afe8-74fc1b0e2bb2,fc017fe5-c0fd-4022-bf36-9cb2fdb55195,dismissed,1.0,,,2026-07-21 15:46:30.501+00,login_prompt,2026-06-29 13:29:39.955+00,2026-07-21 15:46:30.502+00
25aec580-2abf-4cfd-a58a-03387a5ecb1c,9b5aa503-44ec-40de-9ceb-b1475639767e,dismissed,1.0,,,2026-07-10 20:37:07.402+00,login_prompt,2026-06-30 14:26:18.931+00,2026-07-10 20:37:07.404+00
b0003146-cc4e-49df-8077-2c96ecf028bb,2c3a1ece-7645-4b06-b934-d38429949296,accepted,1.0,2026-07-13 13:24:24.042+00,,,login_prompt,2026-06-29 12:21:10.94+00,2026-07-13 13:24:24.043+00
9974a38c-8296-4ae2-b31d-48a4ed9ff6f8,7485599c-ad1e-42ba-91ef-7a71fddfa4f4,accepted,1.0,2026-07-14 10:54:24.767+00,,,login_prompt,2026-07-03 20:23:49.732+00,2026-07-14 10:54:24.768+00
3f928e55-3d65-41fc-be74-5c5b4668ee1f,88826808-567c-46b2-b41d-2168ef6c85d2,accepted,1.0,2026-07-14 14:19:52.868+00,,,login_prompt,2026-06-29 12:17:51.418+00,2026-07-14 14:19:52.87+00
b4b3d46c-f6a3-47bc-baf9-59f59f0559b9,678c949f-b372-4aba-9d9b-26d422134531,dismissed,1.0,,,2026-07-15 00:29:23.877+00,login_prompt,2026-06-29 12:30:44.335+00,2026-07-15 00:29:23.878+00
44e16e65-a74e-41cc-b0f9-475187ac6985,3b5afa2c-25d7-4c8b-9c26-ea0b2d4139d7,dismissed,1.0,,,2026-07-24 17:49:00.821+00,login_prompt,2026-07-06 16:25:44.651+00,2026-07-24 17:49:00.822+00
4935e35e-4de7-4702-b074-43973fc92034,98e2449f-aab7-48a8-8793-9f669f53ac5e,dismissed,1.0,,,2026-07-15 13:39:15.766+00,login_prompt,2026-07-07 19:47:39.379+00,2026-07-15 13:39:15.767+00
756dafaa-5211-4e7c-8fe7-3c1bb5d01535,8db234c2-f38d-4783-aca0-c9e566a4cd53,dismissed,1.0,,,2026-07-16 17:26:28.504+00,login_prompt,2026-07-02 12:51:54.682+00,2026-07-16 17:26:28.505+00
ad8dcd7b-d210-4426-a5b4-0cf829e52c14,2f940451-4cf3-44e3-9040-07942e4146c1,dismissed,1.0,,,2026-07-17 16:59:19.79+00,login_prompt,2026-06-30 15:00:02.046+00,2026-07-17 16:59:19.791+00
d1e85e6f-9190-4b30-8a5c-76a55c4ba722,87a43e47-33e7-4623-90d0-260dfdf5c5bf,accepted,1.0,2026-07-21 16:41:52.272+00,,,login_prompt,2026-06-30 17:37:01.289+00,2026-07-21 16:41:52.273+00
14676d41-1895-4269-9a56-5990af51a4d2,8474aaf6-e7d1-4165-9bef-bf76bc701038,accepted,1.0,2026-07-22 12:01:50.083+00,,,settings_sheet,2026-06-29 03:10:28.881+00,2026-07-22 12:01:50.084+00
7ed06204-27fd-4ce9-a369-4a45e6397ea8,e50fcb28-10bf-4ad0-809a-1785d438b3c1,accepted,1.0,2026-07-10 19:52:16.696+00,,,login_prompt,2026-07-10 19:52:16.697+00,2026-07-10 19:52:16.697+00
be1f497d-f577-4ad1-a587-7689a04644ed,7f87b999-6509-4e17-8bb0-15b51121ff89,accepted,1.0,2026-07-13 12:47:41.425+00,,,login_prompt,2026-07-13 12:47:41.426+00,2026-07-13 12:47:41.426+00
079bb7b4-3a7a-4509-8921-aa58cb2f25d7,52151fdc-3a33-4ef1-88ef-f9eab136531c,accepted,1.0,2026-07-13 16:42:28.777+00,,,login_prompt,2026-07-13 16:42:28.778+00,2026-07-13 16:42:28.778+00
f41cf5e9-46da-4cce-a7ff-a948338907ff,0ece46cd-9571-4f7f-8043-c1f2249b6cf9,accepted,1.0,2026-07-13 19:59:09.362+00,,,login_prompt,2026-07-13 19:59:09.363+00,2026-07-13 19:59:09.363+00
960cd643-83b6-4b76-b33b-abb757669f27,9378bd85-5226-4d0b-ad20-0444d71b19fc,declined,1.0,,2026-07-15 14:16:16.509+00,,login_prompt,2026-07-15 14:16:16.51+00,2026-07-15 14:16:16.51+00
1b8551c2-e721-48c7-9078-7a30c5e5a2db,4c1d6869-b323-4864-80a4-fe459ed57fe7,accepted,1.0,2026-07-15 14:27:51.149+00,,,login_prompt,2026-07-15 14:27:51.15+00,2026-07-15 14:27:51.15+00
d555cb04-6abc-47f3-98af-85ab38472669,e667a43d-c03d-4aa3-8917-d746a0582759,accepted,1.0,2026-07-16 14:12:20.309+00,,,login_prompt,2026-07-16 14:12:20.31+00,2026-07-16 14:12:20.31+00
0d081cc8-ff73-4ce4-b87d-dcd9f22f6c96,7d593222-6286-4f16-9e99-8204ad0b8c93,dismissed,1.0,,,2026-07-16 17:59:52.724+00,login_prompt,2026-07-16 17:59:52.725+00,2026-07-16 17:59:52.725+00
55ffbb07-f80a-45e5-8ad3-8ff604431009,08c65746-17f1-487e-b488-17cea01e4b51,dismissed,1.0,,,2026-07-17 17:49:42.59+00,login_prompt,2026-07-17 17:49:42.591+00,2026-07-17 17:49:42.591+00
5a701156-6ea8-4f60-8c56-ab6c754dc296,0e2a45ad-2133-4d3e-822a-b61d069d1e56,dismissed,1.0,,,2026-07-20 13:19:12.191+00,login_prompt,2026-07-01 18:36:37.809+00,2026-07-20 13:19:12.192+00
af0e7758-12b6-4f10-a2c1-1390ce6ddd37,8396bd66-e3ed-4593-b985-3e380cd308eb,dismissed,1.0,,,2026-07-20 13:34:15.611+00,login_prompt,2026-07-13 13:11:21.776+00,2026-07-20 13:34:15.612+00
f30ac378-90a5-4ac8-8944-24d878a1315e,2b693dc7-4ed1-41ec-8c1e-2ba37cc6ce45,declined,1.0,,2026-07-21 10:33:48.066+00,,login_prompt,2026-07-21 10:33:48.067+00,2026-07-21 10:33:48.067+00
6e56ea32-6775-4dbc-bf74-c755ede3d803,a3983ca7-5f03-4e34-a252-34966166750b,dismissed,1.0,,,2026-07-21 15:12:18.787+00,login_prompt,2026-07-13 17:42:27.973+00,2026-07-21 15:12:18.788+00
7e62d756-4d26-4e66-bc1e-a671b7c17574,9446c620-debd-44d9-bab5-d30947d6ce1b,dismissed,1.0,,,2026-07-21 15:47:06.431+00,login_prompt,2026-07-14 14:59:58.253+00,2026-07-21 15:47:06.432+00
e8731ea2-5375-422b-b42b-96efb750b6d5,5b023c7d-ec7f-4508-bd45-f33933846592,accepted,1.0,2026-07-21 15:55:03.182+00,,,login_prompt,2026-07-21 15:55:03.183+00,2026-07-21 15:55:03.183+00
4be4e1c8-4e60-4b53-b613-12d4225f15b9,a204e374-ff36-435a-9c05-b1b51c28b638,accepted,1.0,2026-07-22 00:25:29.972+00,,,login_prompt,2026-07-22 00:25:29.973+00,2026-07-22 00:25:29.973+00
9398745e-0388-452c-9286-6dbef330a4d2,deb4b717-b1e3-4989-ada1-2baf4643e314,declined,1.0,,2026-07-22 11:48:24.199+00,,login_prompt,2026-07-14 14:48:44.351+00,2026-07-22 11:48:24.201+00
fb5fa2a8-b57a-4d51-8d8d-3bc76878b0f5,c3d45b33-11c7-49bc-abfa-62a13f1f957a,dismissed,1.0,,,2026-07-22 13:19:27.785+00,login_prompt,2026-07-22 13:19:27.786+00,2026-07-22 13:19:27.786+00
f591e668-dd54-42da-8d9f-ec5735b6c3f9,3dd22c56-67d0-4ce5-abfe-d8d784d2d709,accepted,1.0,2026-07-22 14:37:58.34+00,,,login_prompt,2026-07-22 14:37:58.341+00,2026-07-22 14:37:58.341+00
f4df1607-b991-422b-8e1c-36d3af46818f,c2a61703-bb90-4f67-939d-e89a7d3b68f9,accepted,1.0,2026-07-24 17:37:11.718+00,,,login_prompt,2026-07-24 17:37:11.719+00,2026-07-24 17:37:11.719+00
f0d5b50b-9b3a-4648-b134-498186ab125c,f94a3014-2ada-4aea-958e-49294fe7dc16,accepted,1.0,2026-07-24 17:59:33.381+00,,,login_prompt,2026-07-24 17:59:33.382+00,2026-07-24 17:59:33.382+00
94e5caf8-bccf-4679-9ca1-db506a3cf6ee,8794ad67-aa37-4f98-b1d3-bfd19ceaebf5,accepted,1.0,2026-07-24 19:31:13.042+00,,,settings_sheet,2026-07-24 19:24:34.618+00,2026-07-24 19:31:13.043+00
5e936207-63c1-4b3d-949a-fb500fec11d1,34d5a729-8a6b-4412-8cf4-6b0003e7e6bc,dismissed,1.0,,,2026-07-27 12:57:27.142+00,login_prompt,2026-07-27 12:57:27.145+00,2026-07-27 12:57:27.145+00
6133f4c8-1a0e-434b-a1b3-a88ed8f13030,193d76db-5754-4d89-b93d-862b0b7a0e48,declined,1.0,,2026-07-27 13:56:45.871+00,,login_prompt,2026-07-27 13:56:45.872+00,2026-07-27 13:56:45.872+00
6a899887-7324-4997-8cd1-bb052393dc24,687c435a-65db-4384-9def-f04e812ed0af,accepted,1.0,2026-07-27 17:11:17.323+00,,,login_prompt,2026-07-27 17:11:17.325+00,2026-07-27 17:11:17.325+00
